mtllib materials.mtl
v -0.1014624 -0.003861427 0.04812205
v -0.1014624 -0.02738607 0.04181862
v -0.266215 -0.02738595 0.0418185
v -0.266215 -0.003861308 0.04812193
v -0.2538388 -0.003861308 0.04812193
v -0.1326505 -0.003861427 0.04812205
v -0.1014624 -0.04460728 0.02459741
v -0.1326505 -0.04460728 0.02459741
v -0.2538388 -0.04460728 0.02459729
v -0.2662151 -0.04460728 0.02459717
v -0.1014624 -0.05091071 0.001072764
v -0.1326505 -0.05091071 0.001072764
v -0.1014624 -0.04460728 -0.02245188
v -0.266215 -0.04460716 -0.022452
v -0.266215 -0.05091059 0.001072645
v -0.2538388 -0.05091059 0.001072645
v -0.1014624 -0.02738607 -0.03967309
v -0.1326505 -0.02738607 -0.03967309
v -0.2538388 -0.02738595 -0.03967321
v -0.266215 -0.02738595 -0.03967321
v -0.1014624 -0.003861427 -0.04597652
v -0.1326505 -0.003861427 -0.04597652
v -0.1014624 0.01966321 -0.03967309
v -0.1426505 0.01966321 -0.03967309
v -0.1838387 0.01966321 -0.03967321
v -0.2662151 0.01966321 -0.03967333
v -0.2662151 -0.003861427 -0.04597664
v -0.2538388 -0.003861427 -0.04597664
v -0.1014624 0.02827382 -0.03106248
v -0.1426505 0.02827382 -0.03106248
v -0.1014624 0.03688443 -0.02245188
v -0.1014624 0.04318786 0.001072764
v -0.1014624 0.05251801 -0.001427293
v -0.1014624 0.04936635 -0.01318955
v -0.1014624 0.04621458 -0.02495193
v -0.1014624 0.0400362 0.01283503
v -0.1426505 0.0400362 0.01283503
v -0.1526505 0.04318786 0.001072764
v -0.1014624 0.03688443 0.02459741
v -0.1014624 0.01966321 0.04181862
v -0.1326505 0.01966321 0.04181862
v -0.2538388 0.01966321 0.0418185
v -0.266215 0.01966321 0.0418185
v -0.2662151 0.03688455 0.02459729
v -0.1838387 0.03688443 0.02459741
v -0.1426505 0.03688443 0.02459741
v -0.06617546 0.03688478 0.02459741
v -0.06617546 0.01966345 0.04181862
v -0.277977 -0.02272594 0.03374696
v -0.2779771 -0.003861547 0.03880191
v -0.2779771 -0.03653562 0.01993728
v -0.2779771 -0.04159033 0.001072884
v -0.277977 -0.0365355 -0.01779139
v -0.277977 -0.02272594 -0.03160119
v -0.2779771 -0.003861547 -0.0366559
v -0.2779771 0.01500273 -0.03160119
v -0.266215 0.03688455 -0.02245188
v -0.2779771 0.02881253 -0.01779139
v -0.266215 0.04318786 0.001072764
v -0.2779771 0.03386736 0.001073003
v -0.2779771 0.02881265 0.01993728
v -0.277977 0.01500273 0.03374696
v -0.2897395 -0.02668762 0.04060888
v -0.2897397 -0.003861666 0.04672527
v -0.2897397 -0.04339743 0.02389908
v -0.2897397 -0.04951358 0.001073241
v -0.2897395 -0.04339719 -0.02175272
v -0.2897395 -0.02668762 -0.03846252
v -0.2897397 -0.003861666 -0.04457867
v -0.2897397 0.01896417 -0.03846252
v -0.2897397 0.03567398 -0.02175272
v -0.2897397 0.04179037 0.00107336
v -0.2897397 0.0356741 0.02389908
v -0.2897395 0.01896417 0.04060888
v -0.3015021 -0.02235067 0.03309739
v -0.3015023 -0.003861666 0.03805172
v -0.3015023 -0.03588557 0.01956248
v -0.3015023 -0.04083967 0.00107348
v -0.3015021 -0.03588545 -0.01741552
v -0.3015021 -0.02235067 -0.03095043
v -0.3015022 -0.003861666 -0.03590453
v -0.3015022 0.01462722 -0.03095043
v -0.3015022 0.02816224 -0.01741552
v -0.3015022 0.03311658 0.001073599
v -0.3015022 0.02816236 0.01956248
v -0.3015021 0.01462722 0.03309739
v -0.3132647 -0.02623355 0.03982258
v -0.3132648 -0.003862023 0.04581738
v -0.3132648 -0.04261088 0.02344537
v -0.3132648 -0.04860532 0.001073718
v -0.3132647 -0.04261076 -0.02129781
v -0.3132647 -0.02623355 -0.03767514
v -0.3132648 -0.003862023 -0.04366958
v -0.3132648 0.01850963 -0.03767514
v -0.3132648 0.03488696 -0.02129781
v -0.3132648 0.04088163 0.001073837
v -0.3132648 0.03488708 0.02344537
v -0.3132647 0.01850963 0.03982258
v -0.3250273 -0.02198315 0.03246069
v -0.3250275 -0.003862143 0.03731644
v -0.3250275 -0.03524876 0.01919508
v -0.3250275 -0.04010427 0.001074076
v -0.3250273 -0.03524864 -0.01704693
v -0.3250273 -0.02198315 -0.03031254
v -0.3250275 -0.003862143 -0.03516805
v -0.3250275 0.01425886 -0.03031254
v -0.3250275 0.02752447 -0.01704693
v -0.3250275 0.03238022 0.001074195
v -0.3250275 0.02752459 0.01919508
v -0.3250273 0.01425886 0.03246069
v -0.3485522 -0.02198315 0.03246117
v -0.3485523 -0.003862143 0.03731692
v -0.3485523 -0.03524876 0.01919568
v -0.3485523 -0.04010427 0.001074553
v -0.3485522 -0.03524864 -0.01704633
v -0.3485522 -0.02198315 -0.03031206
v -0.3485523 -0.003862143 -0.03516746
v -0.3485523 0.01425886 -0.03031206
v -0.3485523 0.02752447 -0.01704633
v -0.3485523 0.03238022 0.001074672
v -0.3485523 0.02752459 0.01919568
v -0.3485522 0.01425886 0.03246117
v -0.3720771 -0.02198327 0.03246176
v -0.3720772 -0.003862262 0.03731751
v -0.3720772 -0.03524888 0.01919615
v -0.3720772 -0.04010439 0.001075149
v -0.3720771 -0.03524876 -0.01704574
v -0.3720771 -0.02198327 -0.03031147
v -0.3720772 -0.003862262 -0.03516698
v -0.3720772 0.01425874 -0.03031147
v -0.3720772 0.02752435 -0.01704574
v -0.3720772 0.0323801 0.001075268
v -0.3720772 0.02752447 0.01919615
v -0.3720771 0.01425874 0.03246176
v -0.3838394 -0.02000821 0.02904081
v -0.3838395 -0.003862381 0.0333674
v -0.3838395 -0.03182781 0.01722121
v -0.3838395 -0.03615415 0.001075387
v -0.3838395 -0.03182769 -0.0150702
v -0.3838395 -0.02000821 -0.02689004
v -0.3838395 -0.003862381 -0.03121626
v -0.3838395 0.01228344 -0.02689004
v -0.3838395 0.02410305 -0.0150702
v -0.3838395 0.02842963 0.001075625
v -0.3838395 0.02410316 0.01722121
v -0.3838394 0.01228344 0.02904081
v -0.3956017 -0.02162313 0.0318377
v -0.3956019 -0.003862739 0.03659689
v -0.3956019 -0.0346247 0.01883614
v -0.3956019 -0.03938365 0.001075745
v -0.3956019 -0.03462446 -0.01668453
v -0.3956017 -0.02162313 -0.02968621
v -0.3956019 -0.003862739 -0.03444529
v -0.3956019 0.01389766 -0.02968621
v -0.3956019 0.02689922 -0.01668453
v -0.3956019 0.03165853 0.001075864
v -0.3956019 0.02689946 0.01883614
v -0.3956017 0.01389766 0.0318377
v -0.4308887 -0.02162421 0.03183854
v -0.4308888 -0.003863811 0.03659773
v -0.4308888 -0.03462577 0.01883698
v -0.4308888 -0.03938472 0.001076579
v -0.4308888 -0.03462565 -0.0166837
v -0.4308887 -0.02162421 -0.02968538
v -0.4308888 -0.003863811 -0.03444433
v -0.4308888 0.01389658 -0.02968538
v -0.4308888 0.02689815 -0.0166837
v -0.4308888 0.03165746 0.001076698
v -0.4308888 0.02689826 0.01883698
v -0.4308887 0.01389658 0.03183854
v -0.06617546 0.0431881 0.001072764
v -0.06617546 0.03688478 -0.02245188
v -0.06617546 0.01966345 -0.03967309
v -0.06617546 -0.003861189 -0.0459764
v -0.06617546 -0.02738571 -0.03967309
v -0.06617546 -0.04460704 -0.02245188
v -0.06617546 -0.05091035 0.001072764
v -0.06617546 -0.04460704 0.02459741
v -0.06617546 -0.02738571 0.04181862
v -0.06617546 -0.003861189 0.04812193
v -0.05441344 0.02584231 0.01822221
v -0.05441344 0.01328802 0.0307765
v -0.05441344 0.03043747 0.001072764
v -0.05441344 0.02584231 -0.01607668
v -0.05441344 0.01328802 -0.02863097
v -0.05441344 -0.003861427 -0.03322613
v -0.05441344 -0.02101076 -0.02863097
v -0.05441344 -0.03356516 -0.01607668
v -0.05441344 -0.0381602 0.001072764
v -0.05441344 -0.03356516 0.01822221
v -0.05441344 -0.02101076 0.0307765
v -0.05441344 -0.003861427 0.03537166
v -0.04265118 0.02584219 0.01822221
v -0.04265118 0.01956499 0.02449942
v -0.04265118 0.0132879 0.0307765
v -0.04265118 0.03043771 0.001072764
v -0.04265118 0.02814007 0.009647489
v -0.04265118 0.02584243 0.01822221
v -0.04265118 0.01328814 -0.02863097
v -0.04265118 0.01956534 -0.02235389
v -0.04265118 0.02584243 -0.01607668
v -0.04265118 -0.02101088 -0.02863097
v -0.04265118 -0.01243615 -0.03092861
v -0.04265118 -0.003861547 -0.03322613
v -0.04265118 -0.03816032 0.001072764
v -0.04265118 -0.03586292 -0.00750196
v -0.04265118 -0.03356528 -0.01607668
v -0.04265118 -0.02101088 0.0307765
v -0.04265118 -0.02728808 0.02449954
v -0.04265118 -0.03356528 0.01822221
v -0.04265118 -0.003861547 0.03537166
v -0.04265118 -0.01243615 0.03307414
v -0.04265118 -0.02613926 0.02250969
v -0.04265118 -0.01871347 0.02679694
v -0.04265118 -0.01128769 0.0310843
v -0.04265118 -0.003861547 0.03537166
v -0.04265118 0.003564358 0.0310843
v -0.04265118 0.01099026 0.02679694
v -0.04265118 0.01841629 0.02250969
v -0.04265118 0.004713178 0.03307414
v -0.0308888 0.01099026 0.02679694
v -0.03088892 0.0132879 0.0307765
v -0.04265118 0.02584243 -0.01607668
v -0.04265118 0.02814007 -0.00750196
v -0.04265118 0.02584243 0.009647489
v -0.04265118 0.02584243 0.001072764
v -0.04265118 0.02584243 -0.00750196
v -0.04265118 -0.003861308 -0.03322613
v -0.04265118 0.004713297 -0.03092861
v -0.04265118 0.01841652 -0.02036417
v -0.04265118 0.01099062 -0.02465141
v -0.04265118 0.003564596 -0.02893877
v -0.04265118 -0.03356528 -0.01607668
v -0.04265118 -0.02728808 -0.02235389
v -0.04265118 -0.01128745 -0.02893877
v -0.04265118 -0.01871347 -0.02465141
v -0.04265118 -0.02613938 -0.02036417
v -0.04265118 -0.03356528 0.01822221
v -0.04265118 -0.03586292 0.009647489
v -0.04265118 -0.03356528 -0.00750196
v -0.04265118 -0.03356528 0.001072764
v -0.04265118 -0.03356528 0.009647489
v -0.0308888 0.01956558 0.02449942
v -0.03088892 0.0132885 0.0307765
v -0.03088892 0.003564358 0.0310843
v -0.03088892 0.004713178 0.03307414
v -0.0308888 0.01841676 0.02250969
v -0.0308888 0.01099086 0.02679694
v -0.0308888 0.02814007 -0.00750196
v -0.03088892 0.03043771 0.001072764
v -0.03088892 0.03043771 0.001072764
v -0.03088892 0.02814007 0.009647489
v -0.03088892 0.02584243 0.001072764
v -0.03088892 0.02584243 0.009647489
v -0.0308888 0.02584243 -0.00750196
v -0.03088892 0.02584243 0.001072764
v -0.03088892 -0.01243615 0.03307414
v -0.03088892 -0.02101088 0.0307765
v -0.03088892 -0.02101076 0.0307765
v -0.03088892 -0.02728784 0.02449954
v -0.03088892 -0.01128769 0.0310843
v -0.03088892 -0.01871347 0.02679694
v -0.03088892 -0.01871324 0.02679694
v -0.03088892 -0.02613914 0.02250969
v -0.03088892 -0.03586292 0.009647489
v -0.03088892 -0.03816032 0.001072764
v -0.03088892 -0.03816032 0.001072764
v -0.0308888 -0.03586292 -0.00750196
v -0.03088892 -0.03356528 0.009647489
v -0.03088892 -0.03356528 0.001072764
v -0.03088892 -0.03356528 0.001072764
v -0.0308888 -0.03356528 -0.00750196
v -0.03088892 -0.02728856 -0.02235389
v -0.03088892 -0.02101147 -0.02863097
v -0.03088892 -0.02101088 -0.02863097
v -0.03088892 -0.01243615 -0.03092861
v -0.03088892 -0.02613997 -0.02036417
v -0.03088892 -0.01871395 -0.02465141
v -0.03088892 -0.01871347 -0.02465141
v -0.03088892 -0.01128745 -0.02893877
v -0.0308888 0.004713297 -0.03092861
v -0.0308888 0.01328814 -0.02863097
v -0.0308888 0.01328814 -0.02863097
v -0.0308888 0.01956534 -0.02235389
v -0.0308888 0.01099062 -0.02465141
v -0.0308888 0.01841652 -0.02036417
v -0.0308888 0.003564596 -0.02893877
v -0.0308888 0.01099062 -0.02465141
v -0.2538387 0.04318786 0.001072764
v -0.2538387 0.03688455 -0.02245188
v -0.2538387 0.0338577 0.003572702
v -0.1526505 0.0338577 0.003572702
v -0.1526505 0.04501808 0.01790285
v -0.1014624 0.04501808 0.01790285
v -0.1526505 0.03688443 -0.02245188
v -0.1526505 0.04621458 -0.02495193
v -0.1526505 0.04936635 -0.01318955
v -0.1526505 0.05251801 -0.001427293
v -0.1014624 0.03371453 -0.03428209
v -0.1526505 0.03371453 -0.03428209
v -0.1270565 0.04936635 -0.01318955
v -0.1270565 0.04621458 -0.02495193
v -0.1398535 0.05251801 -0.001427293
v -0.1270565 0.05251801 -0.001427293
v -0.1398535 0.04621458 -0.02495193
v -0.1398535 0.04936635 -0.01318955
v -0.2538387 0.02755439 -0.01995194
v -0.2538387 0.02913022 -0.01407075
v -0.2538387 0.03070605 -0.008189678
v -0.2538387 0.03228188 -0.002308488
v -0.1526505 0.02755427 -0.01995194
v -0.1326505 0.04318798 0.001072764
v -0.1326505 0.03688455 -0.02245188
v -0.2538387 0.04318786 0.001072645
v -0.1526505 0.04318786 0.001072645
v -0.1326505 0.03385782 0.003572702
v -0.1526505 0.03228188 -0.002308488
v -0.1526506 0.04161191 -0.004808545
v -0.1526506 0.04318774 0.001072645
v -0.1326505 0.02755439 -0.01995194
v -0.1326505 0.03228199 -0.002308488
v -0.1326505 0.03070605 -0.008189678
v -0.1326505 0.02913022 -0.01407075
v -0.2538388 -0.00136137 -0.03664649
v -0.1326505 -0.00136137 -0.03664637
v -0.2538388 -0.02488589 -0.03034306
v -0.2538388 -0.0190047 -0.03191888
v -0.2538388 -0.01312363 -0.03349471
v -0.2538388 -0.00724256 -0.03507066
v -0.1326505 -0.02488601 -0.03034294
v -0.1326505 -0.00724256 -0.03507054
v -0.1326505 -0.01312363 -0.03349471
v -0.1326505 -0.01900482 -0.03191876
v -0.2538388 -0.003861308 -0.04597664
v -0.1326505 -0.003861308 -0.04597652
v -0.2538388 -0.04158044 -0.001427293
v -0.1326505 -0.04158056 -0.001427174
v -0.2538388 -0.03527713 0.02209735
v -0.2538388 -0.03685296 0.01621616
v -0.2538388 -0.03842878 0.01033497
v -0.2538388 -0.04000461 0.004453897
v -0.1326505 -0.03527713 0.02209747
v -0.1326505 -0.04000473 0.004454017
v -0.1326505 -0.0384289 0.01033521
v -0.1326505 -0.03685308 0.01621628
v -0.2538388 -0.05091071 0.001072526
v -0.1326505 -0.05091083 0.001072645
v -0.2538388 -0.006361365 0.03879178
v -0.1326505 -0.006361485 0.03879189
v -0.2538388 0.01716316 0.03248835
v -0.2538388 0.01128209 0.03406417
v -0.2538388 0.005400896 0.03564
v -0.2538388 -0.0004802942 0.03721595
v -0.1326505 0.01716316 0.03248847
v -0.1326505 -0.0004802942 0.03721607
v -0.1326505 0.005400777 0.03564024
v -0.1326505 0.01128197 0.03406429
v -0.2538388 -0.003861308 0.04812193
v -0.1326505 -0.003861427 0.04812205
v -0.1526505 0.0291301 -0.01407075
v -0.1526505 0.03070605 -0.008189678
v -0.2538387 0.03688455 -0.02245188
v -0.2538387 0.03846037 -0.01657069
v -0.1326506 0.04161203 -0.004808545
v -0.1326506 0.04318786 0.001072645
v -0.1526505 0.03688443 -0.022452
v -0.1526505 0.03846025 -0.01657081
v -0.1326505 0.03688455 -0.022452
v -0.1326505 0.03846037 -0.01657081
v -0.2538387 0.04161203 -0.004808545
v -0.1526505 0.04161203 -0.004808545
v -0.1526505 0.03688443 -0.02245188
v -0.1526505 0.03846025 -0.01657069
v -0.2538388 -0.02738583 -0.03967321
v -0.2538388 -0.02150464 -0.04124904
v -0.1326505 -0.02738595 -0.03967309
v -0.1326505 -0.02150476 -0.04124892
v -0.2538388 -0.009742498 -0.04440081
v -0.1326505 -0.009742498 -0.04440069
v -0.2538388 -0.04460728 0.02459741
v -0.2538388 -0.04618311 0.01871622
v -0.1326505 -0.04460728 0.02459753
v -0.1326505 -0.04618323 0.01871634
v -0.2538388 -0.04933488 0.006953716
v -0.1326505 -0.049335 0.006953835
v -0.2538388 0.01966321 0.0418185
v -0.2538388 0.01378214 0.04339433
v -0.1326505 0.01966321 0.04181862
v -0.1326505 0.01378202 0.04339445
v -0.2538388 0.002019763 0.0465461
v -0.1326505 0.002019763 0.04654622
v 0.03439796 -0.01147199 0.02947628
v 0.03439796 -0.02465427 0.02186549
v -0.05441356 -0.02465427 0.02186573
v -0.05441356 -0.01147211 0.02947652
v 0.03439796 -0.03226507 0.008683324
v -0.05441356 -0.03226507 0.008683562
v 0.03439796 -0.03226507 -0.006538272
v -0.05441368 -0.03226519 -0.006538033
v 0.03439784 -0.02465439 -0.01972055
v -0.05441368 -0.02465439 -0.01972032
v 0.03439784 -0.01147211 -0.02733135
v -0.05441368 -0.01147211 -0.02733111
v 0.03439784 0.00374949 -0.02733135
v -0.05441368 0.003749371 -0.02733111
v 0.03439784 0.01693177 -0.01972055
v -0.05441368 0.01693165 -0.01972032
v 0.03439784 0.02454245 -0.006538391
v -0.05441368 0.02454245 -0.006538153
v 0.03439796 0.02454257 0.008683205
v -0.05441368 0.02454245 0.008683443
v 0.03439796 0.01693177 0.02186549
v -0.05441356 0.01693177 0.02186573
v 0.03439796 0.00374949 0.02947628
v -0.05441356 0.00374949 0.02947652
v 0.05439794 0.01693201 0.02186549
v 0.05439794 0.003749728 0.02947628
v 0.05439794 0.02454281 0.008683205
v 0.05439782 0.02454269 -0.006538391
v 0.05439782 0.01693201 -0.01972055
v 0.05439782 0.003749728 -0.02733135
v 0.05439782 -0.01147187 -0.02733135
v 0.05439782 -0.02465415 -0.01972055
v 0.05439794 -0.03226483 -0.006538272
v 0.05439794 -0.03226483 0.008683324
v 0.05439794 -0.02465403 0.02186549
v 0.05439794 -0.01147175 0.02947628
v 0.06439793 0.01298141 0.01791477
v 0.06439793 0.002303839 0.02407956
v 0.06439793 0.0191462 0.007237196
v 0.06439781 0.01914608 -0.005092263
v 0.06439781 0.01298141 -0.01576984
v 0.06439781 0.002303839 -0.02193463
v 0.06439781 -0.01002574 -0.02193463
v 0.06439781 -0.02070332 -0.01576984
v 0.06439793 -0.02686799 -0.005092263
v 0.06439793 -0.02686799 0.007237315
v 0.06439793 -0.0207032 0.01791477
v 0.06439793 -0.01002562 0.02407956
v 0.07439804 0.0129813 0.01791477
v 0.07439804 0.00230372 0.02407956
v 0.07439804 0.01914608 0.007237196
v 0.07439792 0.01914597 -0.005092263
v 0.07439792 0.0129813 -0.01576984
v 0.07439792 0.00230372 -0.02193463
v 0.07439792 -0.01002586 -0.02193463
v 0.07439792 -0.02070343 -0.01576984
v 0.07439804 -0.0268681 -0.005092263
v 0.07439804 -0.0268681 0.007237315
v 0.07439804 -0.02070332 0.01791477
v 0.07439804 -0.01002574 0.02407956
v 0.09439802 0.02079844 0.02573121
v 0.09439802 0.005165339 0.03475714
v 0.09439802 0.02982426 0.01009822
v 0.0943979 0.02982414 -0.007953286
v 0.0943979 0.02079844 -0.02358639
v 0.0943979 0.005165339 -0.0326122
v 0.0943979 -0.01288629 -0.0326122
v 0.0943979 -0.02851939 -0.02358639
v 0.09439802 -0.03754508 -0.007953286
v 0.09439802 -0.03754508 0.01009834
v 0.09439802 -0.02851915 0.02573121
v 0.09439802 -0.01288617 0.03475714
v 0.139992 0.03960657 0.01271927
v 0.119992 0.0279597 0.03289223
v 0.09999228 0.02795959 0.03289211
v 0.09999228 0.03960645 0.01271927
v 0.119992 0.007786751 0.04453909
v 0.09999228 0.007786632 0.04453897
v 0.139992 -0.01550686 0.04453897
v 0.09999228 -0.01550698 0.04453886
v 0.1199921 -0.03567982 0.03289223
v 0.09999239 -0.03567994 0.03289211
v 0.1199923 -0.04732656 0.01271927
v 0.09999251 -0.04732668 0.01271915
v 0.1399924 -0.04732656 -0.01057446
v 0.09999263 -0.04732668 -0.01057458
v 0.1199924 -0.0356797 -0.03074729
v 0.09999263 -0.03567982 -0.03074741
v 0.1199924 -0.01550674 -0.04239416
v 0.09999263 -0.01550686 -0.04239428
v 0.1399924 0.00778687 -0.04239404
v 0.09999263 0.007786751 -0.04239416
v 0.1199923 0.0279597 -0.03074729
v 0.09999251 0.02795959 -0.03074741
v 0.1199921 0.03960657 -0.01057434
v 0.09999239 0.03960645 -0.01057446
v 0.09999216 0.03477669 0.0114249
v 0.09999228 0.02442396 0.02935648
v 0.08999228 0.02442396 0.02935648
v 0.08999228 0.03477669 0.0114249
v 0.09999228 0.006492496 0.03970921
v 0.08999228 0.006492496 0.03970921
v 0.09999228 -0.01421309 0.03970921
v 0.08999228 -0.01421309 0.03970933
v 0.09999228 -0.03214455 0.02935648
v 0.08999228 -0.03214467 0.0293566
v 0.09999228 -0.0424974 0.01142502
v 0.08999228 -0.0424974 0.01142502
v 0.09999216 -0.0424974 -0.009280562
v 0.08999228 -0.0424974 -0.009280443
v 0.09999216 -0.03214467 -0.02721202
v 0.08999217 -0.03214467 -0.02721202
v 0.09999216 -0.0142132 -0.03756475
v 0.08999217 -0.0142132 -0.03756475
v 0.09999216 0.006492376 -0.03756487
v 0.08999217 0.006492376 -0.03756475
v 0.09999216 0.02442396 -0.02721214
v 0.08999217 0.02442384 -0.02721202
v 0.09999216 0.03477669 -0.009280562
v 0.08999217 0.03477669 -0.009280562
v 0.1199925 -0.003166556 -0.04015279
v 0.1199925 0.01615202 -0.03497648
v 0.1999924 0.01615191 -0.03497601
v 0.1999924 -0.003166676 -0.04015231
v 0.09999251 -0.003166556 -0.04015279
v 0.1099925 -0.0004901886 -0.0501411
v 0.1099925 0.01882839 -0.04496479
v 0.09999239 0.01615191 -0.03497636
v 0.1199926 -0.0004900694 -0.05014122
v 0.1199925 0.01882839 -0.04496479
v 0.1899924 0.01882827 -0.04496431
v 0.1899925 -0.0004901886 -0.05014074
v 0.1199925 -0.05507374 -0.002297521
v 0.1199925 -0.04508531 0.0003788471
v 0.1999924 -0.04508555 0.0003788471
v 0.1899924 -0.05507398 -0.002297521
v 0.1099925 -0.05507374 -0.00229764
v 0.1099925 -0.04989743 -0.0216161
v 0.09999251 -0.03990901 -0.01893973
v 0.09999239 -0.04508543 0.0003788471
v 0.1199926 -0.04989731 -0.0216161
v 0.1199925 -0.03990901 -0.01893961
v 0.1999924 -0.03990924 -0.01893961
v 0.1899925 -0.04989755 -0.0216161
v 0.09999228 0.03218877 0.02108443
v 0.1099921 0.04217708 0.02376091
v 0.1199923 0.0421772 0.02376091
v 0.1199923 0.03218877 0.02108455
v 0.09999228 0.03736508 0.001765966
v 0.1199924 0.0373652 0.001765966
v 0.1199923 0.04735351 0.004442453
v 0.1099923 0.04735351 0.004442334
v 0.1899923 0.04217684 0.02376091
v 0.1999923 0.03218842 0.02108455
v 0.1899923 0.04735315 0.004442453
v 0.1999924 0.03736484 0.001765966
v 0.1099923 -0.02654862 0.04710972
v 0.1099921 -0.007230163 0.05228615
v 0.1199923 -0.007230043 0.05228603
v 0.1199923 -0.02654862 0.04710972
v 0.09999228 -0.02387226 0.03712142
v 0.1199924 -0.02387214 0.0371213
v 0.1199923 -0.004553676 0.04229772
v 0.09999228 -0.004553676 0.04229772
v 0.1899922 -0.007229805 0.05228639
v 0.1899922 -0.02654839 0.04711008
v 0.1999922 -0.004553437 0.04229808
v 0.1999923 -0.0238719 0.03712165
v 0.1999924 -0.0155071 0.04453862
v 0.1999924 -0.03568006 0.03289187
v 0.1799923 -0.03568017 0.03289187
v 0.1599923 -0.01550722 0.04453874
v 0.1999924 -0.04732704 0.01271892
v 0.1799923 -0.04732704 0.01271892
v 0.1999923 -0.04732704 -0.01057482
v 0.1599923 -0.04732704 -0.01057482
v 0.1999923 -0.03568017 -0.03074777
v 0.1799922 -0.03568017 -0.03074777
v 0.1999923 -0.01550722 -0.04239464
v 0.1799922 -0.01550722 -0.04239464
v 0.1999923 0.007786512 -0.04239476
v 0.1599922 0.007786393 -0.04239464
v 0.1999923 0.02795947 -0.03074789
v 0.1799922 0.02795947 -0.03074777
v 0.1999923 0.03960633 -0.01057494
v 0.1799922 0.03960633 -0.01057494
v 0.1999923 0.03960633 0.0127188
v 0.1599923 0.03960633 0.0127188
v 0.1999924 0.02795947 0.03289175
v 0.1799923 0.02795947 0.03289175
v 0.1999924 0.007786512 0.04453862
v 0.1799923 0.007786512 0.04453862
v 0.2099923 0.03477669 0.01142454
v 0.2099924 0.02442396 0.02935612
v 0.1899923 0.02442396 0.02935612
v 0.1899923 0.03477669 0.01142454
v 0.2099924 0.006492496 0.03970885
v 0.1899923 0.006492496 0.03970885
v 0.2099924 -0.01421309 0.03970897
v 0.1899923 -0.01421309 0.03970897
v 0.2099924 -0.03214455 0.02935612
v 0.1899923 -0.03214455 0.02935612
v 0.2099924 -0.0424974 0.01142466
v 0.1899923 -0.0424974 0.01142466
v 0.2099923 -0.0424974 -0.009280801
v 0.1899923 -0.0424974 -0.009280801
v 0.2099923 -0.03214467 -0.02721238
v 0.1899922 -0.03214467 -0.02721238
v 0.2099923 -0.0142132 -0.03756511
v 0.1899922 -0.0142132 -0.03756511
v 0.2099923 0.006492376 -0.03756523
v 0.1899922 0.006492376 -0.03756523
v 0.2099923 0.02442384 -0.02721238
v 0.1899922 0.02442384 -0.02721238
v 0.2099923 0.03477669 -0.00928092
v 0.1899922 0.03477669 -0.00928092
v 0.2449924 -0.003860354 0.001071811
v 0.2428815 0.00460422 0.009536386
v 0.2428815 0.00770247 0.00417006
v 0.2428815 -0.000762105 0.01263463
v 0.2428815 -0.006958604 0.01263475
v 0.2428815 -0.01232493 0.009536505
v 0.2428815 -0.01542318 0.004170179
v 0.2428815 -0.01542318 -0.00202632
v 0.2428815 -0.01232493 -0.007392645
v 0.2428815 -0.006958604 -0.01049089
v 0.2428815 -0.000762105 -0.01049101
v 0.2428815 0.00460422 -0.007392764
v 0.2428815 0.00770247 -0.002026439
v 0.2368039 0.01204789 0.01698005
v 0.2368039 0.01787066 0.006894708
v 0.2368039 0.001962543 0.02280283
v 0.2368039 -0.009683132 0.02280295
v 0.2368039 -0.01976848 0.01698005
v 0.2368039 -0.02559137 0.006894708
v 0.2368039 -0.02559137 -0.004750848
v 0.2368039 -0.0197686 -0.01483631
v 0.2368039 -0.009683132 -0.02065909
v 0.2368039 0.001962423 -0.02065909
v 0.2368039 0.01204777 -0.01483631
v 0.2368039 0.01787066 -0.004750967
v 0.2274923 0.01757276 0.02250493
v 0.2274923 0.0254178 0.008916855
v 0.2274923 0.00398469 0.03034997
v 0.2274923 -0.0117054 0.03034997
v 0.2274923 -0.02529335 0.02250493
v 0.2274923 -0.03313839 0.008916974
v 0.2274923 -0.03313851 -0.006773114
v 0.2274922 -0.02529347 -0.02036119
v 0.2274922 -0.0117054 -0.02820623
v 0.2274922 0.00398469 -0.02820623
v 0.2274922 0.01757264 -0.02036119
v 0.2274923 0.02541769 -0.006773233
v 0.2160701 0.02051246 0.02544463
v 0.2160699 0.02943349 0.009992957
v 0.2160701 0.005060792 0.03436577
v 0.2160701 -0.01278138 0.03436577
v 0.2160701 -0.02823305 0.02544475
v 0.2160701 -0.0371542 0.009993076
v 0.2160699 -0.0371542 -0.007849097
v 0.2160699 -0.02823317 -0.02330089
v 0.2160699 -0.0127815 -0.03222191
v 0.2160699 0.005060673 -0.03222191
v 0.2160699 0.02051234 -0.02330089
v 0.2160699 0.02943349 -0.007849216
v 0.2039146 0.02051246 0.02544463
v 0.2039146 0.02943349 0.009992957
v 0.2039146 0.005060792 0.03436577
v 0.2039146 -0.01278138 0.03436577
v 0.2039146 -0.02823305 0.02544475
v 0.2039146 -0.0371542 0.009993076
v 0.2039146 -0.0371542 -0.007849097
v 0.2039145 -0.02823317 -0.02330077
v 0.2039145 -0.0127815 -0.03222191
v 0.2039145 0.005060673 -0.03222191
v 0.2039145 0.02051234 -0.02330089
v 0.2039145 0.02943349 -0.007849097
v 0.1924924 0.01757276 0.02250504
v 0.1924922 0.0254178 0.008916974
v 0.1924924 0.00398469 0.03035009
v 0.1924924 -0.0117054 0.03035009
v 0.1924924 -0.02529335 0.02250504
v 0.1924922 -0.03313839 0.008917093
v 0.1924922 -0.03313851 -0.006772995
v 0.1924922 -0.02529347 -0.02036107
v 0.1924922 -0.0117054 -0.02820611
v 0.1924922 0.00398469 -0.02820611
v 0.1924922 0.01757264 -0.02036107
v 0.1924922 0.02541769 -0.006773114
v 0.1831807 0.01204789 0.01698017
v 0.1831807 0.01787066 0.006894708
v 0.1831807 0.001962423 0.02280295
v 0.1831807 -0.009683132 0.02280295
v 0.1831807 -0.01976848 0.01698017
v 0.1831807 -0.02559137 0.006894827
v 0.1831807 -0.02559137 -0.004750848
v 0.1831807 -0.0197686 -0.01483619
v 0.1831807 -0.009683132 -0.02065897
v 0.1831807 0.001962423 -0.02065909
v 0.1831807 0.01204777 -0.01483619
v 0.1831807 0.01787066 -0.004750848
v 0.187103 0.00460422 0.009536505
v 0.187103 0.00770247 0.004170179
v 0.187103 -0.000762105 0.01263475
v 0.187103 -0.006958604 0.01263475
v 0.187103 -0.01232493 0.009536624
v 0.187103 -0.01542318 0.004170299
v 0.187103 -0.01542318 -0.0020262
v 0.187103 -0.01232493 -0.007392526
v 0.187103 -0.006958604 -0.01049078
v 0.187103 -0.000762105 -0.01049078
v 0.187103 0.00460422 -0.007392645
v 0.187103 0.00770247 -0.00202632
v 0.1849922 -0.003860354 0.001072049
v 0.1799923 0.005799174 0.003660679
v 0.1799923 0.003211021 0.008143544
v 0.1099924 0.003210902 0.008143425
v 0.1099924 0.005799055 0.00366056
v 0.1799923 -0.001271963 0.0107317
v 0.1099924 -0.001271963 0.01073158
v 0.1799923 -0.006448269 0.0107317
v 0.1099924 -0.006448388 0.01073158
v 0.1799923 -0.01093113 0.008143544
v 0.1099924 -0.01093125 0.008143425
v 0.1799923 -0.01351941 0.003660679
v 0.1099924 -0.01351941 0.00366056
v 0.1799923 -0.01351929 -0.001515746
v 0.1099924 -0.01351941 -0.001515865
v 0.1799923 -0.01093113 -0.005998611
v 0.1099924 -0.01093125 -0.005998731
v 0.1799923 -0.006448269 -0.008586764
v 0.1099924 -0.006448269 -0.008586884
v 0.1799923 -0.001271844 -0.008586764
v 0.1099924 -0.001271963 -0.008586884
v 0.1799923 0.003211021 -0.005998611
v 0.1099924 0.003210902 -0.005998731
v 0.1799923 0.005799174 -0.001515746
v 0.1099924 0.005799174 -0.001515865
v 0.17611 -0.0068748 0.01232195
v 0.17611 -0.0008459091 0.01232195
v 0.1766301 -0.0003435612 0.01419687
v 0.1766301 -0.007377148 0.01419687
v 0.1780512 2.43187E-05 0.01556945
v 0.1780512 -0.007744908 0.01556945
v 0.1799923 0.000158906 0.01607192
v 0.1799923 -0.007879615 0.01607192
v 0.1819335 2.43187E-05 0.01556945
v 0.1819335 -0.007744908 0.01556945
v 0.1833545 -0.0003435612 0.01419687
v 0.1833545 -0.007377148 0.01419687
v 0.1838746 -0.0008459091 0.01232183
v 0.1838746 -0.0068748 0.01232195
v 0.1833545 -0.001348376 0.01044691
v 0.1833545 -0.006372333 0.01044691
v 0.1819335 -0.001716137 0.00907433
v 0.1819335 -0.006004572 0.00907433
v 0.1799923 -0.001850724 0.008571863
v 0.1799923 -0.005869985 0.008571863
v 0.1780512 -0.001716137 0.00907433
v 0.1780512 -0.006004572 0.00907433
v 0.1766301 -0.001348376 0.01044691
v 0.1766301 -0.006372333 0.01044691
v 0.17611 0.004375219 0.009307504
v 0.1766301 0.005747795 0.01068008
v 0.1780512 0.00675261 0.01168489
v 0.1799923 0.007120371 0.01205266
v 0.1819335 0.00675261 0.01168489
v 0.1833545 0.005747795 0.01068008
v 0.1838746 0.004375219 0.009307504
v 0.1833545 0.003002644 0.007934928
v 0.1819334 0.001997828 0.006930113
v 0.1799923 0.001630068 0.006562233
v 0.1780512 0.001997828 0.006930113
v 0.1766301 0.003002644 0.007934928
v 0.17611 0.007389665 0.004086375
v 0.1766301 0.009264588 0.004588723
v 0.1780512 0.01063716 0.004956484
v 0.1799923 0.01113963 0.00509119
v 0.1819334 0.01063716 0.004956484
v 0.1833545 0.009264588 0.004588723
v 0.1838746 0.007389665 0.004086375
v 0.1833545 0.005514622 0.003583908
v 0.1819334 0.004142046 0.003216147
v 0.1799923 0.003639579 0.00308156
v 0.1780512 0.004142046 0.003216147
v 0.1766301 0.005514622 0.003583908
v 0.17611 0.007389545 -0.001942515
v 0.1766301 0.009264588 -0.002444863
v 0.1780511 0.01063716 -0.002812743
v 0.1799923 0.01113963 -0.00294733
v 0.1819334 0.01063716 -0.002812743
v 0.1833545 0.009264588 -0.002444863
v 0.1838746 0.007389665 -0.001942515
v 0.1833545 0.005514622 -0.001440048
v 0.1819334 0.004142046 -0.001072288
v 0.1799923 0.003639579 -0.0009377003
v 0.1780512 0.004142046 -0.001072288
v 0.1766301 0.005514622 -0.001440048
v 0.17611 0.004375219 -0.007163644
v 0.1766301 0.005747795 -0.00853622
v 0.1780511 0.00675261 -0.009541035
v 0.1799923 0.007120371 -0.009908795
v 0.1819334 0.00675261 -0.009541035
v 0.1833545 0.005747795 -0.00853622
v 0.1838746 0.004375219 -0.007163644
v 0.1833545 0.003002644 -0.005791068
v 0.1819334 0.001997828 -0.004786253
v 0.1799923 0.001629949 -0.004418492
v 0.1780511 0.001997828 -0.004786253
v 0.1766301 0.003002644 -0.005791068
v 0.17611 -0.0008459091 -0.01017809
v 0.1766301 -0.0003435612 -0.01205301
v 0.1780511 2.419949E-05 -0.01342559
v 0.1799923 0.000158906 -0.01392806
v 0.1819334 2.419949E-05 -0.01342559
v 0.1833545 -0.0003435612 -0.01205301
v 0.1838746 -0.0008459091 -0.01017809
v 0.1833545 -0.001348376 -0.008303046
v 0.1819334 -0.001716137 -0.00693047
v 0.1799923 -0.001850724 -0.006428003
v 0.1780511 -0.001716137 -0.00693047
v 0.1766301 -0.001348376 -0.008303046
v 0.17611 -0.0068748 -0.01017797
v 0.1766301 -0.007377148 -0.01205301
v 0.1780511 -0.007745028 -0.01342559
v 0.1799923 -0.007879615 -0.01392806
v 0.1819334 -0.007745028 -0.01342559
v 0.1833545 -0.007377148 -0.01205301
v 0.1838746 -0.0068748 -0.01017809
v 0.1833545 -0.006372333 -0.008303046
v 0.1819334 -0.006004572 -0.00693047
v 0.1799923 -0.005869985 -0.006428003
v 0.1780511 -0.006004572 -0.00693047
v 0.1766301 -0.006372333 -0.008303046
v 0.17611 -0.01209593 -0.007163644
v 0.1766301 -0.0134685 -0.00853622
v 0.1780511 -0.01447332 -0.009541035
v 0.1799923 -0.01484108 -0.009908795
v 0.1819334 -0.01447332 -0.009541035
v 0.1833545 -0.0134685 -0.00853622
v 0.1838746 -0.01209593 -0.007163644
v 0.1833545 -0.01072335 -0.005791068
v 0.1819334 -0.009718537 -0.004786253
v 0.1799923 -0.009350777 -0.004418373
v 0.1780512 -0.009718537 -0.004786253
v 0.1766301 -0.01072335 -0.005791068
v 0.17611 -0.01511037 -0.001942515
v 0.1766301 -0.0169853 -0.002444863
v 0.1780512 -0.01835787 -0.002812624
v 0.1799923 -0.01886034 -0.00294733
v 0.1819334 -0.01835787 -0.002812624
v 0.1833545 -0.0169853 -0.002444863
v 0.1838746 -0.01511037 -0.001942515
v 0.1833545 -0.01323533 -0.001440048
v 0.1819334 -0.01186275 -0.001072288
v 0.1799923 -0.01136029 -0.0009377003
v 0.1780512 -0.01186275 -0.001072288
v 0.1766301 -0.01323533 -0.001440048
v 0.17611 -0.01511037 0.004086375
v 0.1766301 -0.0169853 0.004588723
v 0.1780512 -0.01835787 0.004956603
v 0.1799923 -0.01886034 0.00509119
v 0.1819335 -0.01835787 0.004956603
v 0.1833545 -0.0169853 0.004588723
v 0.1838746 -0.01511025 0.004086375
v 0.1833545 -0.01323533 0.003583908
v 0.1819334 -0.01186275 0.003216147
v 0.1799923 -0.01136029 0.00308156
v 0.1780512 -0.01186275 0.003216147
v 0.1766301 -0.01323533 0.003583908
v 0.17611 -0.01209593 0.009307504
v 0.1766301 -0.0134685 0.01068008
v 0.1780512 -0.01447332 0.01168489
v 0.1799923 -0.01484108 0.01205266
v 0.1819335 -0.01447332 0.01168489
v 0.1833545 -0.0134685 0.01068008
v 0.1838746 -0.01209593 0.009307504
v 0.1833545 -0.01072335 0.007934928
v 0.1819335 -0.009718537 0.006930113
v 0.1799923 -0.009350657 0.006562352
v 0.1780512 -0.009718537 0.006930113
v 0.1766301 -0.01072335 0.007934928
v 0.08999228 0.01062858 0.004954457
v 0.0899924 0.01062858 -0.002810001
v 0.1199924 0.0106287 -0.002809882
v 0.1199924 0.0106287 0.004954696
v 0.0899924 0.006746292 -0.009534359
v 0.1199924 0.006746411 -0.00953424
v 0.0899924 2.205372E-05 -0.01341665
v 0.1199925 2.205372E-05 -0.01341653
v 0.0899924 -0.007742524 -0.01341665
v 0.1199925 -0.007742524 -0.01341653
v 0.08999252 -0.01446688 -0.009534359
v 0.1199925 -0.01446676 -0.00953424
v 0.0899924 -0.01834917 -0.002810121
v 0.1199925 -0.01834905 -0.002809882
v 0.0899924 -0.01834917 0.004954457
v 0.1199924 -0.01834905 0.004954576
v 0.0899924 -0.01446688 0.01167881
v 0.1199924 -0.01446676 0.01167893
v 0.08999228 -0.007742524 0.0155611
v 0.1199924 -0.007742524 0.01556122
v 0.08999228 2.205372E-05 0.0155611
v 0.1199924 2.205372E-05 0.01556122
v 0.08999228 0.006746292 0.01167881
v 0.1199923 0.006746411 0.01167893
v 0.1238747 -0.0008456707 -0.01017749
v 0.1238747 0.004375458 -0.007163167
v 0.1233546 0.005748034 -0.008535743
v 0.1233546 -0.0003433228 -0.01205254
v 0.1219336 0.006752849 -0.009540558
v 0.1219336 2.455711E-05 -0.01342511
v 0.1199924 0.007120609 -0.009908319
v 0.1199924 0.0001591444 -0.01392758
v 0.1180513 0.006752849 -0.009540558
v 0.1180513 2.44379E-05 -0.01342511
v 0.1166302 0.005748034 -0.008535743
v 0.1166303 -0.0003433228 -0.01205254
v 0.1161101 0.004375458 -0.007163167
v 0.1161101 -0.0008456707 -0.01017761
v 0.1166302 0.003002882 -0.005790591
v 0.1166303 -0.001348138 -0.008302569
v 0.1180513 0.001998067 -0.004785776
v 0.1180513 -0.001715899 -0.006929994
v 0.1199924 0.001630306 -0.004417896
v 0.1199924 -0.001850486 -0.006427526
v 0.1219335 0.001998067 -0.004785776
v 0.1219336 -0.001715899 -0.006929994
v 0.1233546 0.003002882 -0.005790472
v 0.1233546 -0.001348138 -0.008302569
v 0.1238747 0.007389903 -0.001942039
v 0.1233546 0.009264827 -0.002444386
v 0.1219335 0.0106374 -0.002812147
v 0.1199924 0.01113987 -0.002946854
v 0.1180512 0.0106374 -0.002812147
v 0.1166302 0.009264827 -0.002444386
v 0.1161101 0.007389784 -0.001942039
v 0.1166302 0.00551486 -0.001439571
v 0.1180512 0.004142284 -0.001071811
v 0.1199924 0.003639817 -0.0009372234
v 0.1219335 0.004142284 -0.001071811
v 0.1233546 0.00551486 -0.001439571
v 0.1238747 0.007389903 0.004086852
v 0.1233544 0.009264827 0.0045892
v 0.1219335 0.0106374 0.00495708
v 0.1199924 0.01113987 0.005091667
v 0.1180512 0.0106374 0.004956961
v 0.1166302 0.009264827 0.0045892
v 0.1161101 0.007389784 0.004086852
v 0.1166302 0.00551486 0.003584385
v 0.1180512 0.004142284 0.003216624
v 0.1199924 0.003639817 0.003082037
v 0.1219335 0.004142284 0.003216624
v 0.1233544 0.00551486 0.003584385
v 0.1238745 0.004375458 0.009307981
v 0.1233544 0.005748034 0.01068056
v 0.1219335 0.006752849 0.01168537
v 0.1199923 0.007120609 0.01205313
v 0.1180512 0.006752849 0.01168537
v 0.1166302 0.005748034 0.01068056
v 0.1161101 0.004375458 0.009307981
v 0.1166302 0.003002763 0.007935405
v 0.1180512 0.001998067 0.00693059
v 0.1199924 0.001630187 0.006562829
v 0.1219335 0.001998067 0.00693059
v 0.1233544 0.003002882 0.007935405
v 0.1238745 -0.0008456707 0.01232243
v 0.1233544 -0.0003433228 0.01419735
v 0.1219335 2.44379E-05 0.01556993
v 0.1199923 0.0001591444 0.01607239
v 0.1180512 2.44379E-05 0.01556993
v 0.1166302 -0.0003433228 0.01419735
v 0.1161101 -0.0008456707 0.01232231
v 0.1166302 -0.001348138 0.01044738
v 0.1180512 -0.001715899 0.009074807
v 0.1199924 -0.001850486 0.00857234
v 0.1219335 -0.001715899 0.009074807
v 0.1233544 -0.001348138 0.01044738
v 0.1238747 -0.006874561 0.01232243
v 0.1233544 -0.007376909 0.01419735
v 0.1219335 -0.00774467 0.01556993
v 0.1199924 -0.007879376 0.01607239
v 0.1180512 -0.007744789 0.01556993
v 0.1166302 -0.007376909 0.01419735
v 0.1161101 -0.006874561 0.01232231
v 0.1166302 -0.006372094 0.01044738
v 0.1180512 -0.006004333 0.009074807
v 0.1199924 -0.005869746 0.00857234
v 0.1219335 -0.006004333 0.009074807
v 0.1233544 -0.006372094 0.01044738
v 0.1238747 -0.01209569 0.009307981
v 0.1233546 -0.01346827 0.01068056
v 0.1219335 -0.01447308 0.01168537
v 0.1199924 -0.01484084 0.01205313
v 0.1180512 -0.01447308 0.01168537
v 0.1166302 -0.01346827 0.01068056
v 0.1161101 -0.01209569 0.009307981
v 0.1166302 -0.01072311 0.007935286
v 0.1180513 -0.009718299 0.00693059
v 0.1199924 -0.009350538 0.00656271
v 0.1219335 -0.009718299 0.00693059
v 0.1233546 -0.01072311 0.007935405
v 0.1238747 -0.01511002 0.004086852
v 0.1233546 -0.01698506 0.0045892
v 0.1219336 -0.01835763 0.004956961
v 0.1199924 -0.0188601 0.005091667
v 0.1180513 -0.01835763 0.004956961
v 0.1166302 -0.01698506 0.0045892
v 0.1161101 -0.01511014 0.004086852
v 0.1166302 -0.01323509 0.003584385
v 0.1180513 -0.01186252 0.003216624
v 0.1199924 -0.01136005 0.003082037
v 0.1219336 -0.01186252 0.003216624
v 0.1233546 -0.01323509 0.003584385
v 0.1238747 -0.01511002 -0.001942039
v 0.1233546 -0.01698506 -0.002444386
v 0.1219336 -0.01835763 -0.002812147
v 0.1199924 -0.0188601 -0.002946854
v 0.1180513 -0.01835763 -0.002812266
v 0.1166303 -0.01698506 -0.002444386
v 0.1161101 -0.01511014 -0.001942039
v 0.1166303 -0.01323509 -0.001439571
v 0.1180513 -0.01186252 -0.001071811
v 0.1199924 -0.01136005 -0.0009372234
v 0.1219336 -0.01186252 -0.001071811
v 0.1233546 -0.01323509 -0.001439571
v 0.1238747 -0.01209569 -0.007163167
v 0.1233546 -0.01346827 -0.008535743
v 0.1219336 -0.01447308 -0.009540558
v 0.1199925 -0.01484084 -0.009908319
v 0.1180513 -0.01447308 -0.009540558
v 0.1166303 -0.01346827 -0.008535743
v 0.1161102 -0.01209569 -0.007163167
v 0.1166303 -0.01072311 -0.005790591
v 0.1180513 -0.009718299 -0.004785776
v 0.1199924 -0.009350419 -0.004418015
v 0.1219336 -0.009718299 -0.004785776
v 0.1233546 -0.01072311 -0.005790591
v 0.1238747 -0.006874561 -0.01017749
v 0.1233546 -0.007376909 -0.01205254
v 0.1219336 -0.00774467 -0.01342511
v 0.1199925 -0.007879376 -0.01392758
v 0.1180513 -0.00774467 -0.01342511
v 0.1166303 -0.007376909 -0.01205254
v 0.1161102 -0.006874561 -0.01017761
v 0.1166303 -0.006372094 -0.008302569
v 0.1180513 -0.006004333 -0.006929994
v 0.1199924 -0.005869746 -0.006427526
v 0.1219336 -0.006004333 -0.006929994
v 0.1233546 -0.006372094 -0.008302569
v 0.04558659 0.003209829 0.008144021
v 0.04558659 -0.001273036 0.01073229
v -0.05441344 -0.001273513 0.01073182
v -0.05441344 0.003209472 0.008143663
v 0.04558659 -0.006449461 0.01073217
v -0.05441344 -0.006449819 0.01073182
v 0.04558659 -0.01093233 0.008144021
v -0.05441332 -0.01093268 0.008143663
v 0.04558671 -0.01352048 0.003661156
v -0.05441332 -0.01352084 0.003660679
v 0.04558671 -0.01352048 -0.001515269
v -0.05441332 -0.01352084 -0.001515627
v 0.04558671 -0.01093233 -0.005998135
v -0.05441332 -0.01093268 -0.005998492
v 0.04558671 -0.006449342 -0.008586287
v -0.05441332 -0.006449819 -0.008586764
v 0.04558671 -0.001273036 -0.008586287
v -0.05441332 -0.001273394 -0.008586645
v 0.04558659 0.003209829 -0.005998135
v -0.05441332 0.003209472 -0.005998492
v 0.04558659 0.005797982 -0.00151515
v -0.05441344 0.005797625 -0.001515627
v 0.04558659 0.005797982 0.003661156
v -0.05441344 0.005797625 0.003660798
v -0.4279727 0.03490663 -0.009239912
v -0.4276779 0.02455699 -0.02717078
v -0.4187908 0.02472985 -0.02712429
v -0.4190856 0.03507948 -0.00919342
v -0.4272751 0.006629586 -0.03752267
v -0.418388 0.00680244 -0.0374763
v -0.4268724 -0.01407194 -0.03752196
v -0.4179853 -0.01389909 -0.03747559
v -0.4265777 -0.03200066 -0.02716875
v -0.4176906 -0.03182781 -0.02712238
v -0.4264698 -0.0423528 -0.00923717
v -0.4175828 -0.04217982 -0.009190798
v -0.4265777 -0.04235423 0.01146793
v -0.4176908 -0.04218125 0.01151443
v -0.4268726 -0.03200459 0.0293988
v -0.4179856 -0.03183174 0.02944529
v -0.4272753 -0.01407719 0.03975093
v -0.4183882 -0.01390433 0.03979731
v -0.427678 0.00662446 0.03975022
v -0.4187909 0.006797314 0.03979659
v -0.4279727 0.02455318 0.02939701
v -0.4190857 0.02472603 0.02944338
v -0.4280806 0.0349052 0.01146543
v -0.4191936 0.03507805 0.0115118
v -0.4633887 0.01848865 0.0238378
v -0.4634761 0.02687371 0.009313226
v -0.4102023 0.02558899 0.0276041
v -0.4102021 0.0349071 -0.007169127
v -0.4631499 0.003966331 0.03222394
v -0.4628237 -0.012802 0.03222442
v -0.4624976 -0.02732325 0.02383924
v -0.4622586 -0.0357064 0.009315252
v -0.4621712 -0.03570521 -0.007455945
v -0.4622586 -0.02732003 -0.02198052
v -0.4624972 -0.01279771 -0.03036666
v -0.4628235 0.003970504 -0.03036714
v -0.4631498 0.01849174 -0.02198207
v -0.4633887 0.0268749 -0.007457972
v -0.409501 0.006882906 -0.03708494
v -0.4098635 0.02301753 -0.02776814
v -0.4087029 -0.0416621 -0.009052157
v -0.4088 -0.03234529 -0.02519059
v -0.4095012 -0.01363885 0.03949845
v -0.4091387 -0.02977359 0.03018177
v -0.4102993 0.03490591 0.01146567
v -0.4091386 -0.01174867 -0.03708446
v -0.4088 -0.04166341 0.009582639
v -0.4098636 0.004992485 0.03949797
v -0.1435676 0.05274987 -0.01314211
v -0.1372652 0.05206203 -0.01627362
v -0.1373297 0.04512978 -0.01488066
v -0.1436321 0.04581761 -0.01174915
v -0.1390029 0.05107355 -0.009527564
v -0.1363757 0.05075884 -0.01112366
v -0.1363453 0.04586315 -0.01010835
v -0.1389725 0.04617786 -0.008512259
v -0.1352062 0.05018497 -0.01392591
v -0.1351758 0.04528928 -0.0129106
v -0.1359415 0.04957116 -0.01686394
v -0.1359111 0.04467547 -0.01584864
v -0.1383004 0.04915178 -0.01881552
v -0.13827 0.04425609 -0.01780021
v -0.1413821 0.04908717 -0.0190351
v -0.1413517 0.04419136 -0.01801991
v -0.1440094 0.04940176 -0.01743901
v -0.143979 0.04450607 -0.01642382
v -0.1451788 0.04997563 -0.01463687
v -0.1451484 0.04507995 -0.01362157
v -0.1444435 0.05058956 -0.01169884
v -0.1444131 0.04569376 -0.01068354
v -0.1420846 0.05100894 -0.009747267
v -0.1420542 0.04611313 -0.008731961
v -0.4633468 0.01679194 0.02214074
v -0.4631257 0.00334537 0.02990568
v -0.4729915 0.003153324 0.0298543
v -0.4732126 0.01660001 0.02208936
v -0.4628236 -0.01218092 0.02990615
v -0.4726894 -0.01237285 0.02985477
v -0.4625216 -0.02562642 0.02214217
v -0.4723874 -0.02581847 0.02209079
v -0.4623004 -0.03338861 0.008693933
v -0.4721663 -0.03358054 0.008642554
v -0.4622195 -0.03338754 -0.006834984
v -0.4720852 -0.03357959 -0.006886363
v -0.4623004 -0.02562356 -0.0202837
v -0.4721662 -0.02581549 -0.02033508
v -0.4625216 -0.01217687 -0.02804863
v -0.4723873 -0.01236892 -0.02810001
v -0.4628235 0.003349304 -0.02804911
v -0.4726894 0.003157377 -0.02810049
v -0.4631256 0.01679492 -0.02028513
v -0.4729913 0.01660287 -0.02033651
v -0.4633467 0.02455699 -0.006836891
v -0.4732125 0.02436507 -0.00688827
v -0.4634277 0.02455592 0.008692026
v -0.4732935 0.02436399 0.008640647
v -0.4377626 -0.003928185 0.001059294
v -0.4397503 0.005945921 -0.001606107
v -0.4396747 0.003291011 -0.006205559
v -0.4397781 0.005945563 0.003705144
v -0.4397504 0.003290057 0.008304834
v -0.4396747 -0.001308918 0.01096058
v -0.4395715 -0.006619215 0.01096082
v -0.4394681 -0.01121783 0.008305311
v -0.4393926 -0.01387274 0.003705859
v -0.4393648 -0.01387239 -0.001605392
v -0.4393924 -0.01121688 -0.006205082
v -0.4394681 -0.006617904 -0.008860826
v -0.4395714 -0.001307607 -0.008861065
v -0.4451162 0.01455867 -0.003968835
v -0.4449739 0.009569168 -0.01261318
v -0.4451681 0.01455796 0.006013036
v -0.4451162 0.00956738 0.01465762
v -0.4449741 0.0009239912 0.01964891
v -0.4447799 -0.009056091 0.01964915
v -0.4445857 -0.01769865 0.01465857
v -0.4444436 -0.02268815 0.006014228
v -0.4443915 -0.02268744 -0.003967643
v -0.4444436 -0.01769674 -0.01261222
v -0.4445857 -0.009053469 -0.0176034
v -0.4447798 0.0009266138 -0.01760375
v -0.4532126 0.02087128 -0.00574398
v -0.453021 0.01414895 -0.01739037
v -0.4532827 0.02087033 0.007704496
v -0.4532126 0.01414645 0.01935148
v -0.4530212 0.002501369 0.02607608
v -0.4527596 -0.01094472 0.02607644
v -0.452498 -0.02258897 0.01935267
v -0.4523065 -0.02931118 0.007706165
v -0.4522364 -0.02931023 -0.005742311
v -0.4523065 -0.02258635 -0.01738918
v -0.452498 -0.01094127 -0.02411377
v -0.4527595 0.002504826 -0.02411425
v -0.4630634 0.02412224 -0.006717324
v -0.4628456 0.01647806 -0.01996124
v -0.463143 0.02412117 0.008575678
v -0.4630634 0.0164752 0.02182007
v -0.4628457 0.003232837 0.02946699
v -0.4625481 -0.01205754 0.02946746
v -0.4622507 -0.02529883 0.02182138
v -0.4620329 -0.03294301 0.008577466
v -0.4619532 -0.03294206 -0.006715536
v -0.4620329 -0.02529597 -0.01995993
v -0.4622506 -0.01205361 -0.02760684
v -0.462548 0.003236771 -0.02760732
v -0.4734801 0.02391958 -0.006771684
v -0.4732623 0.01627541 -0.0200156
v -0.4735599 0.02391863 0.008521318
v -0.4734801 0.01627254 0.02176571
v -0.4732624 0.003030181 0.02941263
v -0.472965 -0.0122602 0.0294131
v -0.4726675 -0.02550149 0.02176702
v -0.4724497 -0.03314567 0.008523107
v -0.47237 -0.03314459 -0.006769896
v -0.4724497 -0.02549863 -0.02001429
v -0.4726673 -0.01225626 -0.0276612
v -0.4729649 0.003034115 -0.02766168
v -0.4832065 0.02028775 -0.005900383
v -0.4830151 0.01356554 -0.01754689
v -0.4832766 0.0202868 0.007548094
v -0.4832066 0.01356292 0.01919496
v -0.4830151 0.001917839 0.02591956
v -0.4827535 -0.01152825 0.02592003
v -0.482492 -0.02317238 0.01919615
v -0.4823004 -0.02989471 0.007549763
v -0.4822303 -0.02989376 -0.005898714
v -0.4823004 -0.02316988 -0.0175457
v -0.4824919 -0.0115248 -0.0242703
v -0.4827534 0.001921296 -0.02427065
v -0.4910694 0.01366472 -0.004208446
v -0.4909273 0.008675218 -0.01285279
v -0.4911215 0.01366401 0.005773306
v -0.4910694 0.00867331 0.01441801
v -0.4909273 3.004074E-05 0.01940918
v -0.4907333 -0.009950042 0.01940954
v -0.4905391 -0.0185926 0.01441896
v -0.4903969 -0.0235821 0.005774617
v -0.4903449 -0.02358139 -0.004207253
v -0.4903969 -0.01859081 -0.01285183
v -0.490539 -0.009947419 -0.01784313
v -0.4907331 3.266335E-05 -0.01784337
v -0.4961205 0.004849315 -0.001900077
v -0.4960449 0.002194405 -0.006499529
v -0.4961482 0.004848957 0.003411174
v -0.4961206 0.002193451 0.008010864
v -0.4960449 -0.002405524 0.01066661
v -0.4959416 -0.007715821 0.01066685
v -0.4958383 -0.01231444 0.008011341
v -0.4957627 -0.01496935 0.003411889
v -0.4957349 -0.01496899 -0.001899362
v -0.4957626 -0.01231349 -0.006499052
v -0.4958383 -0.00771451 -0.009154797
v -0.4959415 -0.002404213 -0.009155035
v -0.4977504 -0.005095243 0.0007464886
v 0.03724682 0.02113962 0.007771015
v 0.03724682 0.02113962 -0.00562644
v 0.04587412 0.02113962 -0.00562644
v 0.04587412 0.02113962 0.007771015
v 0.0372467 0.01444089 -0.01722884
v 0.045874 0.01444089 -0.01722896
v 0.0372467 0.002838373 -0.02392757
v 0.045874 0.002838373 -0.02392757
v 0.0372467 -0.01055908 -0.02392757
v 0.045874 -0.01055908 -0.02392757
v 0.03724682 -0.0221616 -0.01722884
v 0.04587412 -0.0221616 -0.01722884
v 0.03724682 -0.02886033 -0.005626321
v 0.04587412 -0.02886033 -0.005626321
v 0.03724682 -0.02886021 0.007771134
v 0.04587412 -0.02886033 0.007771134
v 0.03724682 -0.0221616 0.01937366
v 0.04587412 -0.0221616 0.01937366
v 0.03724682 -0.01055908 0.02607226
v 0.04587412 -0.01055908 0.02607238
v 0.03724682 0.002838373 0.02607226
v 0.04587412 0.002838373 0.02607226
v 0.03724682 0.01444089 0.01937354
v 0.04587412 0.01444089 0.01937354
v 0.03499222 -0.007742643 0.01556122
v 0.03499222 2.205372E-05 0.01556122
v 0.04499221 2.193451E-05 0.01556122
v 0.04499221 -0.007742643 0.01556122
v 0.03499222 0.006746173 0.01167905
v 0.04499221 0.006746292 0.01167893
v 0.03499222 0.01062858 0.004954696
v 0.04499221 0.01062858 0.004954696
v 0.03499222 0.01062846 -0.002810001
v 0.04499221 0.01062858 -0.002809882
v 0.03499222 0.006746292 -0.00953424
v 0.04499221 0.006746292 -0.00953424
v 0.03499222 2.193451E-05 -0.01341653
v 0.04499221 2.193451E-05 -0.01341653
v 0.03499222 -0.007742763 -0.01341653
v 0.04499221 -0.007742643 -0.01341653
v 0.03499222 -0.01446688 -0.00953424
v 0.04499221 -0.014467 -0.00953424
v 0.03499222 -0.01834929 -0.002809882
v 0.04499221 -0.01834929 -0.002809882
v 0.03499222 -0.01834917 0.004954815
v 0.04499221 -0.01834929 0.004954696
v 0.03499222 -0.014467 0.01167893
v 0.04499221 -0.01446688 0.01167905
v -0.05941343 0.006744981 0.01167917
v -0.05941343 0.01062727 0.004954815
v -0.04941332 0.01062727 0.004954934
v -0.04941344 0.006744981 0.01167917
v -0.05941331 0.01062727 -0.002809644
v -0.04941332 0.01062727 -0.002809644
v -0.05941331 0.006744981 -0.009534001
v -0.04941332 0.006744981 -0.009534001
v -0.05941331 2.062321E-05 -0.01341641
v -0.0494132 2.074242E-05 -0.01341629
v -0.05941319 -0.007743835 -0.01341641
v -0.0494132 -0.007743835 -0.01341629
v -0.05941319 -0.01446819 -0.009534121
v -0.0494132 -0.01446819 -0.009534001
v -0.05941319 -0.0183506 -0.002809763
v -0.0494132 -0.01835048 -0.002809763
v -0.05941331 -0.0183506 0.004954696
v -0.04941332 -0.01835048 0.004954815
v -0.05941331 -0.01446831 0.01167917
v -0.04941332 -0.01446819 0.01167917
v -0.05941331 -0.007743955 0.01556146
v -0.04941332 -0.007743955 0.01556146
v -0.05941343 2.0504E-05 0.01556146
v -0.04941332 2.062321E-05 0.01556146
v -0.04941332 0.006744981 -0.009534001
v -0.04941332 0.01062727 -0.002809763
v -0.05008328 0.01304209 -0.003456712
v -0.05008316 0.008512735 -0.01130176
v -0.05191338 0.01480985 -0.003930449
v -0.05191326 0.009806871 -0.01259589
v -0.05441332 0.01545691 -0.00410378
v -0.05441332 0.01028049 -0.01306963
v -0.05691338 0.01480985 -0.003930449
v -0.05691326 0.009806871 -0.01259589
v -0.05874348 0.01304209 -0.003456831
v -0.05874348 0.008512735 -0.01130188
v -0.05941331 0.01062727 -0.002809763
v -0.05941331 0.006744981 -0.009534121
v -0.05874348 0.008212447 -0.002162695
v -0.05874348 0.004977226 -0.007766366
v -0.05691338 0.006444693 -0.001689076
v -0.05691326 0.00368309 -0.00647223
v -0.05441332 0.005797625 -0.001515627
v -0.05441332 0.003209472 -0.005998492
v -0.05191338 0.006444693 -0.001688957
v -0.05191326 0.00368309 -0.00647223
v -0.05008328 0.008212447 -0.002162695
v -0.05008316 0.004977226 -0.007766247
v -0.04941344 0.01062727 0.004954815
v -0.05008328 0.01304209 0.005601883
v -0.05191338 0.01480985 0.006075621
v -0.05441344 0.0154568 0.006248951
v -0.05691338 0.01480973 0.006075621
v -0.05874348 0.01304197 0.005601883
v -0.05941343 0.01062715 0.004954815
v -0.05874348 0.008212328 0.004307747
v -0.05691338 0.006444573 0.003834128
v -0.05441332 0.005797625 0.003660679
v -0.05191338 0.006444693 0.003834128
v -0.05008328 0.008212447 0.004307866
v -0.04941344 0.006744981 0.01167917
v -0.05008328 0.008512735 0.01344693
v -0.05191338 0.009806752 0.01474106
v -0.05441344 0.01028049 0.01521468
v -0.05691338 0.009806752 0.01474106
v -0.0587436 0.008512616 0.01344693
v -0.05941343 0.006744862 0.01167917
v -0.05874348 0.004977107 0.009911418
v -0.05691338 0.00368309 0.008617282
v -0.05441332 0.003209352 0.008143663
v -0.05191338 0.00368309 0.008617282
v -0.05008328 0.004977107 0.009911418
v -0.04941344 2.062321E-05 0.01556146
v -0.05008328 0.0006676912 0.01797628
v -0.05191338 0.00114131 0.01974404
v -0.05441344 0.00131464 0.02039111
v -0.05691338 0.00114131 0.01974404
v -0.05874348 0.000667572 0.01797616
v -0.05941343 2.062321E-05 0.01556134
v -0.05874348 -0.0006264448 0.01314664
v -0.05691338 -0.001100183 0.01137888
v -0.05441332 -0.001273513 0.01073182
v -0.05191338 -0.001100063 0.01137888
v -0.05008328 -0.0006264448 0.01314664
v -0.04941332 -0.007743955 0.01556146
v -0.05008328 -0.008391023 0.01797628
v -0.05191338 -0.00886476 0.01974404
v -0.05441344 -0.009038091 0.02039099
v -0.05691338 -0.00886476 0.01974392
v -0.05874348 -0.008391023 0.01797616
v -0.05941331 -0.007743955 0.01556134
v -0.05874348 -0.007096887 0.01314652
v -0.05691338 -0.006623268 0.01137877
v -0.05441332 -0.006449819 0.01073182
v -0.05191338 -0.006623268 0.01137888
v -0.05008328 -0.007096887 0.01314664
v -0.04941332 -0.01446831 0.01167917
v -0.05008316 -0.01623607 0.01344693
v -0.05191338 -0.0175302 0.01474094
v -0.05441332 -0.01800382 0.01521468
v -0.05691338 -0.0175302 0.01474094
v -0.05874348 -0.01623607 0.01344681
v -0.05941331 -0.01446831 0.01167905
v -0.05874348 -0.01270056 0.009911299
v -0.05691338 -0.01140642 0.008617282
v -0.05441332 -0.0109328 0.008143544
v -0.05191338 -0.01140642 0.008617282
v -0.05008316 -0.01270056 0.009911418
v -0.04941332 -0.0183506 0.004954815
v -0.05008316 -0.02076542 0.005601883
v -0.05191326 -0.02253318 0.006075501
v -0.05441332 -0.02318025 0.006248832
v -0.05691326 -0.02253318 0.006075501
v -0.05874336 -0.02076542 0.005601764
v -0.05941331 -0.0183506 0.004954815
v -0.05874336 -0.01593578 0.004307747
v -0.05691326 -0.01416802 0.003834009
v -0.05441332 -0.01352096 0.003660679
v -0.05191326 -0.01416802 0.003834128
v -0.05008316 -0.01593578 0.004307747
v -0.0494132 -0.01835048 -0.002809763
v -0.05008316 -0.0207653 -0.003456831
v -0.05191326 -0.02253306 -0.003930569
v -0.0544132 -0.02318013 -0.004103899
v -0.05691326 -0.02253318 -0.003930569
v -0.05874336 -0.02076542 -0.003456831
v -0.05941319 -0.0183506 -0.002809763
v -0.05874336 -0.01593578 -0.002162814
v -0.05691326 -0.01416802 -0.001689076
v -0.05441332 -0.01352096 -0.001515627
v -0.05191326 -0.0141679 -0.001689076
v -0.05008316 -0.01593566 -0.002162695
v -0.0494132 -0.01446819 -0.009534121
v -0.05008304 -0.01623595 -0.01130188
v -0.05191326 -0.01753008 -0.01259601
v -0.0544132 -0.01800382 -0.01306963
v -0.05691326 -0.01753008 -0.01259601
v -0.05874336 -0.01623607 -0.01130188
v -0.05941319 -0.01446831 -0.009534121
v -0.05874336 -0.01270044 -0.007766366
v -0.05691326 -0.01140642 -0.00647223
v -0.05441332 -0.01093268 -0.005998611
v -0.05191326 -0.01140642 -0.00647223
v -0.05008316 -0.01270044 -0.007766366
v -0.0494132 -0.007743955 -0.01341629
v -0.05008316 -0.008390903 -0.01583111
v -0.05191326 -0.008864641 -0.01759899
v -0.0544132 -0.009037971 -0.01824605
v -0.05691326 -0.008864641 -0.01759899
v -0.05874336 -0.008391023 -0.01583123
v -0.05941319 -0.007743955 -0.01341641
v -0.05874336 -0.007096887 -0.01100159
v -0.05691326 -0.006623268 -0.009233832
v -0.05441332 -0.006449819 -0.008586764
v -0.05191326 -0.006623149 -0.009233832
v -0.05008316 -0.007096887 -0.01100159
v -0.04941332 2.062321E-05 -0.01341629
v -0.05008316 0.0006676912 -0.01583111
v -0.05191326 0.001141429 -0.01759887
v -0.0544132 0.001314759 -0.01824594
v -0.05691326 0.001141429 -0.01759899
v -0.05874336 0.0006676912 -0.01583123
v -0.05941331 2.062321E-05 -0.01341641
v -0.05874336 -0.0006264448 -0.01100159
v -0.05691326 -0.001100063 -0.009233832
v -0.05441332 -0.001273394 -0.008586764
v -0.05191326 -0.001100063 -0.009233713
v -0.05008316 -0.0006263256 -0.01100147
v 0.03499222 -0.007742643 0.01556134
v 0.03499222 2.193451E-05 0.01556134
v 0.03566217 0.0006690025 0.01797616
v 0.03566217 -0.008389711 0.01797616
v 0.03749228 0.001142621 0.01974392
v 0.03749228 -0.00886333 0.01974392
v 0.03999221 0.001316071 0.02039087
v 0.03999221 -0.00903666 0.02039099
v 0.04249227 0.001142621 0.01974392
v 0.04249227 -0.00886333 0.01974392
v 0.04432237 0.0006690025 0.01797605
v 0.04432237 -0.008389711 0.01797616
v 0.04499221 2.193451E-05 0.01556122
v 0.04499221 -0.007742643 0.01556134
v 0.04432237 -0.0006251335 0.01314652
v 0.04432237 -0.007095575 0.01314652
v 0.04249227 -0.001098752 0.01137865
v 0.04249227 -0.006621957 0.01137877
v 0.03999221 -0.001272202 0.0107317
v 0.03999221 -0.006448507 0.0107317
v 0.03749228 -0.001098752 0.01137877
v 0.03749228 -0.006621957 0.01137877
v 0.03566206 -0.0006251335 0.01314652
v 0.03566206 -0.007095575 0.01314652
v 0.03499222 0.006746292 0.01167905
v 0.03566206 0.008514047 0.01344681
v 0.03749228 0.009808183 0.01474082
v 0.03999221 0.0102818 0.01521456
v 0.04249227 0.009808183 0.01474082
v 0.04432237 0.008514047 0.01344681
v 0.04499221 0.006746292 0.01167893
v 0.04432237 0.004978538 0.00991118
v 0.04249227 0.003684402 0.008617163
v 0.03999221 0.003210783 0.008143425
v 0.03749228 0.003684402 0.008617163
v 0.03566206 0.004978538 0.00991118
v 0.03499222 0.01062858 0.004954696
v 0.03566206 0.0130434 0.005601764
v 0.03749228 0.01481116 0.006075382
v 0.03999221 0.01545823 0.006248713
v 0.04249227 0.01481116 0.006075382
v 0.04432237 0.0130434 0.005601764
v 0.04499221 0.01062858 0.004954696
v 0.04432237 0.008213758 0.004307628
v 0.04249227 0.006446004 0.003834009
v 0.03999221 0.005798936 0.00366056
v 0.03749228 0.006446004 0.003834009
v 0.03566206 0.008213758 0.004307628
v 0.03499222 0.01062858 -0.002809882
v 0.03566206 0.01304328 -0.00345695
v 0.03749216 0.01481116 -0.003930569
v 0.03999221 0.01545811 -0.004104018
v 0.04249215 0.01481116 -0.003930688
v 0.04432237 0.01304328 -0.00345695
v 0.04499221 0.01062858 -0.002809882
v 0.04432237 0.008213758 -0.002162814
v 0.04249215 0.006446004 -0.001689196
v 0.03999221 0.005798936 -0.001515746
v 0.03749216 0.006446004 -0.001689196
v 0.03566206 0.008213758 -0.002162814
v 0.03499222 0.006746173 -0.00953424
v 0.03566206 0.008514047 -0.01130199
v 0.03749216 0.009808064 -0.01259613
v 0.03999221 0.0102818 -0.01306975
v 0.04249215 0.009808064 -0.01259613
v 0.04432237 0.008514047 -0.01130199
v 0.04499221 0.006746292 -0.00953424
v 0.04432237 0.004978418 -0.007766485
v 0.04249215 0.003684402 -0.006472349
v 0.03999221 0.003210664 -0.005998731
v 0.03749216 0.003684402 -0.006472349
v 0.03566206 0.004978418 -0.007766485
v 0.03499222 2.193451E-05 -0.01341653
v 0.03566206 0.0006690025 -0.01583135
v 0.03749216 0.001142621 -0.01759911
v 0.03999221 0.001315951 -0.01824617
v 0.04249215 0.001142621 -0.01759911
v 0.04432225 0.0006690025 -0.01583135
v 0.04499221 2.193451E-05 -0.01341653
v 0.04432237 -0.0006251335 -0.01100171
v 0.04249215 -0.001098752 -0.009233952
v 0.03999221 -0.001272202 -0.008586884
v 0.03749216 -0.001098752 -0.009233952
v 0.03566206 -0.0006251335 -0.01100171
v 0.03499222 -0.007742643 -0.01341641
v 0.03566206 -0.008389711 -0.01583123
v 0.03749216 -0.008863449 -0.01759911
v 0.03999221 -0.009036779 -0.01824605
v 0.04249215 -0.00886333 -0.01759911
v 0.04432225 -0.008389711 -0.01583135
v 0.04499221 -0.007742643 -0.01341653
v 0.04432237 -0.007095575 -0.01100171
v 0.04249215 -0.006621957 -0.009233952
v 0.03999221 -0.006448507 -0.008586884
v 0.03749216 -0.006621957 -0.009233832
v 0.03566206 -0.007095575 -0.01100171
v 0.03499222 -0.014467 -0.009534121
v 0.03566206 -0.01623476 -0.01130188
v 0.03749216 -0.01752889 -0.01259601
v 0.03999221 -0.01800251 -0.01306975
v 0.04249215 -0.01752889 -0.01259601
v 0.04432237 -0.01623476 -0.01130199
v 0.04499221 -0.014467 -0.00953424
v 0.04432237 -0.01269925 -0.007766366
v 0.04249215 -0.01140511 -0.006472349
v 0.03999221 -0.01093149 -0.005998611
v 0.03749216 -0.01140511 -0.006472349
v 0.03566206 -0.01269925 -0.007766366
v 0.03499222 -0.01834929 -0.002809882
v 0.03566206 -0.02076411 -0.00345695
v 0.03749216 -0.02253187 -0.003930569
v 0.03999221 -0.02317894 -0.004103899
v 0.04249215 -0.02253187 -0.003930569
v 0.04432237 -0.02076411 -0.00345695
v 0.04499221 -0.01834929 -0.002809882
v 0.04432237 -0.01593447 -0.002162814
v 0.04249215 -0.01416671 -0.001689196
v 0.03999221 -0.01351964 -0.001515746
v 0.03749216 -0.01416671 -0.001689196
v 0.03566206 -0.01593447 -0.002162814
v 0.03499222 -0.01834929 0.004954696
v 0.03566206 -0.02076399 0.005601764
v 0.03749228 -0.02253187 0.006075501
v 0.03999221 -0.02317882 0.006248832
v 0.04249227 -0.02253187 0.006075382
v 0.04432237 -0.02076399 0.005601764
v 0.04499221 -0.01834929 0.004954696
v 0.04432237 -0.01593447 0.004307628
v 0.04249227 -0.01416671 0.003834009
v 0.03999221 -0.01351964 0.00366056
v 0.03749228 -0.01416671 0.003834009
v 0.03566206 -0.01593447 0.004307628
v 0.03499222 -0.01446688 0.01167905
v 0.03566206 -0.01623476 0.01344681
v 0.03749228 -0.01752877 0.01474094
v 0.03999221 -0.01800251 0.01521456
v 0.04249227 -0.01752877 0.01474094
v 0.04432237 -0.01623476 0.01344681
v 0.04499221 -0.01446688 0.01167905
v 0.04432237 -0.01269913 0.009911299
v 0.04249227 -0.01140511 0.008617163
v 0.03999221 -0.01093137 0.008143544
v 0.03749228 -0.01140511 0.008617163
v 0.03566206 -0.01269913 0.009911299
vn -8.932569E-07 -0.2588204 0.9659255
vn -1.049113E-06 -0.7071054 0.7071082
vn 1.64501E-07 -0.9659259 0.2588192
vn -2.257015E-07 -0.9659257 -0.2588196
vn 1.469361E-07 -0.7071063 -0.7071073
vn 5.41066E-07 -0.2588193 -0.9659258
vn 9.453594E-07 0.2588184 -0.965926
vn 1.590593E-07 0.7071064 -0.7071073
vn 1 -2.094764E-06 9.251016E-07
vn 3.019376E-07 0.9659269 0.2588153
vn -1.967273E-07 0.7071059 0.7071077
vn 4.554072E-08 0.2588192 0.9659258
vn -5.577866E-06 0.7071068 0.7071069
vn -0.6077908 -0.2055339 0.7670373
vn -0.6077942 -0.5615069 0.5615126
vn -0.6077954 -0.7670356 0.2055267
vn -0.6078041 -0.7670274 -0.2055316
vn -0.6078132 -0.5615004 -0.5614984
vn -0.6078148 -0.205527 -0.7670201
vn -0.607821 0.2055205 -0.767017
vn -0.6078207 0.5614975 -0.5614932
vn -0.6078132 0.7670218 -0.2055257
vn -0.6078074 0.7670269 0.2055234
vn -0.6078064 0.5614989 0.5615073
vn -0.6077962 0.2055322 0.7670334
vn 0.5453765 -0.2169438 0.8096295
vn 0.5453749 -0.5926939 0.5926889
vn 0.5453682 -0.8096357 0.2169415
vn 0.5453611 -0.8096398 -0.2169443
vn 0.5453551 -0.5927033 -0.5926977
vn 0.545346 -0.2169416 -0.8096506
vn 0.5453425 0.2169457 -0.8096519
vn 0.5453452 0.592705 -0.5927052
vn 0.5453503 0.8096452 -0.216951
vn 0.5453578 0.8096414 0.2169467
vn 0.545365 0.5926958 0.5926961
vn 0.5453731 0.2169445 0.8096316
vn -0.5801451 -0.2108234 0.7867562
vn -0.5801482 -0.5759437 0.5759489
vn -0.5801545 -0.7867534 0.2108078
vn -0.5801614 -0.7867463 -0.2108157
vn -0.5801666 -0.5759393 -0.5759347
vn -0.5801704 -0.2108091 -0.7867413
vn -0.5801705 0.2108052 -0.7867423
vn -0.5801665 0.575937 -0.575937
vn -0.5801612 0.7867464 -0.2108156
vn -0.5801544 0.7867517 0.2108143
vn -0.580148 0.575941 0.5759516
vn -0.5801453 0.2108238 0.7867559
vn 0.5376827 -0.218228 0.8144163
vn 0.5376828 -0.5961978 0.5961924
vn 0.5376827 -0.8144181 0.2182214
vn 0.5376753 -0.8144224 -0.2182239
vn 0.5376627 -0.5962071 -0.5962013
vn 0.5376548 -0.218222 -0.8144363
vn 0.5376472 0.218227 -0.8144401
vn 0.5376419 0.5962135 -0.5962137
vn 0.5376475 0.8144373 -0.2182361
vn 0.5376551 0.8144333 0.2182323
vn 0.5376627 0.5962042 0.5962043
vn 0.5376753 0.218229 0.8144209
vn -0.5724069 -0.2122367 0.7920266
vn -0.5724049 -0.5798042 0.5798101
vn -0.5724118 -0.792027 0.2122217
vn -0.572419 -0.7920194 -0.2122304
vn -0.5724257 -0.5798011 -0.5797927
vn -0.5724319 -0.2122221 -0.7920123
vn -0.5724354 0.2122174 -0.792011
vn -0.5724353 0.5797933 -0.5797909
vn -0.5724322 0.7920108 -0.2122273
vn -0.5724244 0.7920167 0.212226
vn -0.5724142 0.5797971 0.5798079
vn -0.5724105 0.2122362 0.7920241
vn 2.299835E-05 -0.2588303 0.9659228
vn 1.683084E-05 -0.7071069 0.7071068
vn 6.229511E-06 -0.9659265 0.2588163
vn -6.105503E-06 -0.9659243 -0.2588251
vn -1.681659E-05 -0.7071142 -0.7070994
vn -2.309073E-05 -0.2588163 -0.9659266
vn -2.300891E-05 0.2588162 -0.9659266
vn -1.684978E-05 0.7071106 -0.707103
vn -6.181787E-06 0.9659229 -0.2588301
vn 6.129052E-06 0.9659243 0.258825
vn 1.681657E-05 0.7071031 0.7071105
vn 2.307649E-05 0.2588302 0.9659229
vn 2.454503E-05 -0.2588302 0.9659228
vn 2.106586E-05 -0.7071068 0.7071068
vn 1.193036E-05 -0.9659265 0.2588164
vn -5.213262E-07 -0.9659243 -0.2588251
vn -1.26065E-05 -0.7071143 -0.7070993
vn -2.139715E-05 -0.258816 -0.9659266
vn -2.455406E-05 0.2588162 -0.9659266
vn -2.102846E-05 0.7071105 -0.7071031
vn -1.194791E-05 0.9659228 -0.2588301
vn 4.574014E-07 0.9659243 0.258825
vn 1.257029E-05 0.7071029 0.7071107
vn 2.138062E-05 0.2588302 0.9659228
vn -0.3085545 -0.2462062 0.9187909
vn -0.3085591 -0.6726021 0.6726053
vn -0.308562 -0.918793 0.246189
vn -0.3085721 -0.9187869 -0.246199
vn -0.3085879 -0.6726047 -0.6725894
vn -0.3085947 -0.2461887 -0.9187821
vn -0.3085998 0.2461856 -0.9187812
vn -0.3086032 0.6725972 -0.6725899
vn -0.3085926 0.9187795 -0.2462008
vn -0.3085817 0.9187843 0.2461964
vn -0.3085739 0.672595 0.6726055
vn -0.3085595 0.2462055 0.9187894
vn 0.2563483 -0.2501867 0.9336446
vn 0.2563509 -0.6834794 0.6834766
vn 0.2563482 -0.933648 0.2501737
vn 0.2563359 -0.933649 -0.250183
vn 0.2563196 -0.6834924 -0.6834753
vn 0.2563066 -0.2501746 -0.9336593
vn 0.2562955 0.2501775 -0.9336615
vn 0.2562899 0.6834934 -0.6834855
vn 0.2562952 0.9336578 -0.2501917
vn 0.2563063 0.9336563 0.2501861
vn 0.2563206 0.6834814 0.6834859
vn 0.256337 0.2501872 0.9336476
vn 3.127507E-05 -0.2588387 0.9659206
vn 3.939333E-05 -0.7071068 0.7071068
vn 3.686681E-05 -0.9659244 0.2588245
vn 2.453501E-05 -0.9659221 -0.2588332
vn 5.605008E-06 -0.7071143 -0.7070993
vn -1.478242E-05 -0.2588246 -0.9659244
vn -3.1233E-05 0.2588244 -0.9659244
vn -3.932569E-05 0.7071107 -0.707103
vn -3.682521E-05 0.9659207 -0.2588385
vn -2.442978E-05 0.965922 0.2588334
vn -5.60841E-06 0.707103 0.7071106
vn 1.477895E-05 0.2588387 0.9659206
vn -1 -3.003007E-07 4.844204E-07
vn -6.679612E-06 0.9659261 0.2588181
vn -7.623834E-06 0.9659261 -0.2588179
vn -5.472082E-06 0.7071069 -0.7071068
vn -1.908274E-06 0.2588184 -0.9659261
vn 2.366474E-06 -0.2588179 -0.9659262
vn 5.728287E-06 -0.7071068 -0.7071069
vn 8.0699E-06 -0.9659261 -0.258818
vn 8.37085E-06 -0.9659262 0.2588178
vn 6.006219E-06 -0.7071069 0.7071067
vn 2.710846E-06 -0.258818 0.9659261
vn -1.435077E-06 0.2588179 0.9659262
vn 0.7231866 0.4883655 0.488365
vn 0.723188 0.6671181 0.1787533
vn 0.7231879 0.6671182 -0.1787534
vn 0.7231863 0.4883653 -0.4883657
vn 0.7231824 0.1787551 -0.6671236
vn 0.7231788 -0.1787565 -0.6671271
vn 0.7231768 -0.4883714 -0.4883736
vn 0.7231749 -0.6671317 -0.178755
vn 0.723175 -0.6671318 0.1787548
vn 0.723177 -0.4883712 0.4883735
vn 0.7231792 -0.1787563 0.6671267
vn 0.7231828 0.1787547 0.6671233
vn 8.445184E-06 0.7071067 0.7071069
vn 1 -5.650186E-08 1.32676E-07
vn -1.159903E-05 0.9659255 0.2588206
vn -8.486053E-06 0.7071067 -0.7071069
vn -2.203481E-06 -0.2588226 -0.9659249
vn -1.431909E-05 -0.9659274 -0.2588132
vn -1.046596E-05 -0.707103 0.7071106
vn -2.391162E-06 -0.2588224 0.965925
vn 5.942431E-06 0.5000004 -0.8660251
vn 1 -1.192095E-07 1.029477E-06
vn -5.927111E-06 -0.5000005 -0.8660251
vn 3.042669E-06 0.2588206 0.9659255
vn -1.656141E-08 0.8660228 -0.5000046
vn -1.141824E-05 0.9659254 -0.2588206
vn 1.182809E-05 -1 -1.193555E-08
vn 1 -1.192093E-07 2.670421E-07
vn -1.386102E-06 0.2588207 -0.9659254
vn 5.842027E-06 -0.5000007 0.866025
vn 1 -1.192098E-07 3.032201E-06
vn -6.334323E-06 -0.707103 -0.7071106
vn 5.920798E-06 0.5000004 0.8660253
vn 1 -1.192088E-07 -2.924755E-06
vn -1.402173E-05 -0.9659274 0.2588132
vn 1.225193E-05 1 -1.521547E-08
vn 1 -1.192092E-07 -1.776221E-07
vn -3.374986E-05 0.7071066 0.707107
vn 1 -1.192098E-07 2.807317E-06
vn 1 6.332687E-07 -1.478622E-06
vn 6.413917E-08 -0.4999942 -0.8660288
vn -8.5875E-09 -0.8660303 0.4999914
vn -1.025558E-08 0.2588207 0.9659254
vn 1 -1.192094E-07 4.862832E-07
vn -4.140699E-05 0.8660148 -0.5000185
vn 2.389612E-05 -0.4999941 -0.8660288
vn 4.142072E-05 -0.8660225 0.5000051
vn 1 -1.192094E-07 9.730317E-07
vn 1.826462E-07 0.9659254 -0.2588206
vn -1.490345E-07 0.9659255 0.2588204
vn 1 -1.192093E-07 8.292692E-08
vn 8.973201E-14 -5.009037E-13 -1
vn -6.056659E-08 -1 4.236679E-08
vn -1.662746E-08 3.172144E-07 1
vn 1 -1.192093E-07 4.759783E-08
vn -2.29619E-08 -5.948083E-08 -1
vn 4.446727E-08 -1 -6.624542E-08
vn 3.816571E-14 6.288014E-13 1
vn 1 -1.192094E-07 4.949331E-07
vn 6.055804E-08 -0.2588207 0.9659254
vn 1 -1.19209E-07 -1.563672E-06
vn 8.486376E-06 -0.7070992 0.7071145
vn 1.11868E-09 0.8660832 0.4998999
vn 1.20032E-08 0.5000011 -0.8660248
vn 5.869265E-08 -0.8660358 -0.4999821
vn 1 -1.192094E-07 4.788374E-07
vn -1.031852E-05 0.8660358 0.4999821
vn -5.91055E-06 0.5000014 -0.8660246
vn 1.029417E-05 -0.8660299 -0.4999921
vn 1 -1.192091E-07 -9.764054E-07
vn -8.919689E-08 -0.9659294 0.2588057
vn 1 -1.192095E-07 1.340288E-06
vn 9.972803E-08 -0.9659294 -0.2588057
vn -5.621675E-08 -3.561316E-09 1
vn -1.540084E-07 1 -4.236698E-08
vn -9.743937E-15 -1.029997E-13 -1
vn 1 -1.192093E-07 -3.184611E-08
vn -6.131034E-14 1.598432E-13 1
vn -2.534941E-07 1 -1.509792E-07
vn -2.296176E-08 9.16448E-08 -1
vn 1 -1.192093E-07 3.617901E-07
vn -3.367459E-05 -0.7071065 -0.7071071
vn 1.02121E-07 -0.2588205 -0.9659255
vn 1 6.332922E-07 -3.044483E-06
vn -4.143363E-05 -0.8660414 0.4999723
vn 2.385076E-05 0.4999938 0.8660291
vn 4.138994E-05 0.8660356 -0.4999822
vn 1 -1.19209E-07 -1.782796E-06
vn -8.402044E-08 -0.8660356 0.4999823
vn -1.879861E-08 0.4999947 0.8660285
vn 5.625128E-08 0.8660564 -0.4999464
vn 1 -1.19209E-07 -1.730192E-06
vn -5.195442E-08 0.2588164 -0.9659265
vn -3.59231E-08 0.7071068 -0.7071068
vn 1 -1.192093E-07 -5.866716E-08
vn 7.773853E-08 -0.8660225 -0.5000049
vn 2.298935E-08 -0.4999943 0.8660288
vn -5.398272E-08 0.8660149 0.5000184
vn 1 -1.192092E-07 -3.537008E-07
vn -6.907033E-09 -0.8660564 -0.4999465
vn -1.843171E-08 -0.4999945 0.8660287
vn -1.036411E-07 0.8660225 0.5000051
vn 1 -1.192089E-07 -2.387058E-06
vn -2.48218E-07 0.9659263 -0.2588173
vn 1.924922E-09 -0.2588124 -0.9659277
vn -2.96926E-07 -0.994139 0.1081106
vn -1 -6.655995E-09 -2.281666E-10
vn -5.020026E-08 -0.9659259 0.2588187
vn -3.720907E-08 0.9659247 -0.2588232
vn 1.352271E-07 0.7071081 -0.7071055
vn 1.14267E-06 0.7071081 -0.7071055
vn 2.38724E-07 0.7071075 -0.7071061
vn 1.14584E-06 0.9659265 0.2588166
vn -3.382392E-07 0.9659256 0.2588199
vn 9.320927E-08 0.9659247 0.2588233
vn -1 1.694464E-08 1.712272E-08
vn -4.049509E-08 0.932287 0.3617195
vn 1 -2.850438E-06 -1.156964E-06
vn 1 -1.588215E-06 2.12114E-06
vn 1.245424E-08 0.5981569 -0.801379
vn -1 -2.76916E-08 2.716034E-08
vn -1.907179E-07 0.9659266 -0.2588163
vn 2.121425E-07 0.9659265 -0.2588164
vn 2.587288E-07 0.9659248 -0.2588231
vn 2.708531E-07 0.9659265 -0.2588166
vn 2.579696E-08 0.9659248 -0.2588232
vn 1 -1.052532E-07 3.712137E-07
vn 3.066871E-07 0.2588122 0.9659277
vn 5.704576E-06 -0.9659256 0.2588198
vn -5.071638E-09 0.258824 0.9659246
vn 1.544829E-06 -0.2588124 -0.9659276
vn -1 -1.190194E-05 3.21977E-06
vn -1.604072E-06 0.2588122 0.9659277
vn -1 1.90992E-08 -4.104593E-08
vn -3.126059E-06 -0.2588205 -0.9659255
vn -2.51659E-07 -0.9659246 0.2588238
vn 1 1.014246E-07 -1.121971E-06
vn 1.20316E-06 0.9659245 -0.2588239
vn -1 -1.606202E-08 -1.274274E-07
vn 2.520764E-07 0.9659277 -0.2588123
vn -6.957697E-07 -0.9659263 0.2588171
vn -6.978528E-07 0.2588124 0.9659276
vn 1 2.137313E-07 4.949262E-07
vn 9.407312E-07 -0.2588124 -0.9659277
vn -1 1.909857E-08 4.665871E-08
vn 6.97504E-07 -0.2587978 -0.9659315
vn 2.931235E-07 0.2588205 0.9659255
vn 1.202395E-06 0.9659246 -0.2588238
vn 1 -1.192094E-07 4.626733E-07
vn -2.602346E-07 -0.9659245 0.2588239
vn -1 -1.606204E-08 -5.429008E-08
vn -1.202395E-06 -0.9659246 0.2588239
vn 5.626685E-07 0.9659234 -0.2588282
vn -4.721925E-09 0.9659271 -0.2588141
vn -1 1.192093E-07 -1.624348E-07
vn -2.896086E-06 0.9659234 -0.2588282
vn -2.810541E-06 0.9659247 -0.2588233
vn 1.58231E-06 -0.258827 -0.9659237
vn 1 1.185537E-05 -3.171363E-06
vn -1.528822E-06 0.258827 0.9659237
vn -5.752815E-06 0.9659272 -0.2588139
vn -1 -1.407933E-08 -1.705856E-08
vn 1.586281E-06 -0.2588238 -0.9659246
vn 1 -6.566712E-08 -1.133367E-07
vn -1.578575E-06 0.2588239 0.9659246
vn -5.798883E-06 0.9659272 -0.2588139
vn -1 -9.495944E-08 1.019551E-06
vn -8.372537E-09 -0.2588239 -0.9659246
vn 1 -1.910113E-08 -2.710668E-08
vn -1.494601E-08 0.9659272 -0.2588138
vn -3.066871E-07 -0.2588122 -0.9659277
vn 1 1.408119E-08 3.652597E-08
vn 3.108781E-07 0.2588124 0.9659277
vn 1.114128E-06 0.9659272 -0.2588139
vn 3.513778E-07 -0.2588257 -0.965924
vn 4.798096E-07 -0.2588281 -0.9659234
vn -1 1.192093E-07 -7.475202E-08
vn -1.20585E-06 -0.9659276 0.2588123
vn 1 3.585265E-09 3.042057E-08
vn 1.187432E-06 0.9659276 -0.2588123
vn 6.854044E-07 -0.2588141 -0.9659272
vn -1 -3.719689E-07 3.511732E-07
vn -2.587544E-07 -0.9659276 0.2588125
vn 1 3.585199E-09 8.639208E-08
vn 9.558983E-07 -0.2588144 -0.9659271
vn -1.323113E-06 -0.9659266 0.2588163
vn -1 -9.495942E-08 5.247047E-07
vn -1.315399E-06 -0.9659266 0.2588163
vn -9.354291E-07 0.2588239 0.9659246
vn 1 -6.56674E-08 3.071426E-08
vn 6.915773E-07 -0.2588239 -0.9659246
vn -7.23483E-07 -0.9659249 0.258823
vn -1 1.192092E-07 2.376592E-07
vn -6.971337E-07 0.2587977 0.9659316
vn 1 -6.566367E-08 -1.968674E-08
vn -1.200212E-06 -0.9659272 0.2588139
vn -1.174466E-06 0.2588237 0.9659246
vn -1 1.192093E-07 1.700267E-08
vn -1.288472E-06 0.2588257 0.965924
vn 2.726658E-07 0.9659246 -0.2588239
vn 1 3.584876E-09 6.335479E-08
vn -1.204385E-06 -0.9659246 0.2588238
vn -8.12558E-07 0.2588166 0.9659265
vn -1 1.192093E-07 -3.36012E-07
vn 2.528614E-07 0.9659246 -0.2588239
vn 1 3.584862E-09 5.934394E-08
vn -8.137365E-07 0.2588166 0.9659265
vn 2.941088E-06 -0.4999996 0.8660256
vn 1.917911E-06 -0.8660241 0.5000023
vn 7.490103E-07 -1 6.910911E-07
vn -1.062596E-06 -0.8660274 -0.4999967
vn -2.43186E-06 -0.5000007 -0.866025
vn -2.812021E-06 -7.202917E-07 -1
vn -2.611101E-06 0.4999996 -0.8660256
vn -1.659269E-06 0.8660258 -0.4999994
vn -2.078202E-07 1 -4.565062E-06
vn 8.346701E-07 0.8660257 0.4999995
vn 2.102743E-06 0.5000007 0.8660251
vn 2.655615E-06 6.205711E-07 1
vn -5.952811E-06 0.5000002 0.8660253
vn -1 -4.596643E-07 2.144241E-06
vn -1.036947E-05 0.8660253 0.5000002
vn -1.199274E-05 1 -7.805697E-06
vn -1.029854E-05 0.8660267 -0.4999977
vn -5.955292E-06 0.5000001 -0.8660254
vn -3.759356E-08 3.230071E-08 -1
vn 5.940185E-06 -0.5000002 -0.8660253
vn 1.038097E-05 -0.8660287 -0.4999943
vn 1.201774E-05 -1 1.132634E-07
vn 1.032436E-05 -0.8660234 0.5000035
vn 5.95479E-06 -0.5000003 0.8660253
vn -9.400148E-09 4.069969E-08 1
vn 0.4749231 0.4400158 0.7621248
vn 0.4749201 0.7621262 0.4400167
vn 0.4749179 0.8800302 -1.143025E-05
vn 0.4749223 0.7621275 -0.4400119
vn 0.4749231 0.4400157 -0.7621248
vn 0.4749259 1.587018E-07 -0.8800258
vn 0.4749312 -0.4400139 -0.7621209
vn 0.4749342 -0.7621208 -0.4400108
vn 0.474934 -0.8800215 1.47892E-07
vn 0.4749341 -0.7621176 0.4400164
vn 0.4749312 -0.4400137 0.762121
vn 0.4749262 -5.806164E-08 0.8800257
vn 5.974848E-06 0.5000054 0.8660223
vn 1.038246E-05 0.8660223 0.5000055
vn 1.183086E-05 1 -9.640947E-06
vn 1.042543E-05 0.8660265 -0.4999982
vn 5.981641E-06 0.5000055 -0.8660223
vn -6.734505E-08 1.687396E-08 -1
vn -6.019679E-06 -0.5000051 -0.8660225
vn -1.029079E-05 -0.8660266 -0.499998
vn -1.1847E-05 -1 1.996751E-07
vn -1.02343E-05 -0.86602 0.5000095
vn -5.90829E-06 -0.5000055 0.8660222
vn 6.149722E-08 -7.444764E-08 1
vn -0.4709719 0.4410794 0.7639598
vn -0.4709801 0.7639567 0.4410759
vn -0.4709835 0.882142 -3.044878E-06
vn -0.4709812 0.7639599 -0.4410691
vn -0.4709738 0.4410764 -0.7639604
vn -0.4709633 -1.744847E-07 -0.8821529
vn -0.4709533 -0.4410817 -0.7639699
vn -0.4709458 -0.7639782 -0.4410753
vn -0.4709428 -0.8821638 -3.231404E-07
vn -0.470943 -0.7639704 0.4410917
vn -0.4709505 -0.4410866 0.7639688
vn -0.4709632 4.973739E-08 0.8821529
vn 1 5.428978E-07 -2.129352E-06
vn -4.726175E-06 0.8660262 0.4999988
vn -8.225179E-06 0.4999997 0.8660256
vn -3.850031E-06 -4.519127E-06 1
vn -1.71999E-06 -0.499998 0.8660266
vn 5.813823E-07 -0.8660266 0.4999979
vn 3.978853E-06 -1 1.338114E-06
vn 4.746695E-06 -0.8660234 -0.5000035
vn 7.520151E-06 -0.4999998 -0.8660256
vn 3.864208E-06 1.207534E-06 -1
vn 1.942619E-06 0.5000004 -0.8660252
vn -1.346063E-06 0.8660255 -0.4999999
vn -3.643976E-06 1 2.031055E-06
vn 0.2886156 -0.924821 -0.247805
vn -1 -2.605864E-06 -3.907604E-06
vn 0.2886108 0.2478069 -0.9248219
vn 1 2.122221E-06 3.672007E-06
vn 0.2886096 -0.247806 0.9248225
vn 0.2886154 0.9248206 0.2478064
vn -9.120577E-07 0.8660266 0.4999981
vn -4.757972E-07 0.5000005 0.8660251
vn 5.755785E-06 6.240853E-07 1
vn 7.205373E-06 -0.4999994 0.8660257
vn 4.571589E-06 -0.8660238 0.5000027
vn 6.192384E-07 -1 5.875833E-07
vn -1.625703E-06 -0.8660256 -0.4999996
vn -5.576246E-07 -0.5000005 -0.8660252
vn -2.817559E-06 -3.457595E-06 -1
vn -1.01181E-05 0.4999983 -0.8660264
vn -8.439952E-06 0.8660258 -0.4999993
vn -3.285026E-06 1 -5.300045E-07
vn 1 5.00488E-07 -1.793843E-06
vn -1 -3.679015E-07 1.912581E-06
vn -6.023478E-06 -0.2588173 0.9659263
vn -0.7188491 0.1799196 -0.6714797
vn 3.173331E-06 -0.2588208 0.9659254
vn -7.3002E-06 0.2588183 -0.9659261
vn 2.985903E-06 -0.965925 -0.2588221
vn -1.576002E-06 0.9659243 0.2588248
vn -3.540104E-07 0.9659252 0.2588217
vn 7.020493E-06 0.2588218 -0.9659251
vn 7.002006E-08 -0.9659236 -0.2588275
vn 0.7188535 0.1799226 -0.6714742
vn -4.138069E-07 -0.2588197 0.9659257
vn -0.7188491 -0.6714786 -0.1799238
vn -4.828241E-06 -0.2588289 0.9659232
vn 2.4689E-06 0.2588244 -0.9659244
vn 7.299592E-06 -0.9659261 -0.2588183
vn -3.637976E-06 0.9659256 0.25882
vn 2.871118E-06 0.9659261 0.258818
vn 8.919192E-07 0.2588297 -0.965923
vn -3.289999E-06 -0.9659255 -0.2588203
vn 0.7188533 -0.6714755 -0.1799185
vn -1.50105E-06 -0.2588249 0.9659243
vn 3.943906E-06 0.2588204 -0.9659255
vn -0.7188533 0.6714755 0.1799185
vn -1.496246E-06 -0.2588195 0.9659257
vn 3.609803E-06 -0.9659261 -0.2588179
vn -7.300147E-06 0.9659261 0.2588183
vn 4.93487E-06 0.9659266 0.2588162
vn 1.00528E-06 0.2588295 -0.9659231
vn -4.306429E-06 -0.9659256 -0.25882
vn 0.7188492 0.6714784 0.1799239
vn 7.300462E-06 -0.2588183 0.9659261
vn -3.084764E-06 0.2588172 -0.9659263
vn -0.7188533 -0.1799227 0.6714744
vn -4.053754E-06 -0.2588148 0.965927
vn 2.585334E-06 -0.9659243 -0.2588246
vn -3.951249E-06 0.9659237 0.2588271
vn -4.075468E-06 0.9659257 0.2588195
vn 3.406614E-06 0.2588207 -0.9659254
vn 4.354886E-06 -0.9659241 -0.2588254
vn 0.7188491 -0.1799196 0.6714797
vn 3.092096E-06 -0.4999978 0.8660267
vn 6.600023E-07 -0.866024 0.5000025
vn -5.220554E-07 -1 9.04171E-07
vn 3.351277E-07 -0.8660256 -0.4999998
vn 6.762975E-07 -0.5000007 -0.8660251
vn -2.045734E-06 -3.438793E-06 -1
vn -4.164383E-06 0.5000004 -0.8660253
vn -3.876326E-06 0.8660251 -0.5000006
vn -9.092365E-07 1 -1.554972E-06
vn 2.952663E-07 0.8660256 0.4999997
vn 1.697431E-06 0.5000007 0.8660251
vn 2.695964E-06 3.88348E-07 1
vn 1 4.433748E-07 -1.617057E-06
vn -0.2886173 0.247804 -0.9248207
vn -0.2886136 -0.2478041 0.9248218
vn -0.2886164 -0.9248211 -0.2478033
vn -1 -2.954783E-07 1.834253E-06
vn -0.2886164 0.9248209 0.2478044
vn -1.290721E-07 0.8660265 0.4999982
vn -2.388964E-07 0.5000005 0.8660251
vn -2.279759E-07 3.476601E-06 1
vn 8.158898E-07 -0.5000016 0.8660245
vn 2.052555E-06 -0.866024 0.5000026
vn 9.572025E-08 -1 6.14304E-07
vn 5.732858E-07 -0.8660264 -0.4999984
vn -6.696822E-08 -0.5000004 -0.8660252
vn -6.466886E-07 -3.492027E-06 -1
vn -2.126433E-07 0.5000017 -0.8660245
vn 6.87073E-07 0.8660239 -0.5000026
vn -9.197706E-07 1 -5.125154E-07
vn 1 4.662554E-07 -1.785938E-06
vn -1 -2.486923E-07 1.584756E-06
vn 0.9837435 0.155521 0.08978787
vn 0.9837437 0.08979035 0.1555186
vn 0.9837438 3.574767E-07 0.1795781
vn 0.9837437 -0.0897896 0.1555191
vn 0.9837436 -0.1555206 0.08978876
vn 0.9837434 -0.1795798 -1.336087E-06
vn 0.9837433 -0.1555208 -0.08979144
vn 0.9837432 -0.08979011 -0.1555221
vn 0.9837431 -1.120654E-07 -0.1795816
vn 0.9837431 0.08978985 -0.1555227
vn 0.9837433 0.1555208 -0.08979197
vn 0.9837434 0.17958 -2.136078E-06
vn 0.8583569 0.4443182 0.2565246
vn 0.8583572 0.2565277 0.4443159
vn 0.8583574 8.421263E-07 0.5130523
vn 0.8583573 -0.2565262 0.4443164
vn 0.858357 -0.4443173 0.2565261
vn 0.8583565 -0.5130538 -9.223769E-07
vn 0.8583561 -0.4443179 -0.256528
vn 0.8583556 -0.2565275 -0.4443188
vn 0.8583555 -6.502769E-07 -0.5130554
vn 0.8583556 0.2565265 -0.4443196
vn 0.858356 0.4443174 -0.256529
vn 0.8583564 0.5130539 -2.076679E-06
vn 0.6296606 0.6727905 0.3884334
vn 0.6296611 0.3884365 0.6727883
vn 0.6296614 1.144674E-06 0.7768697
vn 0.6296612 -0.3884344 0.6727893
vn 0.6296608 -0.6727893 0.3884352
vn 0.6296601 -0.7768708 -8.783676E-08
vn 0.6296594 -0.6727903 -0.3884358
vn 0.6296588 -0.3884362 -0.6727905
vn 0.6296585 -9.972167E-07 -0.776872
vn 0.6296588 0.3884346 -0.6727915
vn 0.6296591 0.6727895 -0.3884377
vn 0.6296598 0.776871 -1.941418E-06
vn 0.3316689 0.8170058 0.4716963
vn 0.3316696 0.4716993 0.8170038
vn 0.33167 1.223E-06 0.9433955
vn 0.3316697 -0.4716969 0.8170051
vn 0.3316689 -0.8170044 0.4716986
vn 0.3316683 -0.943396 5.65955E-07
vn 0.3316673 -0.8170056 -0.4716976
vn 0.3316667 -0.471699 -0.8170051
vn 0.3316665 -1.22514E-06 -0.9433967
vn 0.3316667 0.471697 -0.8170062
vn 0.3316672 0.8170044 -0.4716998
vn 0.331668 0.9433962 -1.685501E-06
vn 7.663615E-07 0.8660262 0.4999987
vn 1.273674E-06 0.5000013 0.8660247
vn 1.530654E-06 1.201749E-06 1
vn 1.499093E-06 -0.4999987 0.8660262
vn 1.007177E-06 -0.8660247 0.5000012
vn 1.553668E-08 -1 1.189766E-06
vn -1.018287E-06 -0.866026 -0.499999
vn -1.777532E-06 -0.5000012 -0.8660248
vn -2.125209E-06 -1.261389E-06 -1
vn -1.957875E-06 0.4999987 -0.8660262
vn -1.202813E-06 0.8660248 -0.5000012
vn -3.305954E-07 1 -1.160979E-06
vn -0.3316672 0.8170058 0.4716975
vn -0.3316665 0.4716992 0.8170051
vn -0.3316663 1.179894E-06 0.9433968
vn -0.3316664 -0.4716969 0.8170064
vn -0.3316671 -0.8170044 0.4716998
vn -0.331668 -0.9433962 1.728681E-06
vn -0.3316687 -0.8170058 -0.4716965
vn -0.3316695 -0.4716992 -0.8170038
vn -0.3316697 -1.293934E-06 -0.9433956
vn -0.3316696 0.4716969 -0.8170052
vn -0.331669 0.8170044 -0.4716986
vn -0.331668 0.9433962 -5.21742E-07
vn -0.6296595 0.6727903 0.3884356
vn -0.6296589 0.3884363 0.6727905
vn -0.6296587 1.042464E-06 0.7768719
vn -0.6296588 -0.3884345 0.6727915
vn -0.6296594 -0.6727893 0.3884374
vn -0.6296599 -0.776871 2.231354E-06
vn -0.6296606 -0.6727904 -0.3884335
vn -0.6296613 -0.3884363 -0.6727882
vn -0.6296615 -1.217675E-06 -0.7768697
vn -0.6296614 0.3884344 -0.6727892
vn -0.6296609 0.6727892 -0.3884353
vn -0.6296601 0.7768707 1.875575E-07
vn -0.9329929 -0.3116789 -0.1799463
vn -0.9329936 -0.1799474 -0.3116761
vn -0.9329939 -4.546754E-07 -0.3598923
vn -0.9329931 0.1799456 -0.3116786
vn -0.9329924 0.3116796 -0.1799475
vn -0.9329922 0.3598968 6.677163E-07
vn -0.932992 0.3116798 0.1799493
vn -0.9329919 0.1799486 0.3116806
vn -0.9329917 3.359825E-07 0.3598979
vn -0.932991 -0.1799474 0.3116836
vn -0.9329911 -0.3116816 0.179951
vn -0.932992 -0.3598973 1.331916E-06
vn -0.9837421 0.1555268 0.08979359
vn -0.9837419 0.08979395 0.1555275
vn -0.983742 -1.871454E-07 0.179588
vn -0.9837422 -0.08979093 0.1555281
vn -0.9837423 -0.1555262 0.08979315
vn -0.9837423 -0.1795861 -2.50199E-07
vn -0.9837423 -0.1555262 -0.089793
vn -0.9837423 -0.08979313 -0.1555259
vn -0.9837422 2.130487E-07 -0.1795862
vn -0.9837425 0.08978995 -0.1555269
vn -0.9837425 0.1555253 -0.08979257
vn -0.9837423 0.179586 2.141492E-07
vn -1.794426E-06 0.8660266 0.499998
vn -1.450554E-06 0.4999925 0.8660297
vn -1.050597E-06 -3.110005E-07 1
vn -6.395308E-07 -0.499998 0.8660266
vn -3.898886E-07 -0.8660219 0.5000062
vn 7.66571E-07 -1 -1.179671E-05
vn 1.769112E-06 -0.8660264 -0.4999983
vn 1.851017E-06 -0.4999976 -0.8660268
vn 1.836762E-06 2.38002E-07 -1
vn 6.195242E-07 0.4999981 -0.8660266
vn -3.565719E-07 0.8660269 -0.4999975
vn -8.283208E-07 1 4.626637E-07
vn 1 -2.255138E-07 -1.374908E-07
vn -1 -2.603076E-06 -4.13729E-06
vn -0.9636109 -1.421501E-07 0.2673087
vn -0.6947451 6.173134E-07 0.7192561
vn -0.2505615 1.143959E-06 0.9681007
vn 0.2505645 1.382915E-06 0.9680999
vn 0.6947475 1.280908E-06 0.7192538
vn 0.9636119 7.768213E-07 0.2673055
vn 0.9636109 1.611935E-07 -0.2673089
vn 0.6947452 -5.916265E-07 -0.7192559
vn 0.2505614 -1.186106E-06 -0.9681007
vn -0.2505645 -1.425062E-06 -0.9681
vn -0.6947477 -1.271682E-06 -0.7192535
vn -0.9636119 -8.081915E-07 -0.2673053
vn -0.9636111 0.1336535 0.2314962
vn -0.6947456 0.3596278 0.6228936
vn -0.2505618 0.4840511 0.8383993
vn 0.2505641 0.4840513 0.8383985
vn 0.6947474 0.3596284 0.6228912
vn 0.9636117 0.1336544 0.2314931
vn 0.9636111 -0.1336536 -0.2314964
vn 0.6947455 -0.3596278 -0.6228938
vn 0.250562 -0.484051 -0.8383993
vn -0.2505643 -0.4840512 -0.8383985
vn -0.6947475 -0.3596284 -0.6228912
vn -0.9636118 -0.1336542 -0.2314929
vn -0.9636113 0.2314944 0.1336549
vn -0.6947463 0.6228929 0.3596276
vn -0.2505623 0.8384 0.4840496
vn 0.2505631 0.8384003 0.4840487
vn 0.694747 0.6228934 0.3596254
vn 0.9636115 0.2314954 0.1336517
vn 0.9636113 -0.2314946 -0.1336549
vn 0.694746 -0.6228932 -0.3596278
vn 0.2505624 -0.8384001 -0.4840495
vn -0.2505632 -0.8384002 -0.4840487
vn -0.6947469 -0.6228936 -0.3596253
vn -0.9636115 -0.2314954 -0.1336516
vn -0.9636115 0.2673066 1.23336E-06
vn -0.6947468 0.7192544 1.439037E-07
vn -0.2505635 0.9681002 -8.527321E-07
vn 0.2505627 0.9681004 -1.702929E-06
vn 0.6947461 0.7192551 -2.061686E-06
vn 0.9636112 0.2673076 -1.902981E-06
vn 0.9636115 -0.2673068 -1.27296E-06
vn 0.6947468 -0.7192544 -3.166246E-07
vn 0.2505633 -0.9681002 8.948793E-07
vn -0.2505624 -0.9681005 1.658715E-06
vn -0.6947464 -0.7192548 2.09564E-06
vn -0.9636113 -0.2673075 1.881908E-06
vn -0.9636117 0.2314943 -0.1336522
vn -0.6947474 0.6228921 -0.3596269
vn -0.2505643 0.8383988 -0.4840507
vn 0.2505621 0.8383989 -0.4840515
vn 0.6947455 0.6228929 -0.3596293
vn 0.9636111 0.2314951 -0.1336555
vn 0.9636117 -0.2314943 0.1336523
vn 0.6947473 -0.6228921 0.359627
vn 0.2505641 -0.8383988 0.4840509
vn -0.2505617 -0.838399 0.4840516
vn -0.6947458 -0.6228926 0.3596292
vn -0.9636111 -0.2314949 0.1336553
vn -0.9636118 0.1336528 -0.2314933
vn -0.6947476 0.3596264 -0.6228923
vn -0.2505649 0.484049 -0.8383995
vn 0.2505616 0.4840493 -0.8384004
vn 0.6947452 0.359627 -0.6228945
vn 0.9636109 0.1336537 -0.2314965
vn 0.9636118 -0.1336529 0.2314935
vn 0.6947476 -0.3596263 0.6228923
vn 0.2505644 -0.4840491 0.8383996
vn -0.2505612 -0.4840494 0.8384005
vn -0.6947456 -0.3596268 0.6228942
vn -0.963611 -0.1336536 0.2314963
vn -0.9636118 -8.41075E-07 -0.2673055
vn -0.6947476 -1.298402E-06 -0.7192536
vn -0.250564 -1.467208E-06 -0.9681001
vn 0.250561 -1.272467E-06 -0.9681008
vn 0.6947455 -6.677268E-07 -0.7192557
vn 0.963611 6.811639E-08 -0.2673086
vn 0.9636118 8.153515E-07 0.2673058
vn 0.6947476 1.224368E-06 0.7192537
vn 0.2505643 1.425061E-06 0.9681
vn -0.2505612 1.186106E-06 0.9681008
vn -0.6947452 7.057405E-07 0.719256
vn -0.963611 -3.88129E-08 0.2673085
vn -0.9636117 -0.1336545 -0.2314931
vn -0.6947474 -0.3596285 -0.6228911
vn -0.2505637 -0.4840515 -0.8383985
vn 0.2505614 -0.4840513 -0.8383994
vn 0.6947459 -0.3596278 -0.6228933
vn 0.9636111 -0.1336535 -0.2314962
vn 0.9636116 0.1336545 0.2314932
vn 0.6947473 0.3596285 0.6228913
vn 0.2505642 0.4840513 0.8383984
vn -0.2505619 0.4840511 0.8383993
vn -0.6947456 0.3596278 0.6228936
vn -0.9636112 0.1336533 0.231496
vn -0.9636115 -0.2314955 -0.1336517
vn -0.694747 -0.6228935 -0.3596254
vn -0.2505631 -0.8384002 -0.4840488
vn 0.2505623 -0.8384 -0.4840496
vn 0.6947464 -0.6228927 -0.3596277
vn 0.9636113 -0.2314945 -0.1336549
vn 0.9636115 0.2314956 0.1336518
vn 0.6947466 0.6228938 0.3596255
vn 0.2505632 0.8384003 0.4840486
vn -0.2505625 0.8384 0.4840496
vn -0.6947464 0.6228929 0.3596276
vn -0.9636114 0.2314943 0.1336548
vn -0.9636113 -0.2673077 1.930735E-06
vn -0.6947463 -0.7192549 2.050392E-06
vn -0.2505622 -0.9681005 1.599074E-06
vn 0.2505631 -0.9681003 8.064524E-07
vn 0.6947471 -0.7192541 -2.682783E-07
vn 0.9636116 -0.2673067 -1.20509E-06
vn 0.9636112 0.2673077 -1.893718E-06
vn 0.694746 0.7192553 -1.884831E-06
vn 0.2505624 0.9681005 -1.599074E-06
vn -0.2505633 0.9681002 -6.625179E-07
vn -0.694747 0.7192543 3.577387E-07
vn -0.9636116 0.2673066 1.29145E-06
vn -0.9636111 -0.2314953 0.1336554
vn -0.694746 -0.6228925 0.359629
vn -0.2505613 -0.8383992 0.4840516
vn 0.2505641 -0.8383988 0.4840508
vn 0.6947474 -0.6228921 0.3596269
vn 0.9636117 -0.2314943 0.1336523
vn 0.963611 0.2314954 -0.1336555
vn 0.6947457 0.6228927 -0.3596293
vn 0.2505616 0.838399 -0.4840517
vn -0.2505641 0.8383988 -0.4840508
vn -0.6947474 0.6228921 -0.359627
vn -0.9636118 0.231494 -0.1336522
vn -0.963611 -0.1336537 0.2314965
vn -0.6947454 -0.3596268 0.6228945
vn -0.2505612 -0.4840491 0.8384006
vn 0.2505646 -0.4840489 0.8383997
vn 0.6947475 -0.3596263 0.6228923
vn 0.9636119 -0.1336527 0.2314933
vn 0.9636109 0.1336538 -0.2314967
vn 0.6947454 0.3596267 -0.6228945
vn 0.2505612 0.4840491 -0.8384007
vn -0.2505644 0.4840489 -0.8383998
vn -0.6947478 0.3596261 -0.6228921
vn -0.963612 0.1336527 -0.2314932
vn -2.849189E-06 1 4.127958E-07
vn -3.602433E-07 0.8660257 -0.4999995
vn 2.238997E-06 0.5000003 -0.8660253
vn 4.207668E-06 4.127958E-07 -1
vn 5.075672E-06 -0.4999996 -0.8660256
vn 4.577501E-06 -0.8660252 -0.5000004
vn 2.849168E-06 -1 -2.246481E-07
vn 3.642881E-07 -0.8660256 0.4999997
vn -2.2283E-06 -0.5000004 0.8660253
vn -4.228101E-06 -4.991564E-07 1
vn -5.075692E-06 0.4999997 0.8660256
vn -4.576463E-06 0.8660253 0.5000003
vn -1 -2.818276E-06 -4.250278E-06
vn 1 2.841299E-06 4.256447E-06
vn 0.963612 0.1336564 -0.2314907
vn 0.6947477 0.3596299 -0.6228899
vn 0.2505652 0.4840516 -0.838398
vn -0.2505608 0.4840502 -0.8384001
vn -0.6947448 0.3596261 -0.6228955
vn -0.9636108 0.1336511 -0.2314986
vn -0.9636119 -0.1336565 0.2314909
vn -0.6947479 -0.3596298 0.6228898
vn -0.2505651 -0.4840516 0.838398
vn 0.2505608 -0.4840502 0.8384001
vn 0.694745 -0.359626 0.6228954
vn 0.9636109 -0.133651 0.2314984
vn 0.9636113 0.2314976 -0.1336494
vn 0.6947462 0.6228951 -0.3596241
vn 0.2505626 0.8384006 -0.4840485
vn -0.2505633 0.8383992 -0.4840505
vn -0.6947468 0.6228912 -0.3596297
vn -0.9636115 0.2314924 -0.1336573
vn -0.9636112 -0.2314977 0.1336495
vn -0.6947461 -0.6228951 0.3596242
vn -0.2505628 -0.8384005 0.4840485
vn 0.2505634 -0.8383991 0.4840506
vn 0.6947468 -0.6228911 0.3596297
vn 0.9636115 -0.2314921 0.1336573
vn 0.9636106 0.2673098 4.140418E-06
vn 0.6947446 0.7192565 3.472458E-06
vn 0.2505601 0.9681011 1.838099E-06
vn -0.2505653 0.9680997 -1.945951E-07
vn -0.6947486 0.7192526 -2.318977E-06
vn -0.9636121 0.2673045 -3.720562E-06
vn -0.9636106 -0.2673099 -4.178985E-06
vn -0.6947443 -0.7192569 -3.507444E-06
vn -0.2505602 -0.968101 -1.953247E-06
vn 0.2505654 -0.9680997 1.791689E-07
vn 0.6947486 -0.7192527 2.143156E-06
vn 0.9636121 -0.2673044 3.656825E-06
vn 0.9636102 0.2314973 0.1336577
vn 0.6947433 0.6228945 0.3596308
vn 0.2505588 0.8383997 0.4840519
vn -0.2505673 0.8383983 0.4840499
vn -0.6947496 0.6228907 0.3596251
vn -0.9636126 0.231492 0.1336498
vn -0.9636102 -0.2314975 -0.1336578
vn -0.6947433 -0.6228946 -0.3596307
vn -0.2505586 -0.8383997 -0.484052
vn 0.2505671 -0.8383984 -0.4840499
vn 0.6947499 -0.6228905 -0.359625
vn 0.9636126 -0.231492 -0.1336498
vn 0.9636101 0.1336562 0.2314989
vn 0.694743 0.3596288 0.622896
vn 0.2505584 0.4840502 0.8384008
vn -0.250568 0.4840488 0.8383988
vn -0.6947499 0.3596251 0.6228905
vn -0.9636127 0.1336508 0.231491
vn -0.9636101 -0.1336562 -0.231499
vn -0.6947429 -0.3596288 -0.622896
vn -0.2505581 -0.4840502 -0.838401
vn 0.2505676 -0.4840488 -0.8383989
vn 0.6947501 -0.3596249 -0.6228902
vn 0.9636127 -0.1336507 -0.2314908
vn 0.9636103 2.451362E-06 0.2673111
vn 0.6947434 1.378244E-06 0.7192577
vn 0.2505593 2.730563E-09 0.9681013
vn -0.2505671 -1.415479E-06 0.9680992
vn -0.6947493 -2.430453E-06 0.719252
vn -0.9636125 -2.832207E-06 0.2673032
vn -0.9636103 -2.391204E-06 -0.2673112
vn -0.6947435 -1.321704E-06 -0.7192577
vn -0.2505589 -1.608922E-08 -0.9681014
vn 0.2505667 1.357904E-06 -0.9680994
vn 0.6947497 2.468467E-06 -0.7192516
vn 0.9636126 2.850697E-06 -0.267303
vn 0.9636108 -0.1336512 0.2314986
vn 0.6947449 -0.359626 0.6228954
vn 0.2505603 -0.4840503 0.8384002
vn -0.2505647 -0.4840517 0.8383981
vn -0.6947482 -0.3596298 0.6228896
vn -0.963612 -0.1336564 0.2314906
vn -0.9636108 0.1336512 -0.2314988
vn -0.6947448 0.359626 -0.6228955
vn -0.2505606 0.4840503 -0.8384001
vn 0.2505648 0.4840516 -0.8383981
vn 0.6947479 0.35963 -0.6228898
vn 0.963612 0.1336564 -0.2314905
vn 0.9636114 -0.2314924 0.1336573
vn 0.6947468 -0.6228912 0.3596296
vn 0.2505628 -0.8383994 0.4840504
vn -0.2505622 -0.8384007 0.4840484
vn -0.6947464 -0.6228949 0.3596238
vn -0.9636113 -0.2314976 0.1336494
vn -0.9636114 0.2314926 -0.1336574
vn -0.6947467 0.6228914 -0.3596297
vn -0.2505633 0.8383992 -0.4840505
vn 0.2505627 0.8384005 -0.4840484
vn 0.6947462 0.6228951 -0.3596241
vn 0.9636114 0.2314973 -0.1336493
vn 0.9636121 -0.2673046 3.704102E-06
vn 0.6947486 -0.7192527 2.244943E-06
vn 0.2505652 -0.9680997 2.367419E-07
vn -0.25056 -0.9681011 -1.809312E-06
vn -0.6947448 -0.7192563 -3.339818E-06
vn -0.9636106 -0.2673098 -4.149165E-06
vn -0.9636121 0.2673047 -3.673765E-06
vn -0.6947483 0.719253 -2.210988E-06
vn -0.2505654 0.9680997 -9.280847E-08
vn 0.2505602 0.9681011 1.838099E-06
vn 0.6947447 0.7192564 3.471425E-06
vn 0.9636107 0.2673096 4.174335E-06
vn 0.9636126 -0.2314921 -0.1336499
vn 0.6947497 -0.6228906 -0.359625
vn 0.2505669 -0.8383985 -0.4840499
vn -0.2505584 -0.8383998 -0.4840519
vn -0.6947436 -0.6228942 -0.3596306
vn -0.9636102 -0.2314973 -0.1336577
vn -0.9636126 0.2314921 0.1336499
vn -0.6947494 0.6228909 0.359625
vn -0.250567 0.8383985 0.4840499
vn 0.2505586 0.8383999 0.4840518
vn 0.6947435 0.6228944 0.3596306
vn 0.9636102 0.2314973 0.1336576
vn 0.9636127 -0.1336509 -0.2314911
vn 0.6947503 -0.3596249 -0.6228901
vn 0.2505672 -0.484049 -0.8383989
vn -0.2505582 -0.4840502 -0.8384009
vn -0.694743 -0.3596288 -0.622896
vn -0.9636101 -0.1336561 -0.231499
vn -0.9636126 0.133651 0.2314912
vn -0.69475 0.359625 0.6228904
vn -0.2505674 0.4840487 0.8383989
vn 0.2505581 0.4840502 0.8384009
vn 0.694743 0.3596287 0.622896
vn 0.9636101 0.133656 0.2314987
vn 0.9636125 2.898528E-06 -0.2673032
vn 0.6947494 2.629894E-06 -0.7192519
vn 0.2505667 1.619052E-06 -0.9680994
vn -0.2505591 2.008449E-07 -0.9681013
vn -0.6947434 -1.27749E-06 -0.7192577
vn -0.9636104 -2.387625E-06 -0.267311
vn -0.9636124 -2.938129E-06 0.2673034
vn -0.6947495 -2.731682E-06 0.7192518
vn -0.2505667 -1.605692E-06 0.9680994
vn 0.2505588 -2.316992E-07 0.9681014
vn 0.6947437 1.238444E-06 0.7192575
vn 0.9636104 2.410248E-06 0.2673109
vn -5.673288E-06 0.4999981 0.8660265
vn -4.216267E-06 -2.328613E-06 1
vn -1.623882E-06 -0.500002 0.8660243
vn 1.393775E-06 -0.8660265 0.4999982
vn 4.044415E-06 -1 -2.223246E-06
vn 5.611501E-06 -0.8660243 -0.500002
vn 5.673096E-06 -0.4999979 -0.8660267
vn 4.215311E-06 2.37076E-06 -1
vn 1.630002E-06 0.5000019 -0.8660243
vn -1.397953E-06 0.8660265 -0.4999981
vn -4.046274E-06 1 2.138953E-06
vn -5.611291E-06 0.8660242 0.5000021
vn 1 4.045898E-06 4.20981E-06
vn -1 -3.961934E-06 -4.125846E-06
vn -0.01423191 0.8658956 -0.5000224
vn -0.005204445 0.4999632 -0.8660311
vn 0.005216419 6.754999E-05 -0.9999864
vn 0.0142399 -0.4998467 -0.8659968
vn 0.0194522 -0.865827 -0.4999652
vn 0.01945278 -0.9998108 3.403681E-05
vn 0.01423564 -0.8658955 0.5000224
vn 0.005208106 -0.4999652 0.8660299
vn -0.005212533 -6.816747E-05 0.9999865
vn -0.01423682 0.4998466 0.8659969
vn -0.01944855 0.8658283 0.4999631
vn -0.01944933 0.9998108 -3.346982E-05
vn -0.2212183 0.8440106 0.4885781
vn 0.04021144 -0.9651402 -0.2586262
vn -0.2161109 0.4855895 0.8470531
vn -0.2072673 -0.004001572 0.9782762
vn -0.1970543 -0.493571 0.8470875
vn -0.1882082 -0.851944 0.4886401
vn -0.1831024 -0.9830933 -0.001021856
vn -0.1831022 -0.8518765 -0.4906934
vn -0.1882072 -0.4934548 -0.8491645
vn -0.197053 -0.00386506 -0.9803852
vn -0.207266 0.4856997 -0.8491977
vn -0.216111 0.8440762 -0.4907459
vn -0.2212182 0.9752237 -0.001085026
vn -0.9997973 -0.01944958 -0.005215223
vn 0.9997973 0.01944858 0.005214301
vn 0.03358025 0.5003426 -0.8651761
vn 0.058202 -0.8644236 -0.499384
vn 0.04399282 -0.4988311 0.865582
vn 0.01935763 0.8659302 0.4997903
vn 0.01935785 0.9998126 0.0001682094
vn 0.9997972 0.01945219 0.00521666
vn 0.04398649 0.0008250249 -0.9990318
vn 0.02009138 -0.2583938 0.9658307
vn 0.9997972 0.01944909 0.005218272
vn 0.05820125 -0.9983049 0.0002328656
vn -2.023141E-05 0.9659215 0.2588356
vn 0.9997974 0.01944394 0.005210784
vn 0.03357451 0.0006845227 0.999436
vn 0.02009422 0.2591742 -0.9656216
vn 0.9997972 0.01944894 0.00522351
vn 0.4533288 0.1715415 0.8746809
vn -0.4533288 -0.1715415 -0.8746809
vn 0.5264134 0.1757817 0.8318592
vn 0.9256166 0.08235248 0.3693943
vn 0.9712656 -0.04253259 -0.2341668
vn 0.6459241 -0.1511717 -0.7482842
vn 0.07386167 -0.2020682 -0.9765823
vn -0.5264136 -0.1757816 -0.8318592
vn -0.9256166 -0.08235244 -0.3693941
vn -0.9712656 0.04253264 0.2341671
vn -0.6459242 0.1511717 0.7482842
vn -0.07386178 0.2020682 0.9765823
vn -0.006078606 0.9791477 -0.2030588
vn 0.006078612 -0.9791477 0.2030588
vn -0.01423556 0.4998457 0.8659976
vn -0.00520576 -6.958478E-05 0.9999865
vn 0.005221294 -0.499963 0.8660311
vn 0.01424716 -0.8658977 0.5000184
vn 0.01945668 -0.9998107 3.642807E-05
vn 0.0194551 -0.8658262 -0.4999665
vn 0.01423972 -0.4998473 -0.8659965
vn 0.005208564 6.972364E-05 -0.9999865
vn -0.005215361 0.4999647 -0.8660302
vn -0.0142446 0.865896 -0.5000213
vn -0.01945528 0.9998108 -3.262751E-05
vn -0.01945125 0.8658279 0.4999638
vn 0.9997973 0.01945004 0.005213679
vn -0.9997973 -0.01944988 -0.005213818
vn 0.9809873 0.1746308 -0.08466454
vn 0.9800512 0.1986796 0.005123695
vn 0.980051 0.1746187 0.09491282
vn 0.9809868 0.1088957 0.1606445
vn 0.9826078 0.0191213 0.1847062
vn 0.9844797 -0.07065008 0.1606501
vn 0.9861008 -0.1363633 0.09492291
vn 0.9870368 -0.1604122 0.00513457
vn 0.9870371 -0.1363509 -0.08465412
vn 0.9861013 -0.07062814 -0.150386
vn 0.9844803 0.01914594 -0.174448
vn 0.9826085 0.1089174 -0.1503918
vn 0.8508777 0.4609466 -0.2520626
vn 0.8482033 0.5296521 0.004458777
vn 0.8482028 0.4609112 0.2609846
vn 0.8508763 0.273143 0.448779
vn 0.8555073 0.01665983 0.5175227
vn 0.8608552 -0.2398143 0.4487956
vn 0.8654868 -0.4275566 0.2610134
vn 0.8681611 -0.4962621 0.00449207
vn 0.8681616 -0.4275212 -0.2520337
vn 0.8654882 -0.2397529 -0.4398279
vn 0.8608571 0.01673037 -0.5085716
vn 0.8555093 0.2732044 -0.4398446
vn 0.6184717 0.6849362 -0.385169
vn 0.6144222 0.7889707 0.003257627
vn 0.6144215 0.6848827 0.3916913
vn 0.6184697 0.4005624 0.6760511
vn 0.6254821 0.01219324 0.7801433
vn 0.6335798 -0.3761615 0.6760764
vn 0.6405931 -0.6604426 0.3917348
vn 0.6446425 -0.764477 0.003308189
vn 0.6446434 -0.660389 -0.3851252
vn 0.6405951 -0.3760688 -0.6694851
vn 0.6335825 0.01230035 -0.7735774
vn 0.6254849 0.4006552 -0.6695103
vn 0.3181692 0.8233339 -0.4699889
vn 0.3132517 0.9496687 0.00169849
vn 0.3132508 0.8232689 0.4733945
vn 0.3181667 0.4780034 0.8187079
vn 0.3266823 0.006385886 0.9451126
vn 0.3365159 -0.4652143 0.8187386
vn 0.3450324 -0.8104322 0.4734474
vn 0.34995 -0.9367668 0.001759899
vn 0.3499509 -0.810367 -0.4699358
vn 0.345035 -0.4651017 -0.8152493
vn 0.3365194 0.006515865 -0.941654
vn 0.3266858 0.4781162 -0.8152799
vn -0.01423752 0.8658961 -0.5000214
vn -0.01945021 0.9998108 -3.261199E-05
vn -0.01945124 0.8658271 0.4999651
vn -0.01424037 0.4998457 0.8659974
vn -0.00521388 -6.889331E-05 0.9999864
vn 0.005209753 -0.4999652 0.8660299
vn 0.01423727 -0.8658962 0.5000212
vn 0.01944989 -0.9998109 3.24839E-05
vn 0.01945088 -0.8658271 -0.499965
vn 0.01424 -0.4998458 -0.8659973
vn 0.005213398 6.888394E-05 -0.9999865
vn -0.005209967 0.4999653 -0.8660299
vn -0.3450321 0.8104322 -0.4734476
vn -0.34995 0.9367667 -0.001760025
vn -0.3499509 0.8103671 0.4699358
vn -0.3450349 0.4651017 0.8152493
vn -0.3365193 -0.006515905 0.9416541
vn -0.3266859 -0.4781161 0.81528
vn -0.3181692 -0.8233341 0.4699888
vn -0.3132517 -0.9496686 -0.0016987
vn -0.3132508 -0.823269 -0.4733943
vn -0.3181667 -0.4780035 -0.8187079
vn -0.3266822 -0.006385927 -0.9451127
vn -0.3365159 0.4652143 -0.8187385
vn -0.640593 0.6604425 -0.3917351
vn -0.6446425 0.764477 -0.003308357
vn -0.6446433 0.660389 0.3851253
vn -0.6405952 0.3760688 0.669485
vn -0.6335827 -0.01230031 0.7735773
vn -0.6254851 -0.4006551 0.6695102
vn -0.6184718 -0.6849363 0.3851689
vn -0.6144222 -0.7889708 -0.003257838
vn -0.6144214 -0.6848827 -0.3916913
vn -0.6184697 -0.4005625 -0.6760511
vn -0.625482 -0.01219328 -0.7801434
vn -0.6335797 0.3761617 -0.6760764
vn -0.8654868 0.4275565 -0.2610136
vn -0.8681612 0.496262 -0.004492217
vn -0.8681617 0.4275212 0.2520337
vn -0.8654882 0.239753 0.4398279
vn -0.8608571 -0.01673022 0.5085717
vn -0.8555092 -0.2732042 0.4398448
vn -0.8508776 -0.4609466 0.2520625
vn -0.8482033 -0.5296521 -0.004458756
vn -0.8482028 -0.4609112 -0.2609846
vn -0.8508763 -0.2731429 -0.4487789
vn -0.8555074 -0.01665953 -0.5175225
vn -0.8608553 0.2398144 -0.4487954
vn -0.9861008 0.136363 -0.09492306
vn -0.9870369 0.1604118 -0.005134982
vn -0.987037 0.1363512 0.08465447
vn -0.9861013 0.07062808 0.1503858
vn -0.9844804 -0.01914633 0.1744475
vn -0.9826085 -0.1089171 0.1503921
vn -0.9809874 -0.1746304 0.08466469
vn -0.9800512 -0.1986793 -0.005123474
vn -0.9800511 -0.1746183 -0.0949125
vn -0.9809868 -0.1088959 -0.1606446
vn -0.9826078 -0.01912136 -0.1847062
vn -0.9844796 0.0706495 -0.1606505
vn -4.149738E-06 1 -2.177052E-06
vn -5.669222E-06 0.8660248 -0.5000011
vn -5.947009E-06 0.4999996 -0.8660257
vn -5.958046E-06 -2.090701E-06 -1
vn -6.228044E-06 -0.5000011 -0.8660248
vn -4.407495E-06 -0.8660257 -0.4999996
vn -3.194194E-06 -1 2.292215E-06
vn -2.999841E-06 -0.8660247 0.5000011
vn -2.03662E-06 -0.4999995 0.8660257
vn -2.029371E-06 2.004336E-06 1
vn -3.001675E-06 0.5000011 0.8660249
vn -3.440114E-06 0.8660257 0.4999996
vn -1 -5.762535E-07 2.203462E-06
vn 1 5.923443E-07 -2.049366E-06
vn 7.095303E-07 1.392858E-06 1
vn 3.437085E-06 0.5000014 0.8660246
vn -5.073721E-07 0.8660263 0.4999985
vn -1.442721E-06 1 -1.308768E-06
vn 7.074549E-07 0.8660246 -0.5000014
vn -3.037079E-06 0.4999985 -0.8660263
vn -3.022976E-06 -1.452499E-06 -1
vn 5.895116E-07 -0.5000014 -0.8660247
vn -1.606838E-06 -0.8660263 -0.4999985
vn -6.71389E-07 -1 1.337559E-06
vn 3.372326E-06 -0.8660247 0.5000014
vn 5.229785E-07 -0.4999985 0.8660263
vn -1 -2.979768E-07 2.212282E-06
vn 1 3.740888E-07 -2.031381E-06
vn -6.837027E-06 0.8660244 0.5000018
vn -2.124981E-06 1 1.907153E-06
vn -2.594594E-06 0.8660263 -0.4999985
vn 5.041661E-07 0.500002 -0.8660243
vn 6.166789E-06 1.928226E-06 -1
vn 4.471878E-06 -0.4999985 -0.8660263
vn 4.523582E-06 -0.8660244 -0.5000018
vn 6.151577E-06 -1 -1.864989E-06
vn 4.803843E-07 -0.8660263 0.4999985
vn -2.618277E-06 -0.5000019 0.8660243
vn -2.087009E-06 -1.92821E-06 1
vn -6.985978E-06 0.4999985 0.8660263
vn -1 -3.858856E-06 -4.192954E-06
vn 1 4.053577E-06 4.21749E-06
vn 0.9636111 0.2314986 -0.133649
vn 0.6947454 0.6228965 -0.3596232
vn 0.2505615 0.8384016 -0.4840473
vn -0.250564 0.8383996 -0.4840493
vn -0.6947474 0.6228911 -0.3596288
vn -0.9636117 0.2314914 -0.133657
vn -0.963611 -0.2314987 0.1336491
vn -0.6947459 -0.6228961 0.3596231
vn -0.2505617 -0.8384016 0.4840473
vn 0.2505638 -0.8383997 0.4840494
vn 0.6947474 -0.622891 0.3596288
vn 0.9636117 -0.2314914 0.1336569
vn 0.9636105 0.2673106 4.539649E-06
vn 0.6947439 0.7192572 4.408876E-06
vn 0.2505593 0.9681013 3.140629E-06
vn -0.2505664 0.9680995 1.022558E-06
vn -0.6947494 0.719252 -1.389278E-06
vn -0.9636124 0.2673036 -3.443915E-06
vn -0.9636104 -0.2673109 -4.592333E-06
vn -0.6947437 -0.7192575 -4.408876E-06
vn -0.2505594 -0.9681013 -3.056336E-06
vn 0.2505665 -0.9680994 -9.382635E-07
vn 0.6947493 -0.719252 1.389278E-06
vn 0.9636124 -0.2673033 3.401768E-06
vn 0.96361 0.2314979 0.133658
vn 0.6947429 0.6228946 0.3596315
vn 0.2505575 0.8383995 0.4840531
vn -0.2505678 0.8383976 0.4840511
vn -0.6947505 0.6228893 0.3596258
vn -0.9636129 0.2314909 0.1336501
vn -0.9636099 -0.2314982 -0.1336582
vn -0.6947426 -0.6228947 -0.3596317
vn -0.2505576 -0.8383993 -0.4840531
vn 0.250568 -0.8383976 -0.484051
vn 0.6947505 -0.6228893 -0.3596258
vn 0.9636129 -0.2314907 -0.13365
vn 0.96361 0.1336565 0.231499
vn 0.6947426 0.3596284 0.6228966
vn 0.2505576 0.4840493 0.8384016
vn -0.2505683 0.4840474 0.8383995
vn -0.6947506 0.3596234 0.6228907
vn -0.9636129 0.1336495 0.2314911
vn -0.9636099 -0.1336567 -0.2314993
vn -0.6947427 -0.3596286 -0.6228965
vn -0.2505575 -0.4840492 -0.8384017
vn 0.2505682 -0.4840474 -0.8383995
vn 0.6947507 -0.3596233 -0.6228906
vn 0.9636129 -0.1336494 -0.2314908
vn 0.9636104 2.956264E-06 0.2673111
vn 0.6947435 9.400632E-07 0.7192577
vn 0.2505589 -1.201894E-06 0.9681013
vn -0.2505673 -3.081011E-06 0.9680992
vn -0.6947495 -4.153381E-06 0.7192519
vn -0.9636125 -4.150475E-06 0.2673032
vn -0.9636102 -2.977336E-06 -0.2673114
vn -0.6947436 -8.979172E-07 -0.7192575
vn -0.2505586 1.244042E-06 -0.9681014
vn 0.250567 3.08101E-06 -0.9680993
vn 0.6947498 4.195528E-06 -0.7192516
vn 0.9636126 4.139938E-06 -0.2673029
vn 0.9636109 -0.1336505 0.2314984
vn 0.6947454 -0.3596261 0.6228949
vn 0.2505611 -0.4840512 0.8383994
vn -0.2505648 -0.484053 0.8383973
vn -0.694748 -0.3596312 0.622889
vn -0.9636118 -0.1336576 0.2314904
vn -0.9636109 0.1336507 -0.2314986
vn -0.6947453 0.3596263 -0.6228948
vn -0.2505611 0.4840512 -0.8383994
vn 0.2505646 0.484053 -0.8383973
vn 0.6947479 0.3596314 -0.6228891
vn 0.963612 0.1336576 -0.2314902
vn 0.9636117 -0.2314915 0.133657
vn 0.6947471 -0.6228913 0.3596289
vn 0.2505632 -0.8383999 0.4840493
vn -0.2505612 -0.8384017 0.4840472
vn -0.6947458 -0.6228962 0.359623
vn -0.9636112 -0.2314984 0.1336489
vn -0.9636117 0.2314917 -0.1336571
vn -0.6947474 0.6228911 -0.3596288
vn -0.2505636 0.8383997 -0.4840494
vn 0.2505617 0.8384016 -0.4840472
vn 0.6947458 0.6228963 -0.359623
vn 0.9636112 0.2314984 -0.1336489
vn 0.9636124 -0.2673036 3.422841E-06
vn 0.6947493 -0.719252 1.22069E-06
vn 0.250566 -0.9680996 -1.233294E-06
vn -0.2505589 -0.9681014 -3.351362E-06
vn -0.6947442 -0.719257 -4.577464E-06
vn -0.9636104 -0.2673107 -4.602869E-06
vn -0.9636124 0.2673038 -3.433377E-06
vn -0.6947491 0.7192523 -1.220689E-06
vn -0.2505664 0.9680995 1.106852E-06
vn 0.2505592 0.9681013 3.224922E-06
vn 0.6947439 0.7192573 4.493169E-06
vn 0.9636105 0.2673104 4.592332E-06
vn 0.9636128 -0.2314909 -0.13365
vn 0.6947505 -0.6228895 -0.3596257
vn 0.2505678 -0.8383976 -0.484051
vn -0.2505575 -0.8383995 -0.4840531
vn -0.6947429 -0.6228945 -0.3596315
vn -0.9636101 -0.231498 -0.1336581
vn -0.9636128 0.231491 0.1336501
vn -0.6947503 0.6228895 0.3596258
vn -0.250568 0.8383974 0.484051
vn 0.2505577 0.8383995 0.484053
vn 0.6947429 0.6228945 0.3596316
vn 0.9636101 0.2314978 0.1336579
vn 0.9636129 -0.1336495 -0.231491
vn 0.6947507 -0.3596234 -0.6228906
vn 0.250568 -0.4840474 -0.8383996
vn -0.2505572 -0.4840493 -0.8384017
vn -0.6947428 -0.3596284 -0.6228964
vn -0.9636099 -0.1336565 -0.2314989
vn -0.9636129 0.1336497 0.2314912
vn -0.6947505 0.3596236 0.6228907
vn -0.2505682 0.4840475 0.8383995
vn 0.2505575 0.4840494 0.8384016
vn 0.6947427 0.3596285 0.6228964
vn 0.96361 0.1336564 0.2314988
vn 0.9636125 4.118865E-06 -0.2673031
vn 0.6947499 4.111234E-06 -0.7192515
vn 0.2505666 2.954569E-06 -0.9680994
vn -0.2505585 1.244042E-06 -0.9681014
vn -0.6947436 -9.822108E-07 -0.7192575
vn -0.9636103 -2.914117E-06 -0.267311
vn -0.9636124 -4.108329E-06 0.2673034
vn -0.6947496 -4.195528E-06 0.7192518
vn -0.2505668 -3.165303E-06 0.9680993
vn 0.2505586 -1.286189E-06 0.9681014
vn 0.6947436 9.400636E-07 0.7192576
vn 0.9636104 2.924654E-06 0.2673109
vn 0.9636119 0.1336576 -0.2314903
vn 0.6947482 0.3596313 -0.6228888
vn 0.2505642 0.4840533 -0.8383973
vn -0.2505613 0.4840513 -0.8383993
vn -0.6947452 0.3596264 -0.6228949
vn -0.9636109 0.1336505 -0.2314983
vn -0.9636118 -0.1336578 0.2314906
vn -0.694748 -0.3596314 0.6228889
vn -0.2505643 -0.4840533 0.8383973
vn 0.2505608 -0.4840514 0.8383994
vn 0.6947455 -0.3596263 0.6228946
vn 0.9636109 -0.1336505 0.2314982
vn -0.9636109 1.656432E-07 0.2673089
vn -0.6947449 9.68989E-07 0.7192563
vn -0.2505607 1.389834E-06 0.968101
vn 0.2505648 1.498019E-06 0.9680998
vn 0.694748 1.29311E-06 0.7192533
vn 0.963612 5.912119E-07 0.2673052
vn 0.9636108 -1.620266E-07 -0.2673091
vn 0.6947453 -8.600414E-07 -0.7192559
vn 0.2505609 -1.405261E-06 -0.9681009
vn -0.2505646 -1.495952E-06 -0.9681
vn -0.6947481 -1.236569E-06 -0.7192532
vn -0.963612 -6.354255E-07 -0.2673051
vn -0.963611 0.1336536 0.2314963
vn -0.6947455 0.3596281 0.6228936
vn -0.2505614 0.4840514 0.8383992
vn 0.2505643 0.4840515 0.8383983
vn 0.6947478 0.3596283 0.6228909
vn 0.9636118 0.1336541 0.2314927
vn 0.9636109 -0.1336538 -0.2314965
vn 0.6947453 -0.3596282 -0.6228938
vn 0.2505615 -0.4840513 -0.8383993
vn -0.2505645 -0.4840514 -0.8383983
vn -0.6947477 -0.3596283 -0.6228909
vn -0.9636118 -0.133654 -0.2314925
vn -0.9636113 0.2314947 0.133655
vn -0.6947461 0.6228931 0.3596276
vn -0.2505619 0.8384003 0.4840493
vn 0.2505634 0.8384004 0.4840483
vn 0.6947473 0.6228934 0.3596249
vn 0.9636116 0.2314952 0.1336514
vn 0.9636111 -0.2314949 -0.133655
vn 0.6947459 -0.6228934 -0.3596276
vn 0.2505621 -0.8384003 -0.4840492
vn -0.2505636 -0.8384004 -0.4840484
vn -0.6947472 -0.6228935 -0.3596249
vn -0.9636117 -0.231495 -0.1336513
vn -0.9636115 0.2673068 1.339431E-06
vn -0.6947467 0.7192546 4.670412E-08
vn -0.2505632 0.9681003 -1.042564E-06
vn 0.2505628 0.9681004 -1.968516E-06
vn 0.6947464 0.7192549 -2.463149E-06
vn 0.9636114 0.2673074 -2.198443E-06
vn 0.9636114 -0.2673072 -1.366704E-06
vn 0.6947467 -0.7192545 -2.050318E-07
vn 0.2505631 -0.9681004 1.128925E-06
vn -0.2505626 -0.9681004 1.981876E-06
vn -0.6947466 -0.7192547 2.436429E-06
vn -0.9636115 -0.2673071 2.203609E-06
vn -0.9636117 0.2314943 -0.1336521
vn -0.6947473 0.6228922 -0.3596271
vn -0.2505642 0.8383987 -0.484051
vn 0.250562 0.8383988 -0.4840519
vn 0.6947457 0.6228926 -0.3596296
vn 0.9636111 0.2314948 -0.1336557
vn 0.9636117 -0.2314946 0.1336522
vn 0.6947474 -0.622892 0.359627
vn 0.2505638 -0.8383988 0.484051
vn -0.2505617 -0.8383989 0.4840519
vn -0.6947459 -0.6228923 0.3596296
vn -0.9636111 -0.2314946 0.1336556
vn -0.9636119 0.1336529 -0.2314931
vn -0.6947479 0.3596263 -0.622892
vn -0.2505646 0.4840489 -0.8383997
vn 0.2505613 0.484049 -0.8384007
vn 0.6947454 0.3596266 -0.6228945
vn 0.9636109 0.1336534 -0.2314967
vn 0.9636118 -0.1336531 0.2314934
vn 0.6947479 -0.3596261 0.6228921
vn 0.2505646 -0.4840488 0.8383997
vn -0.2505611 -0.484049 0.8384007
vn -0.6947453 -0.3596266 0.6228947
vn -0.9636111 -0.1336533 0.2314966
vn -0.963612 -6.616291E-07 -0.2673053
vn -0.6947477 -1.30337E-06 -0.7192535
vn -0.250564 -1.637819E-06 -0.9681
vn 0.2505604 -1.518342E-06 -0.968101
vn 0.6947452 -9.895821E-07 -0.7192559
vn 0.963611 -1.9753E-07 -0.2673087
vn 0.9636119 6.148322E-07 0.2673055
vn 0.694748 1.220109E-06 0.7192533
vn 0.2505645 1.524739E-06 0.9681
vn -0.2505609 1.434048E-06 0.9681009
vn -0.6947452 1.032762E-06 0.719256
vn -0.963611 2.196367E-07 0.2673087
vn -0.9636118 -0.1336541 -0.2314927
vn -0.6947478 -0.3596285 -0.6228908
vn -0.2505639 -0.4840517 -0.8383982
vn 0.250561 -0.4840516 -0.8383992
vn 0.6947458 -0.3596281 -0.6228933
vn 0.9636111 -0.1336537 -0.2314963
vn 0.9636118 0.1336542 0.2314929
vn 0.6947476 0.3596286 0.622891
vn 0.2505643 0.4840515 0.8383982
vn -0.2505613 0.4840515 0.8383992
vn -0.6947455 0.3596282 0.6228936
vn -0.9636111 0.1336536 0.2314961
vn -0.9636117 -0.2314952 -0.1336514
vn -0.6947473 -0.6228934 -0.3596251
vn -0.2505634 -0.8384004 -0.4840484
vn 0.2505619 -0.8384003 -0.4840493
vn 0.6947462 -0.6228932 -0.3596275
vn 0.9636112 -0.2314948 -0.133655
vn 0.9636115 0.2314953 0.1336515
vn 0.694747 0.6228936 0.359625
vn 0.2505636 0.8384004 0.4840483
vn -0.2505621 0.8384002 0.4840494
vn -0.6947461 0.6228932 0.3596275
vn -0.9636113 0.2314946 0.1336549
vn -0.9636114 -0.2673073 2.199993E-06
vn -0.6947466 -0.7192547 2.393249E-06
vn -0.2505624 -0.9681004 2.039449E-06
vn 0.2505628 -0.9681004 1.113499E-06
vn 0.6947469 -0.7192544 -1.29965E-07
vn 0.9636115 -0.2673068 -1.353308E-06
vn 0.9636113 0.2673076 -2.166039E-06
vn 0.6947463 0.7192549 -2.289395E-06
vn 0.2505626 0.9681005 -1.866729E-06
vn -0.250563 0.9681004 -9.69564E-07
vn -0.6947469 0.7192544 1.741784E-07
vn -0.9636116 0.2673067 1.335815E-06
vn -0.9636111 -0.2314948 0.1336557
vn -0.694746 -0.6228923 0.3596294
vn -0.2505614 -0.8383989 0.4840519
vn 0.2505637 -0.8383987 0.484051
vn 0.6947474 -0.6228921 0.3596269
vn 0.9636117 -0.2314943 0.1336521
vn 0.963611 0.2314951 -0.1336558
vn 0.6947457 0.6228925 -0.3596297
vn 0.2505616 0.8383988 -0.484052
vn -0.2505638 0.8383987 -0.484051
vn -0.6947474 0.6228921 -0.359627
vn -0.9636118 0.2314941 -0.133652
vn -0.963611 -0.1336533 0.2314967
vn -0.6947456 -0.3596263 0.6228945
vn -0.2505607 -0.4840488 0.838401
vn 0.2505647 -0.4840487 0.8383998
vn 0.6947477 -0.3596262 0.6228922
vn 0.9636119 -0.1336529 0.2314931
vn 0.9636109 0.1336535 -0.231497
vn 0.6947454 0.3596264 -0.6228947
vn 0.2505608 0.4840488 -0.8384009
vn -0.2505643 0.4840487 -0.8383999
vn -0.694748 0.359626 -0.622892
vn -0.9636119 0.1336528 -0.231493
vt 0.1105576 0.1945343
vt 0.108289 0.1936484
vt 0.1142823 0.1783019
vt 0.1165509 0.1791878
vt 0.1161007 0.1803406
vt 0.1116922 0.1916292
vt 0.1789454 0.1597826
vt 0.1765223 0.1595378
vt 0.1768357 0.1564348
vt 0.1780537 0.1443774
vt 0.1781781 0.143146
vt 0.1806012 0.1433908
vt 0.1888202 0.1035244
vt 0.1864394 0.1040376
vt 0.1857822 0.1009888
vt 0.188163 0.1004756
vt 0.1400671 0.08960283
vt 0.1378667 0.09064667
vt 0.1308053 0.07576139
vt 0.1330057 0.07471754
vt 0.1335362 0.07583572
vt 0.1387304 0.086785
vt 0.06472554 0.1256336
vt 0.06264278 0.1268959
vt 0.06102623 0.1242287
vt 0.05474477 0.1138649
vt 0.05410329 0.1128065
vt 0.05618605 0.1115441
vt -0.02046413 0.1744374
vt -0.02257507 0.175652
vt -0.02413052 0.1729487
vt -0.02201958 0.1717341
vt -0.1082887 0.1936484
vt -0.1105573 0.1945343
vt -0.1120556 0.1906977
vt -0.1135539 0.1868611
vt -0.1165505 0.1791878
vt -0.114282 0.1783019
vt -0.1138317 0.1794547
vt -0.1094232 0.1907433
vt -0.1765224 0.1595377
vt -0.177734 0.1596601
vt -0.1781479 0.1555621
vt -0.1769364 0.1554397
vt 0.1889045 0.04722707
vt 0.1911852 0.04637266
vt 0.1915241 0.0472772
vt 0.1903837 0.04770441
vt 0.1892434 0.04813161
vt -0.1378673 0.09064652
vt -0.1389675 0.0901246
vt -0.1372021 0.08640327
vt -0.1356733 0.0860217
vt -0.06264269 0.126896
vt -0.06472545 0.1256336
vt -0.06310891 0.1229664
vt -0.05682746 0.1126026
vt -0.05618597 0.1115442
vt -0.0541032 0.1128065
vt -0.05837295 0.1198512
vt -0.06050783 0.1233736
vt 0.02257515 0.1756519
vt 0.02046421 0.1744373
vt 0.02201966 0.171734
vt 0.0241306 0.1729487
vt -0.06472617 0.1256344
vt -0.06264341 0.1268968
vt -0.06447238 0.1299145
vt -0.06655515 0.1286521
vt 0.04311906 0.2284536
vt 0.04119137 0.2269652
vt 0.04228752 0.2259403
vt 0.04383334 0.2271338
vt 0.1669294 0.13721
vt 0.1645597 0.1366477
vt 0.1651364 0.1352622
vt 0.1670367 0.1357131
vt 0.1626977 -0.03753428
vt 0.1605065 -0.03647131
vt 0.1600771 -0.03790928
vt 0.1618342 -0.03876167
vt 0.06499674 -0.05962609
vt 0.06314301 -0.05804651
vt 0.06236597 -0.05933041
vt 0.06385247 -0.06059707
vt -0.01746789 -0.005795218
vt -0.01934448 -0.004242861
vt -0.0201027 -0.005537961
vt -0.01859787 -0.006782804
vt -0.08711521 0.05824074
vt -0.08918327 0.05952702
vt -0.08976073 0.05814184
vt -0.08810235 0.05711036
vt -0.1445847 0.1040425
vt -0.1468756 0.1048691
vt -0.1471514 0.1033939
vt -0.1453143 0.1027311
vt -0.1815668 0.1244972
vt -0.1839931 0.124708
vt -0.183881 0.1232115
vt -0.1819353 0.1230424
vt -0.1883061 0.1334697
vt -0.1906994 0.1330186
vt -0.1901881 0.1316077
vt -0.1882689 0.1319694
vt -0.1641553 0.1517974
vt -0.166368 0.1507798
vt -0.1655299 0.1495349
vt -0.1637556 0.1503509
vt -0.1165714 0.1856456
vt -0.1185586 0.1842377
vt -0.1175056 0.1831685
vt -0.115912 0.1842975
vt -0.05002534 0.2211629
vt -0.05186477 0.2195667
vt -0.0507118 0.2186061
vt -0.04923677 0.2198861
vt 0.1453514 0.1090523
vt 0.1435116 0.1083973
vt 0.143789 0.1070064
vt 0.1460153 0.107799
vt 0.1838904 0.1236772
vt 0.1819447 0.123509
vt 0.1818613 0.1220932
vt 0.1842156 0.1222967
vt 0.1890285 0.1265679
vt 0.1871088 0.1269271
vt 0.1866492 0.1255854
vt 0.188972 0.1251507
vt 0.1605343 0.1420233
vt 0.1587542 0.1428266
vt 0.1579901 0.1416319
vt 0.160144 0.1406598
vt 0.1077066 0.176567
vt 0.1060904 0.1776635
vt 0.1051329 0.1766174
vt 0.1070884 0.1752906
vt 0.03619977 0.2135831
vt 0.03467358 0.2148017
vt 0.03363775 0.213833
vt 0.03548446 0.2123585
vt -0.05911012 0.2192688
vt -0.06072967 0.2203602
vt -0.06168394 0.2193111
vt -0.05972428 0.2179905
vt -0.1695963 0.1310208
vt -0.1715117 0.1314019
vt -0.1719867 0.1300656
vt -0.169669 0.1296044
vt -0.1650963 -0.02070736
vt -0.1669026 -0.02144985
vt -0.1665588 -0.02282576
vt -0.1643731 -0.02192734
vt -0.07288642 -0.04613505
vt -0.07444225 -0.04731552
vt -0.0737574 -0.04855743
vt -0.07187485 -0.04712906
vt 0.01178216 0.004317835
vt 0.01023768 0.003122505
vt 0.0109344 0.001887214
vt 0.01280321 0.003333563
vt 0.08475354 0.06653606
vt 0.08308039 0.06552874
vt 0.08362849 0.0642207
vt 0.08565301 0.06543957
vt 0.05126373 0.2253922
vt 0.04934971 0.2240063
vt 0.05037852 0.2229683
vt 0.05192889 0.2240909
vt 0.1691975 0.1348648
vt 0.1668887 0.1343609
vt 0.167416 0.1329979
vt 0.1692861 0.133406
vt 0.1650909 -0.02955071
vt 0.1629347 -0.02858375
vt 0.1625486 -0.02999333
vt 0.1642952 -0.03077657
vt 0.06980267 -0.05380045
vt 0.06796357 -0.05231651
vt 0.06723145 -0.05358141
vt 0.06872112 -0.0547834
vt -0.01380527 -0.001549237
vt -0.01564891 -7.096368E-05
vt -0.01637715 -0.001338109
vt -0.01488381 -0.002535508
vt -0.08499511 0.06182316
vt -0.08701036 0.0630573
vt -0.08757313 0.06170849
vt -0.08594078 0.06070884
vt -0.1438877 0.1064054
vt -0.1461122 0.1072026
vt -0.1463881 0.1057674
vt -0.1445862 0.1051216
vt -0.1816261 0.1245698
vt -0.1839804 0.1247737
vt -0.1838814 0.1233156
vt -0.1819744 0.1231504
vt -0.1877838 0.1311334
vt -0.1901064 0.1306974
vt -0.1896193 0.1293195
vt -0.187738 0.1296727
vt -0.1618503 0.1484019
vt -0.1640006 0.147422
vt -0.1631976 0.146201
vt -0.1614558 0.1469947
vt -0.1120144 0.1826998
vt -0.1139557 0.1813522
vt -0.1129478 0.1802939
vt -0.1113753 0.1813854
vt -0.04319553 0.2189563
vt -0.0450098 0.2174421
vt -0.04391213 0.2164772
vt -0.04244257 0.2177037
vt 0.1455875 0.1083916
vt 0.143784 0.1077503
vt 0.1440621 0.1063685
vt 0.1462443 0.1071445
vt 0.1839934 0.1222868
vt 0.1820864 0.122122
vt 0.1820063 0.1207148
vt 0.1843138 0.1209142
vt 0.1886091 0.124503
vt 0.1867276 0.1248549
vt 0.1862736 0.1235206
vt 0.1885502 0.1230948
vt 0.1593372 0.1397428
vt 0.157592 0.1405289
vt 0.1568358 0.1393395
vt 0.1589475 0.1383882
vt 0.1057469 0.1744993
vt 0.1041606 0.1755705
vt 0.1032133 0.1745269
vt 0.1051327 0.1732307
vt 0.03365274 0.211756
vt 0.03215162 0.2129436
vt 0.03112845 0.2119743
vt 0.03294479 0.2105372
vt -0.06171055 0.2172273
vt -0.06330512 0.2182861
vt -0.06424425 0.2172351
vt -0.06231481 0.2159539
vt -0.1703153 0.1292216
vt -0.1721939 0.1295885
vt -0.1726585 0.1282578
vt -0.1703854 0.1278139
vt -0.1650569 -0.02014278
vt -0.1668318 -0.02085951
vt -0.1664958 -0.02222833
vt -0.1643482 -0.0213611
vt -0.07319584 -0.0456825
vt -0.07472773 -0.04683017
vt -0.07405214 -0.04806717
vt -0.07219855 -0.04667848
vt 0.01167156 0.004407871
vt 0.01015369 0.003241678
vt 0.01084424 0.002012964
vt 0.01268086 0.003424057
vt 0.08486938 0.06634428
vt 0.08322803 0.06535949
vt 0.08377337 0.06405978
vt 0.08575942 0.06525137
vt 0.05420669 0.2233188
vt 0.05232004 0.2219754
vt 0.05333133 0.2209345
vt 0.05485953 0.2220227
vt 0.1700397 0.132868
vt 0.1677747 0.1323843
vt 0.1682895 0.1310273
vt 0.1701242 0.1314192
vt 0.165077 -0.02877187
vt 0.1629566 -0.02784019
vt 0.162581 -0.02924204
vt 0.1642985 -0.02999671
vt 0.07015173 -0.05330477
vt 0.06833912 -0.05186301
vt 0.06761836 -0.05312269
vt 0.06908657 -0.05429052
vt -0.0137256 -0.001475639
vt -0.01553836 -3.403618E-05
vt -0.01625901 -0.001293793
vt -0.01479069 -0.002461489
vt -0.08517593 0.06160055
vt -0.08715321 0.06280659
vt -0.08771237 0.0614673
vt -0.08611076 0.06049041
vt -0.1441923 0.1057034
vt -0.146373 0.1064836
vt -0.1466491 0.1050588
vt -0.1448828 0.1044268
vt -0.1817802 0.1231347
vt -0.1840877 0.1233345
vt -0.1839922 0.1218863
vt -0.1821231 0.1217245
vt -0.1873869 0.1290295
vt -0.1896633 0.1286026
vt -0.1891827 0.1272332
vt -0.1873388 0.127579
vt -0.1606314 0.1460938
vt -0.1627399 0.1451353
vt -0.1619459 0.1439205
vt -0.1602381 0.1446968
vt -0.1099641 0.1806296
vt -0.11187 0.1793136
vt -0.1108739 0.1782581
vt -0.1093301 0.1793241
vt -0.04045377 0.2171547
vt -0.04223942 0.2156797
vt -0.04115621 0.2147138
vt -0.03970983 0.2159086
vt 0.1184328 0.1736051
vt 0.1166853 0.1729227
vt 0.117541 0.1707314
vt 0.1192885 0.1714138
vt 0.1809144 0.1375109
vt 0.1790479 0.1373223
vt 0.1792843 0.1349818
vt 0.1811509 0.1351703
vt 0.1838357 0.08172929
vt 0.1820018 0.08212461
vt 0.1815061 0.07982494
vt 0.18334 0.07942961
vt 0.1302314 0.06952286
vt 0.1285364 0.07032694
vt 0.1275281 0.06820146
vt 0.1292231 0.06739738
vt 0.05289876 0.1066556
vt 0.0512944 0.107628
vt 0.05007508 0.1056162
vt 0.05167945 0.1046438
vt -0.03185907 0.1551961
vt -0.03348513 0.1561317
vt -0.03465837 0.1540927
vt -0.03303231 0.1531571
vt -0.116683 0.172923
vt -0.1184305 0.1736055
vt -0.1192862 0.1714142
vt -0.1175387 0.1707317
vt -0.1790482 0.1373219
vt -0.1809147 0.1375104
vt -0.1811512 0.1351699
vt -0.1792847 0.1349813
vt -0.1820027 0.08212575
vt -0.1838366 0.08173044
vt -0.1833409 0.07943076
vt -0.181507 0.07982607
vt -0.1285363 0.07032691
vt -0.1302313 0.06952284
vt -0.1292231 0.06739736
vt -0.1275281 0.06820143
vt -0.05129188 0.1076294
vt -0.05289625 0.1066571
vt -0.05167694 0.1046452
vt -0.05007257 0.1056176
vt 0.0334828 0.1561305
vt 0.03185674 0.1551948
vt 0.03302998 0.1531558
vt 0.03465604 0.1540914
vt 0.1192886 0.1714136
vt 0.1175411 0.1707312
vt 0.1183969 0.1685399
vt 0.1201444 0.1692223
vt 0.1811509 0.1351703
vt 0.1792843 0.1349818
vt 0.1795208 0.1326412
vt 0.1813873 0.1328298
vt 0.1833401 0.07943031
vt 0.1815062 0.07982563
vt 0.1810105 0.07752596
vt 0.1828444 0.07713063
vt 0.1292234 0.06739834
vt 0.1275285 0.06820242
vt 0.1265202 0.06607694
vt 0.1282152 0.06527286
vt 0.05167985 0.1046445
vt 0.05007549 0.1056169
vt 0.04885619 0.103605
vt 0.05046055 0.1026327
vt -0.03303219 0.1531573
vt -0.03465825 0.1540929
vt -0.03583149 0.1520539
vt -0.03420542 0.1511182
vt -0.1175388 0.1707316
vt -0.1192863 0.171414
vt -0.1201421 0.1692227
vt -0.1183946 0.1685403
vt -0.1792847 0.1349814
vt -0.1811512 0.1351699
vt -0.1813877 0.1328293
vt -0.1795211 0.1326408
vt -0.1815071 0.07982682
vt -0.183341 0.07943151
vt -0.1828454 0.07713183
vt -0.1810115 0.07752714
vt -0.1275285 0.06820244
vt -0.1292234 0.06739836
vt -0.1282152 0.06527289
vt -0.1265202 0.06607696
vt -0.05007293 0.1056183
vt -0.05167731 0.104646
vt -0.050458 0.1026341
vt -0.04885362 0.1036065
vt 0.03465587 0.1540917
vt 0.03302981 0.153156
vt 0.03420305 0.151117
vt 0.0358291 0.1520526
vt 0.09658124 0.198327
vt 0.0948934 0.1975081
vt 0.09552519 0.1964402
vt 0.09702906 0.1971699
vt 0.1782483 0.1305443
vt 0.1763885 0.1302984
vt 0.1766519 0.1290859
vt 0.178309 0.129305
vt 0.177125 0.03032668
vt 0.1753178 0.03083022
vt 0.1750844 0.02961158
vt 0.1766946 0.02916292
vt 0.1041739 0.005238303
vt 0.1025448 0.006168641
vt 0.1020204 0.005044102
vt 0.1034719 0.004215188
vt 0.01907926 0.04721781
vt 0.01751262 0.04824988
vt 0.01691774 0.04716097
vt 0.01831362 0.0462414
vt -0.06208452 0.1035612
vt -0.06371761 0.1044845
vt -0.06423719 0.1033578
vt -0.06278212 0.1025351
vt -0.1339687 0.1353617
vt -0.1357362 0.1359906
vt -0.1360544 0.1347913
vt -0.1344796 0.134231
vt -0.1812167 0.1293621
vt -0.1830854 0.129528
vt -0.1830929 0.1282872
vt -0.1814279 0.1281394
vt -0.1844232 0.1094925
vt -0.186266 0.1091406
vt -0.1859336 0.1079451
vt -0.1842917 0.1082586
vt -0.1444802 0.1139599
vt -0.1461957 0.1132005
vt -0.1456017 0.1121112
vt -0.1440732 0.1127877
vt -0.07857256 0.1500597
vt -0.08016919 0.1490746
vt -0.0794329 0.1480759
vt -0.07801031 0.1489536
vt 0.002751244 0.1918139
vt 0.00117859 0.190791
vt 0.001938492 0.1898102
vt 0.003339731 0.1907216
vt 0.1341638 0.1394118
vt 0.1325905 0.1388472
vt 0.1329229 0.1376736
vt 0.1346535 0.1382947
vt 0.1829826 0.127923
vt 0.1813178 0.1277731
vt 0.1813436 0.1265536
vt 0.1831749 0.1267185
vt 0.1851377 0.1020326
vt 0.1834966 0.1023502
vt 0.1831834 0.1011713
vt 0.1849886 0.100822
vt 0.1421222 0.1035972
vt 0.1405949 0.1042764
vt 0.1400241 0.1031985
vt 0.1417041 0.1024513
vt 0.07349209 0.1398109
vt 0.07206552 0.1406821
vt 0.07136001 0.1396871
vt 0.07292923 0.1387288
vt -0.0090211 0.1826075
vt -0.0104345 0.1834999
vt -0.01115479 0.1825155
vt -0.009600044 0.1815339
vt -0.1011242 0.1904583
vt -0.1026416 0.1911595
vt -0.1032279 0.19009
vt -0.1015588 0.1893186
vt -0.1775539 0.1282916
vt -0.1792127 0.1284981
vt -0.179446 0.1273009
vt -0.1776213 0.1270737
vt -0.1760442 0.03746377
vt -0.1776607 0.03703838
vt -0.1774318 0.03584029
vt -0.1756537 0.03630821
vt -0.1062306 0.01476393
vt -0.1076968 0.01396123
vt -0.1071857 0.01285369
vt -0.1055729 0.01373666
vt -0.02188123 0.05578475
vt -0.02328639 0.05487943
vt -0.0226976 0.05381118
vt -0.02115192 0.05480704
vt 0.06028461 0.110578
vt 0.05882811 0.1097578
vt 0.05935233 0.1086564
vt 0.06095447 0.1095586
vt 0.1209844 0.1670233
vt 0.1192717 0.1663545
vt 0.1205552 0.1630675
vt 0.1222679 0.1637364
vt 0.1816053 0.1304873
vt 0.179776 0.1303025
vt 0.1801306 0.1267916
vt 0.18196 0.1269764
vt 0.1823313 0.07483862
vt 0.1805339 0.07522606
vt 0.1797904 0.07177659
vt 0.1815878 0.07138915
vt 0.1271906 0.06315997
vt 0.1255294 0.06394804
vt 0.124017 0.06075984
vt 0.1256783 0.05997178
vt 0.04922701 0.1006335
vt 0.0476546 0.1015865
vt 0.04582572 0.09856877
vt 0.04739815 0.09761572
vt -0.03539275 0.1490888
vt -0.03698646 0.1500058
vt -0.03874622 0.1469472
vt -0.03715251 0.1460302
vt -0.1192693 0.166355
vt -0.1209821 0.1670238
vt -0.1222656 0.1637368
vt -0.1205529 0.163068
vt -0.1797763 0.1303021
vt -0.1816057 0.1304869
vt -0.1819603 0.1269761
vt -0.1801309 0.1267913
vt -0.180535 0.0752274
vt -0.1823324 0.07483997
vt -0.1815889 0.07139049
vt -0.1797915 0.07177792
vt -0.1255293 0.06394823
vt -0.1271905 0.06316017
vt -0.1256782 0.05997197
vt -0.124017 0.06076003
vt -0.0476521 0.1015881
vt -0.04922455 0.100635
vt -0.04739567 0.09761728
vt -0.04582322 0.09857032
vt 0.03698401 0.1500046
vt 0.03539031 0.1490876
vt 0.03715007 0.146029
vt 0.03874377 0.146946
vt -0.1913411 0.04047861
vt -0.1899216 0.03931
vt -0.1881079 0.03900772
vt -0.186386 0.03965277
vt -0.1852174 0.04107233
vt -0.1849152 0.04288601
vt -0.1855602 0.04460784
vt -0.1869797 0.04577645
vt -0.1887934 0.04607873
vt -0.1905153 0.04543371
vt -0.1916839 0.04401414
vt -0.1919862 0.04220045
vt -0.1400677 0.08960404
vt -0.1389675 0.09012595
vt -0.1378673 0.09064786
vt -0.1393797 0.09383602
vt -0.1415801 0.09279218
vt -0.1888202 0.1035252
vt -0.1864394 0.1040385
vt -0.187183 0.1074879
vt -0.1895638 0.1069747
vt -0.1789456 0.1597824
vt -0.1777341 0.15966
vt -0.1765225 0.1595376
vt -0.1761679 0.1630485
vt -0.178591 0.1632932
vt -0.1105575 0.1945341
vt -0.1082889 0.1936481
vt -0.1070053 0.1969351
vt -0.1092739 0.197821
vt -0.02257513 0.1756524
vt -0.02046419 0.1744377
vt -0.01870435 0.1774963
vt -0.02081528 0.1787109
vt 0.06264339 0.1268968
vt 0.06472616 0.1256344
vt 0.06655513 0.1286521
vt 0.06447237 0.1299144
vt 0.1378674 0.09064806
vt 0.1400678 0.08960421
vt 0.1415802 0.09279238
vt 0.1393798 0.0938362
vt 0.1864394 0.1040385
vt 0.1888202 0.1035253
vt 0.1895638 0.1069747
vt 0.187183 0.1074879
vt 0.1765225 0.1595376
vt 0.1789456 0.1597824
vt 0.178591 0.1632932
vt 0.1761679 0.1630484
vt 0.1082889 0.193648
vt 0.1105575 0.194534
vt 0.1092738 0.1978209
vt 0.1070053 0.196935
vt 0.02046428 0.1744376
vt 0.02257523 0.1756523
vt 0.02081538 0.1787108
vt 0.01870444 0.1774962
vt 0.03706322 -0.02382414
vt 0.03880147 -0.02211829
vt 0.03737307 -0.02113394
vt 0.03610589 -0.02237751
vt -0.03608387 -0.08523854
vt -0.03449529 -0.08339251
vt -0.03600142 -0.0825318
vt -0.0371595 -0.08387756
vt -0.1403069 -0.08486776
vt -0.1383914 -0.0833637
vt -0.1397027 -0.08222803
vt -0.1410991 -0.08332451
vt -0.1472746 0.154373
vt -0.1450136 0.1534679
vt -0.144687 0.1551715
vt -0.1463353 0.1558314
vt 0.003543457 0.2357571
vt 0.005162672 0.2339379
vt 0.006215397 0.2353166
vt 0.005034992 0.2366428
vt 0.08332185 0.223747
vt 0.08497982 0.2219631
vt 0.08600263 0.2233641
vt 0.08479396 0.2246646
vt 0.137157 0.1924551
vt 0.1390647 0.1909411
vt 0.1398649 0.1924802
vt 0.1384742 0.1935839
vt 0.1740165 0.1613593
vt 0.1762057 0.160292
vt 0.1766553 0.1619674
vt 0.1750594 0.1627454
vt 0.1904744 0.1393042
vt 0.1928649 0.1388386
vt 0.1928666 0.1405733
vt 0.1911239 0.1409127
vt 0.1815899 0.1211344
vt 0.1840156 0.1213515
vt 0.1835351 0.1230183
vt 0.1817668 0.1228601
vt 0.1483625 0.09203272
vt 0.1506408 0.09289344
vt 0.1497302 0.09436991
vt 0.1480693 0.09374246
vt 0.09803335 0.04208408
vt 0.1000476 0.04345313
vt 0.09881728 0.04467608
vt 0.09734891 0.04367804
vt -0.06688125 0.1298266
vt -0.06536292 0.1307469
vt -0.06597258 0.1317528
vt -0.06673176 0.1312927
vt -0.06749092 0.1308325
vt 0.1915725 0.04396394
vt 0.1887815 0.04595752
vt 0.1856595 0.04453722
vt 0.1853285 0.04112334
vt 0.1881195 0.03912976
vt 0.1912415 0.04055006
vt -0.141786 0.09399728
vt -0.1401819 0.09475823
vt -0.1406861 0.09582095
vt -0.1414881 0.09544047
vt -0.1422902 0.09505999
vt -0.1781445 0.1644304
vt -0.176378 0.1642519
vt -0.1762598 0.1654222
vt -0.177143 0.1655114
vt -0.1780262 0.1656006
vt -0.01994224 0.1795648
vt -0.01840338 0.1786793
vt -0.01781675 0.1796988
vt -0.01858619 0.1801416
vt -0.01935561 0.1805843
vt 0.1401813 0.09475343
vt 0.1417854 0.09399246
vt 0.1422896 0.09505518
vt 0.1414875 0.09543566
vt 0.1406855 0.09581614
vt 0.1763773 0.1642525
vt 0.1781438 0.1644309
vt 0.1780256 0.1656012
vt 0.1771424 0.165512
vt 0.1762591 0.1654227
vt 0.1068852 0.1981511
vt 0.108539 0.198797
vt 0.1081111 0.1998926
vt 0.1072842 0.1995697
vt 0.1064573 0.1992467
vt -0.1490464 0.1882596
vt -0.1457225 0.1874139
vt -0.1454324 0.1885538
vt -0.1462634 0.1887652
vt -0.1470944 0.1889767
vt -0.1479254 0.1891881
vt -0.1487564 0.1893996
vt 0.1881194 0.03912961
vt 0.1889951 0.03927555
vt 0.1888999 0.03948469
vt 0.02291237 0.1567667
vt 0.02583842 0.1549772
vt 0.02645211 0.1559806
vt 0.0257206 0.156428
vt 0.02498909 0.1568754
vt 0.02425758 0.1573228
vt 0.02352607 0.1577702
vt 0.0184038 0.1786793
vt 0.01994267 0.1795648
vt 0.01935604 0.1805843
vt 0.0185866 0.1801416
vt 0.01781717 0.1796988
vt -0.1952609 0.1355504
vt -0.1948022 0.1355776
vt -0.1948718 0.1367517
vt -0.1953305 0.1367245
vt -0.1894892 0.1081947
vt -0.1877536 0.1085689
vt -0.1880015 0.1097187
vt -0.1888693 0.1095316
vt -0.1897371 0.1093446
vt 0.1685147 0.09452472
vt 0.1717448 0.09337113
vt 0.1721404 0.09447883
vt 0.1713329 0.09476723
vt 0.1705253 0.09505562
vt 0.1697178 0.09534402
vt 0.1689103 0.09563242
vt 0.1915725 0.04396393
vt 0.1910083 0.04464929
vt 0.1908747 0.04446232
vt -0.1085389 0.1987966
vt -0.1068851 0.1981507
vt -0.1064573 0.1992464
vt -0.1072842 0.1995693
vt -0.1081111 0.1998922
vt 0.1457229 0.1874132
vt 0.1490469 0.1882589
vt 0.1487568 0.1893989
vt 0.1479258 0.1891874
vt 0.1470949 0.188976
vt 0.1462639 0.1887645
vt 0.1454329 0.1885531
vt 0.1887813 0.04595706
vt 0.1879057 0.04581113
vt 0.1880008 0.045602
vt 0.0653623 0.1307478
vt 0.06688065 0.1298275
vt 0.06749032 0.1308334
vt 0.06673114 0.1312936
vt 0.06597198 0.1317537
vt -0.02583841 0.1549772
vt -0.02291236 0.1567668
vt -0.02352606 0.1577702
vt -0.02425757 0.1573228
vt -0.02498909 0.1568754
vt -0.02572059 0.1564281
vt -0.02645211 0.1559807
vt 0.1856596 0.04453771
vt 0.1853482 0.04370642
vt 0.1855769 0.04368424
vt 0.1877531 0.1085651
vt 0.1894886 0.1081909
vt 0.1897365 0.1093407
vt 0.1888687 0.1095278
vt 0.1880009 0.1097149
vt -0.171744 0.0933672
vt -0.1685139 0.09452081
vt -0.1689095 0.09562851
vt -0.169717 0.09534011
vt -0.1705246 0.09505171
vt -0.1713321 0.09476331
vt -0.1721396 0.0944749
vt 0.1853285 0.04112339
vt 0.1858927 0.04043803
vt 0.1860262 0.04062499
vt -0.06749492 0.1308397
vt -0.06673576 0.1312999
vt -0.0673454 0.1323058
vt -0.06810455 0.1318457
vt 0.1913241 0.04140308
vt 0.1912413 0.04054961
vt 0.1915527 0.0413809
vt 0.1917185 0.04308834
vt 0.1915725 0.04396399
vt 0.1914898 0.04311051
vt 0.0249885 0.1568771
vt 0.02572001 0.1564297
vt 0.0263337 0.1574331
vt 0.0256022 0.1578805
vt 0.1948026 0.1355758
vt 0.1950319 0.1355622
vt 0.1951015 0.1367364
vt 0.1948722 0.13675
vt 0.01858629 0.180142
vt 0.01935573 0.1805847
vt 0.01876911 0.1816042
vt 0.01799967 0.1811615
vt 0.1918643 0.04221259
vt 0.1914069 0.04225693
vt 0.1913242 0.04140346
vt 0.1915529 0.04138129
vt -0.1950312 0.1355686
vt -0.1948018 0.1355823
vt -0.1948715 0.1367564
vt -0.1951008 0.1367428
vt 0.02425938 0.1573282
vt 0.0249909 0.1568808
vt 0.02560455 0.1578843
vt 0.02487304 0.1583317
vt 0.1948021 0.1355805
vt 0.1952609 0.1355532
vt 0.1953305 0.1367274
vt 0.1948718 0.1367546
vt 0.1918643 0.04221256
vt 0.1917184 0.04308819
vt 0.1914897 0.04311036
vt 0.1914069 0.0422569
vt -0.1897369 0.1093431
vt -0.1888691 0.1095301
vt -0.189117 0.1106799
vt -0.1899848 0.1104929
vt -0.1414874 0.0954384
vt -0.1406854 0.09581888
vt -0.1411895 0.09688158
vt -0.1419916 0.09650111
vt 0.1896128 0.04564612
vt 0.1887815 0.04595755
vt 0.1894792 0.04545916
vt -0.06632073 0.1973658
vt -0.06590972 0.1971603
vt -0.06538369 0.1982123
vt -0.06579471 0.1984178
vt 0.1705249 0.09505367
vt 0.1713324 0.09476527
vt 0.1717281 0.09587297
vt 0.1709206 0.09616137
vt 0.06590966 0.1971602
vt 0.06611517 0.197263
vt 0.06558914 0.1983151
vt 0.06538364 0.1982123
vt 0.1910083 0.04464934
vt 0.1904441 0.0453347
vt 0.190177 0.04496077
vt 0.1908747 0.04446237
vt -0.06611522 0.197263
vt -0.0659097 0.1971602
vt -0.06538367 0.1982123
vt -0.06558917 0.1983151
vt 0.1697174 0.09534207
vt 0.1705249 0.09505367
vt 0.1709205 0.09616137
vt 0.170113 0.09644978
vt 0.06590972 0.1971603
vt 0.06632073 0.1973658
vt 0.06579471 0.1984178
vt 0.06538369 0.1982123
vt 0.190444 0.04533463
vt 0.1896127 0.04564605
vt 0.1894792 0.04545908
vt 0.1901769 0.04496069
vt 0.1064572 0.1992465
vt 0.1072841 0.1995694
vt 0.1068562 0.2006651
vt 0.1060293 0.2003421
vt 0.1905563 0.03998614
vt 0.1912416 0.04055034
vt 0.1904611 0.04019525
vt 0.1771421 0.1655125
vt 0.1780253 0.1656017
vt 0.1779071 0.166772
vt 0.1770239 0.1666827
vt -0.108812 0.1074235
vt -0.1086114 0.1075356
vt -0.1091856 0.1085622
vt -0.1093861 0.1084501
vt -0.1479257 0.1891877
vt -0.1470947 0.1889762
vt -0.1468047 0.1901161
vt -0.1476357 0.1903276
vt 0.1085977 0.1075425
vt 0.1089987 0.1073182
vt 0.1095729 0.1083447
vt 0.1091718 0.108569
vt 0.1898707 0.03942158
vt 0.1905561 0.03998579
vt 0.1904609 0.0401949
vt 0.1896804 0.03983984
vt -0.1089996 0.10732
vt -0.1085985 0.1075443
vt -0.1091727 0.1085709
vt -0.1095737 0.1083466
vt -0.147095 0.1889759
vt -0.146264 0.1887644
vt -0.145974 0.1899043
vt -0.146805 0.1901158
vt 0.1085968 0.1075451
vt 0.1087974 0.1074329
vt 0.1093715 0.1084595
vt 0.109171 0.1085717
vt 0.1889952 0.03927589
vt 0.1898708 0.03942184
vt 0.1896805 0.03984011
vt 0.1889001 0.03948503
vt 0.1880007 0.1097159
vt 0.1888685 0.1095289
vt 0.1891164 0.1106787
vt 0.1882486 0.1108657
vt 0.1872881 0.03944099
vt 0.1881194 0.03912956
vt 0.1874216 0.03962795
vt 0.1414893 0.09543797
vt 0.1422914 0.09505749
vt 0.1427955 0.09612021
vt 0.1419935 0.09650069
vt 0.06039062 0.1944007
vt 0.06059613 0.1945035
vt 0.0600701 0.1955555
vt 0.05986459 0.1954528
vt -0.1713325 0.09476529
vt -0.1705249 0.0950537
vt -0.1709206 0.0961614
vt -0.1717281 0.095873
vt -0.06059613 0.1945035
vt -0.06018513 0.194298
vt -0.05965911 0.19535
vt -0.0600701 0.1955555
vt 0.1864569 0.03975267
vt 0.1872882 0.03944122
vt 0.1874217 0.03962819
vt 0.186724 0.04012658
vt 0.06018513 0.194298
vt 0.06059613 0.1945035
vt 0.0600701 0.1955555
vt 0.05965911 0.19535
vt -0.170525 0.09505371
vt -0.1697174 0.09534211
vt -0.1701131 0.09644982
vt -0.1709206 0.09616141
vt -0.06059615 0.1945035
vt -0.06039064 0.1944007
vt -0.05986461 0.1954528
vt -0.06007012 0.1955555
vt 0.1858927 0.04043794
vt 0.1864569 0.0397526
vt 0.1867239 0.04012651
vt 0.1860262 0.04062491
vt 0.06597022 0.1317487
vt 0.06672938 0.1312886
vt 0.06733908 0.1322944
vt 0.06657992 0.1327546
vt -0.01858634 0.180142
vt -0.0178169 0.1796993
vt -0.01723028 0.1807188
vt -0.01799972 0.1811616
vt 0.1851827 0.04199928
vt 0.1853286 0.04112362
vt 0.1854114 0.0419771
vt 0.1886434 0.1359359
vt 0.1888728 0.1359223
vt 0.1889424 0.1370964
vt 0.1887131 0.13711
vt -0.0257176 0.156426
vt -0.0249861 0.1568734
vt -0.02559982 0.1578768
vt -0.02633133 0.1574295
vt -0.1888725 0.1359235
vt -0.1884138 0.1359507
vt -0.1884834 0.1371249
vt -0.1889421 0.1370977
vt 0.1850367 0.0428749
vt 0.1851826 0.04199926
vt 0.1854113 0.04197707
vt 0.185494 0.04283055
vt 0.1884137 0.1359535
vt 0.1888724 0.1359263
vt 0.1889421 0.1371005
vt 0.1884834 0.1371277
vt -0.02498862 0.156877
vt -0.0242571 0.1573244
vt -0.02487079 0.1583278
vt -0.02560231 0.1578804
vt -0.1888733 0.1359217
vt -0.188644 0.1359353
vt -0.1887137 0.1371095
vt -0.188943 0.1370959
vt 0.1853481 0.04370623
vt 0.1850367 0.04287493
vt 0.1854941 0.04283058
vt 0.1855768 0.04368405
vt -0.1081103 0.1998924
vt -0.1072833 0.1995695
vt -0.1068555 0.2006651
vt -0.1076824 0.2009881
vt -0.1771429 0.1655113
vt -0.1762597 0.1654221
vt -0.1761415 0.1665924
vt -0.1770248 0.1666816
vt 0.1863448 0.04510148
vt 0.1856595 0.04453728
vt 0.18644 0.04489235
vt 0.1030079 0.1106686
vt 0.103409 0.1104442
vt 0.1039831 0.1114708
vt 0.1035821 0.1116951
vt 0.1470937 0.1889768
vt 0.1479246 0.1891882
vt 0.1476346 0.1903282
vt 0.1468036 0.1901167
vt -0.1034067 0.1104454
vt -0.1032062 0.1105575
vt -0.1037804 0.1115841
vt -0.1039809 0.1114719
vt 0.1879058 0.04581169
vt 0.1870302 0.04566574
vt 0.1872205 0.04524747
vt 0.188001 0.04560255
vt 0.1032181 0.1105515
vt 0.1034186 0.1104394
vt 0.1039928 0.111466
vt 0.1037923 0.1115781
vt 0.1462627 0.1887653
vt 0.1470937 0.1889768
vt 0.1468036 0.1901167
vt 0.1459727 0.1899053
vt -0.103409 0.1104443
vt -0.1030079 0.1106686
vt -0.1035821 0.1116951
vt -0.1039831 0.1114708
vt 0.1870303 0.04566607
vt 0.186345 0.04510185
vt 0.1864401 0.04489272
vt 0.1872206 0.0452478
vt -0.1856091 0.08862875
vt -0.1853483 0.08741891
vt -0.1829676 0.08793212
vt -0.1832284 0.08914196
vt -0.02801283 0.1728749
vt -0.03305938 0.1641044
vt -0.03222216 0.1636226
vt -0.02717561 0.1723932
vt 0.1784866 0.0935133
vt 0.1770113 0.08861171
vt 0.1786324 0.08812378
vt 0.1801077 0.09302537
vt -0.1911852 0.0463722
vt -0.1889045 0.0472266
vt -0.1892434 0.04813115
vt -0.1903837 0.04770394
vt -0.191524 0.04727673
vt 0.1853607 0.09903365
vt 0.1864394 0.1040375
vt 0.1852421 0.1042956
vt 0.1841635 0.09929173
vt -0.1864396 0.1040379
vt -0.18763 0.1037813
vt -0.1870907 0.1012794
vt -0.1859003 0.101536
vt -0.1804772 0.1446217
vt -0.1806016 0.1433903
vt -0.1781784 0.1431456
vt -0.1773505 0.1513415
vt -0.1794602 0.1546893
vt -0.1804772 0.1446217
vt -0.1773505 0.1513415
vt -0.1769366 0.1554395
vt -0.1781481 0.1555618
vt -0.1777341 0.1596599
vt -0.1789457 0.1597823
vt -0.1794601 0.1546894
vt -0.1781481 0.1555619
vt -0.1365368 0.08215991
vt -0.1330061 0.07471727
vt -0.1308057 0.07576111
vt -0.1313361 0.0768793
vt -0.1383017 0.08588162
vt -0.1365364 0.08216029
vt -0.1313358 0.07687968
vt -0.1356727 0.08602197
vt -0.1372015 0.08640354
vt -0.1389664 0.09012489
vt -0.1400666 0.08960297
vt -0.1383013 0.08588166
vt -0.137201 0.08640358
vt -0.1911852 0.0463722
vt -0.191524 0.04727674
vt -0.1926611 0.0455429
vt -0.1203506 0.09091755
vt -0.1209355 0.09205578
vt -0.1215203 0.09319402
vt -0.12269 0.0954705
vt -0.1245342 0.09452292
vt -0.1221948 0.08996996
vt 0.1915242 0.04727777
vt 0.1911853 0.04637324
vt 0.1926612 0.04554395
vt 0.1889044 0.0472267
vt 0.1892433 0.04813124
vt 0.1877575 0.04765638
vt -0.1656661 0.174424
vt -0.1661368 0.1719083
vt -0.166372 0.1706504
vt -0.1666074 0.1693925
vt -0.1650741 0.1691057
vt -0.1641329 0.1741372
vt -0.1892434 0.04813114
vt -0.1889045 0.0472266
vt -0.1877576 0.04765627
vt -0.1876297 0.1037807
vt -0.18882 0.1035241
vt -0.1882807 0.1010222
vt -0.1870903 0.1012788
vt -0.1882807 0.1010222
vt -0.188011 0.09977119
vt -0.1868206 0.1000278
vt -0.1870903 0.1012788
vt -0.1870907 0.1012793
vt -0.186821 0.1000284
vt -0.1856306 0.1002849
vt -0.1859003 0.1015359
vt -0.188011 0.09977119
vt -0.1877414 0.09852023
vt -0.186551 0.09877683
vt -0.1868207 0.1000278
vt -0.186821 0.1000284
vt -0.1865514 0.09877741
vt -0.185361 0.099034
vt -0.1856306 0.100285
vt 0.1911851 0.04637216
vt 0.1889045 0.04722658
vt 0.1885656 0.04632205
vt 0.1891358 0.04610844
vt 0.1897059 0.04589484
vt 0.1902761 0.04568123
vt 0.1908463 0.04546763
vt 0.03305944 0.1641043
vt 0.02801288 0.1728749
vt 0.02717566 0.1723932
vt 0.03222222 0.1636226
vt 0.1853608 0.09903448
vt 0.1877416 0.09852128
vt 0.1881631 0.1004764
vt 0.1857823 0.1009896
vt 0.02717359 0.1723923
vt 0.03222016 0.1636217
vt 0.03305738 0.1641035
vt 0.02801082 0.172874
vt -0.02801269 0.1728752
vt -0.02717546 0.1723934
vt -0.02617801 0.1741269
vt -0.02701524 0.1746087
vt -0.190846 0.04546475
vt -0.1902758 0.04567837
vt -0.1906147 0.04658289
vt -0.1911849 0.04636928
vt 0.02717547 0.1723934
vt 0.0280127 0.1728752
vt 0.02701525 0.1746087
vt 0.02617803 0.174127
vt -0.1889045 0.04722662
vt -0.1911852 0.04637221
vt -0.1908463 0.04546768
vt -0.1902761 0.04568129
vt -0.1897059 0.04589488
vt -0.1891358 0.04610848
vt -0.1885656 0.04632209
vt -0.03017469 0.1624441
vt -0.03079193 0.1613714
vt -0.02868099 0.1601567
vt -0.02806375 0.1612294
vt 0.1825303 0.1016902
vt 0.1799766 0.08984347
vt 0.1809208 0.08963992
vt 0.1834745 0.1014866
vt 0.1846219 0.04527849
vt 0.1837675 0.04299784
vt 0.1846721 0.04265897
vt 0.1848857 0.04322914
vt 0.1850993 0.0437993
vt 0.1853129 0.04436946
vt 0.1855265 0.04493963
vt -0.1799765 0.08984335
vt -0.1825302 0.1016901
vt -0.1834745 0.1014865
vt -0.1809208 0.08963981
vt -0.1837675 0.04299764
vt -0.1846219 0.0452783
vt -0.1855264 0.04493943
vt -0.1853128 0.04436927
vt -0.1850992 0.04379911
vt -0.1848856 0.04322894
vt -0.184672 0.04265877
vt -0.1834739 0.1014857
vt -0.1809201 0.089639
vt -0.1799759 0.08984255
vt -0.1825297 0.1016892
vt 0.1832284 0.08914182
vt 0.1829676 0.08793199
vt 0.1853483 0.08741877
vt 0.1856091 0.08862861
vt 0.01913715 0.1700755
vt 0.02518118 0.1595714
vt 0.02601841 0.1600531
vt 0.01997438 0.1705572
vt 0.1857158 0.03871495
vt 0.1879964 0.03786053
vt 0.1883353 0.03876506
vt 0.1877651 0.03897867
vt 0.187195 0.03919227
vt 0.1866248 0.03940587
vt 0.1860546 0.03961948
vt -0.02518116 0.1595714
vt -0.01913714 0.1700755
vt -0.01997436 0.1705573
vt -0.02601838 0.1600532
vt -0.1879964 0.03786068
vt -0.1857158 0.03871509
vt -0.1860547 0.03961962
vt -0.1866248 0.03940602
vt -0.187195 0.03919241
vt -0.1877652 0.03897881
vt -0.1883353 0.03876521
vt -0.01997689 0.1705584
vt -0.02602089 0.1600543
vt -0.02518366 0.1595725
vt -0.01913965 0.1700766
vt 0.02806348 0.1612298
vt 0.02868072 0.1601571
vt 0.03079165 0.1613718
vt 0.03017441 0.1624445
vt -0.1914154 0.09977476
vt -0.1888617 0.08792805
vt -0.1879174 0.08813159
vt -0.1904711 0.09997831
vt 0.192279 0.03980893
vt 0.1931334 0.04208957
vt 0.1922289 0.04242844
vt 0.1920153 0.04185829
vt 0.1918017 0.04128812
vt 0.1915881 0.04071795
vt 0.1913745 0.04014779
vt 0.1888617 0.08792817
vt 0.1914154 0.09977488
vt 0.1904711 0.09997843
vt 0.1879174 0.08813171
vt -0.1931334 0.0420896
vt -0.192279 0.03980894
vt -0.1913745 0.0401478
vt -0.1915881 0.04071797
vt -0.1918017 0.04128813
vt -0.1920153 0.0418583
vt -0.1922289 0.04242846
vt 0.1904711 0.09997831
vt 0.1879174 0.08813159
vt 0.1888617 0.08792806
vt 0.1914154 0.09977476
vt -0.1844194 0.08888615
vt -0.1838242 0.08901444
vt -0.1859564 0.09890606
vt -0.1865516 0.09877776
vt -0.1850137 0.08875677
vt -0.1844185 0.08888508
vt -0.1865508 0.09877668
vt -0.187146 0.09864837
vt -0.1891358 0.04610848
vt -0.1885656 0.04632208
vt -0.1889045 0.04722662
vt -0.1894747 0.04701301
vt -0.1865517 0.0987782
vt -0.1859565 0.0989065
vt -0.1863779 0.1008616
vt -0.1869731 0.1007333
vt -0.1871466 0.09864949
vt -0.1865514 0.09877779
vt -0.1869728 0.1007329
vt -0.187568 0.1006046
vt -0.02717291 0.1723923
vt -0.02617546 0.1741258
vt -0.02701269 0.1746075
vt -0.02801014 0.172874
vt 0.1902759 0.04567836
vt 0.190846 0.04546475
vt 0.1911849 0.04636928
vt 0.1906147 0.04658289
vt 0.02617546 0.1741258
vt 0.02717291 0.1723923
vt 0.02801014 0.172874
vt 0.02701268 0.1746075
vt -0.1877413 0.09852079
vt -0.1871461 0.09864908
vt -0.1875675 0.1006042
vt -0.1881627 0.1004759
vt -0.1891358 0.04610847
vt -0.1885656 0.04632207
vt -0.1889045 0.04722662
vt -0.1894747 0.04701301
vt -0.02717349 0.1723925
vt -0.02617604 0.174126
vt -0.02701326 0.1746078
vt -0.02801071 0.1728743
vt 0.1885657 0.04632212
vt 0.1891358 0.04610852
vt 0.1894747 0.04701306
vt 0.1889045 0.04722666
vt 0.02617601 0.174126
vt 0.02717347 0.1723925
vt 0.02801069 0.1728743
vt 0.02701324 0.1746078
vt -0.1859557 0.09890571
vt -0.1853605 0.09903402
vt -0.185782 0.1009891
vt -0.1863772 0.1008608
vt -0.1908463 0.04546782
vt -0.1902762 0.04568142
vt -0.190615 0.04658596
vt -0.1911852 0.04637235
vt -0.03222017 0.1636217
vt -0.0271736 0.1723923
vt -0.02801083 0.172874
vt -0.0330574 0.1641035
vt 0.1902761 0.04568129
vt 0.1908463 0.04546768
vt 0.1911851 0.04637222
vt 0.190615 0.04658582
vt -0.1877412 0.09852005
vt -0.1856089 0.08862845
vt -0.1850137 0.08875675
vt -0.187146 0.09864835
vt -0.03222222 0.1636226
vt -0.02717566 0.1723932
vt -0.02801288 0.1728749
vt -0.03305945 0.1641043
vt 0.1885656 0.04632207
vt 0.1891358 0.04610846
vt 0.1894747 0.04701299
vt 0.1889045 0.0472266
vt 0.02717563 0.1723931
vt 0.03222219 0.1636226
vt 0.03305941 0.1641043
vt 0.02801285 0.1728749
vt -0.1838233 0.0890132
vt -0.1832281 0.0891415
vt -0.1853604 0.0990331
vt -0.1859556 0.0989048
vt -0.02911801 0.1618368
vt -0.02859028 0.1615332
vt -0.02254623 0.1720373
vt -0.02307397 0.1723409
vt -0.02964533 0.1621403
vt -0.0291176 0.1618367
vt -0.02307355 0.1723408
vt -0.02360128 0.1726444
vt -0.1848857 0.043229
vt -0.184672 0.04265883
vt -0.1837675 0.04299771
vt -0.1839811 0.04356787
vt 0.1809201 0.08963888
vt 0.1834739 0.1014856
vt 0.1825297 0.1016891
vt 0.1799759 0.08984243
vt 0.184672 0.04265879
vt 0.1848857 0.04322896
vt 0.1839811 0.04356783
vt 0.1837675 0.04299767
vt -0.1834739 0.1014856
vt -0.1809201 0.08963888
vt -0.1799759 0.08984243
vt -0.1825297 0.1016891
vt -0.02859223 0.1615341
vt -0.02806449 0.1612305
vt -0.02202046 0.1717345
vt -0.0225482 0.1720382
vt -0.1855265 0.04493941
vt -0.1853128 0.04436925
vt -0.1844083 0.04470813
vt -0.1846219 0.04527829
vt 0.1809201 0.08963902
vt 0.1834739 0.1014857
vt 0.1825297 0.1016893
vt 0.1799759 0.08984257
vt 0.1853128 0.04436928
vt 0.1855264 0.04493945
vt 0.1846219 0.04527832
vt 0.1844083 0.04470816
vt -0.02413132 0.1729492
vt -0.03017535 0.1624451
vt -0.02964761 0.1621415
vt -0.02360358 0.1726455
vt 0.1844187 0.08888507
vt 0.1850139 0.08875676
vt 0.1875676 0.1006035
vt 0.1869725 0.1007318
vt -0.1877652 0.03897888
vt -0.1883353 0.03876527
vt -0.1879965 0.03786073
vt -0.1874263 0.03807434
vt 0.1838235 0.08901337
vt 0.1844187 0.08888507
vt 0.1869725 0.1007318
vt 0.1863773 0.1008601
vt 0.0260164 0.1600523
vt 0.01997236 0.1705563
vt 0.01913513 0.1700746
vt 0.02517917 0.1595705
vt 0.1883353 0.03876522
vt 0.1877652 0.03897882
vt 0.1874263 0.03807428
vt 0.1879964 0.03786068
vt -0.01997236 0.1705563
vt -0.02601641 0.1600522
vt -0.02517919 0.1595705
vt -0.01913514 0.1700746
vt 0.1850142 0.0887574
vt 0.1856094 0.08862909
vt 0.1881631 0.1004758
vt 0.1875679 0.1006041
vt -0.1860547 0.0396197
vt -0.1866248 0.03940609
vt -0.1862859 0.03850156
vt -0.1857158 0.03871517
vt 0.02602092 0.1600543
vt 0.01997691 0.1705584
vt 0.01913968 0.1700766
vt 0.02518368 0.1595726
vt 0.1866248 0.03940604
vt 0.1860547 0.03961964
vt 0.1857158 0.03871511
vt 0.1862859 0.0385015
vt 0.1857819 0.1009882
vt 0.1832282 0.08914149
vt 0.1838234 0.08901319
vt 0.1863771 0.1008599
vt 0.02911825 0.1618371
vt 0.02964599 0.1621408
vt 0.02360194 0.1726448
vt 0.0230742 0.1723412
vt -0.1920153 0.04185836
vt -0.1922289 0.04242851
vt -0.1931334 0.04208964
vt -0.1929198 0.04151949
vt 0.02859013 0.1615333
vt 0.02911787 0.161837
vt 0.02307382 0.172341
vt 0.02254609 0.1720374
vt -0.1879174 0.08813171
vt -0.1904711 0.09997843
vt -0.1914154 0.09977488
vt -0.1888617 0.08792818
vt 0.1922289 0.04242846
vt 0.1920153 0.0418583
vt 0.1929198 0.04151943
vt 0.1931334 0.0420896
vt 0.1904711 0.09997831
vt 0.1879174 0.08813159
vt 0.1888617 0.08792805
vt 0.1914154 0.09977476
vt 0.02964727 0.1621413
vt 0.030175 0.1624449
vt 0.02413097 0.172949
vt 0.02360323 0.1726454
vt -0.1913745 0.0401478
vt -0.1915881 0.04071795
vt -0.1924926 0.04037909
vt -0.192279 0.03980893
vt -0.1879174 0.08813172
vt -0.1904711 0.09997843
vt -0.1914154 0.09977489
vt -0.1888617 0.08792818
vt 0.1915881 0.04071797
vt 0.1913745 0.0401478
vt 0.192279 0.03980894
vt 0.1924926 0.04037911
vt 0.02202003 0.1717344
vt 0.02806407 0.1612303
vt 0.0285918 0.161534
vt 0.02254777 0.172038
vt 0.1459323 0.1966309
vt 0.1444571 0.1962555
vt 0.1466471 0.1876486
vt 0.1481222 0.1880239
vt 0.1930529 0.1433996
vt 0.1915334 0.1434897
vt 0.1910077 0.1346241
vt 0.1925272 0.134534
vt 0.1738332 0.1020539
vt 0.1723997 0.1025658
vt 0.1694127 0.09420206
vt 0.1708461 0.09369011
vt 0.1104279 0.1153465
vt 0.1090994 0.1160895
vt 0.1047643 0.1083383
vt 0.1060928 0.1075953
vt 0.02965872 0.1630519
vt 0.02836016 0.1638461
vt 0.02372649 0.1562696
vt 0.02502505 0.1554754
vt -0.05912657 0.2023826
vt -0.06048804 0.2030633
vt -0.06445979 0.1951198
vt -0.06309835 0.1944391
vt -0.1444571 0.1962555
vt -0.1459322 0.1966309
vt -0.1481222 0.188024
vt -0.146647 0.1876486
vt -0.1915335 0.1434893
vt -0.193053 0.1433992
vt -0.1925273 0.1345336
vt -0.1910078 0.1346237
vt -0.1724 0.1025658
vt -0.1738335 0.1020539
vt -0.1708465 0.09369012
vt -0.169413 0.09420208
vt -0.109099 0.1160898
vt -0.1104275 0.1153468
vt -0.1060923 0.1075956
vt -0.1047638 0.1083386
vt -0.02836018 0.1638462
vt -0.02965874 0.163052
vt -0.02502506 0.1554755
vt -0.02372651 0.1562696
vt 0.06048804 0.2030633
vt 0.05912659 0.2023826
vt 0.06309836 0.1944391
vt 0.06445982 0.1951198
vt -0.02965946 0.1630533
vt -0.02836091 0.1638475
vt -0.02940438 0.1655537
vt -0.03070293 0.1647595
vt -0.1903196 0.04027361
vt -0.188934 0.0396433
vt -0.187419 0.03979018
vt -0.1861804 0.04067491
vt -0.18555 0.04206043
vt -0.1856969 0.04357548
vt -0.1865816 0.04481411
vt -0.1879672 0.04544443
vt -0.1894822 0.04529755
vt -0.1907208 0.04441281
vt -0.1913512 0.0430273
vt -0.1912043 0.04151225
vt -0.1104283 0.1153489
vt -0.1090998 0.1160919
vt -0.1100761 0.1178374
vt -0.1114046 0.1170944
vt -0.1738342 0.102056
vt -0.1724007 0.1025679
vt -0.1730734 0.1044514
vt -0.1745069 0.1039394
vt -0.193053 0.1433996
vt -0.1915335 0.1434897
vt -0.1916519 0.1454861
vt -0.1931714 0.1453961
vt -0.1459324 0.1966307
vt -0.1444573 0.1962553
vt -0.1439641 0.1981936
vt -0.1454393 0.1985689
vt -0.06048793 0.2030637
vt -0.05912647 0.202383
vt -0.05823207 0.2041719
vt -0.05959353 0.2048526
vt 0.02836088 0.1638475
vt 0.02965944 0.1630533
vt 0.03070291 0.1647595
vt 0.02940435 0.1655537
vt 0.1091007 0.1160913
vt 0.1104292 0.1153483
vt 0.1114055 0.1170939
vt 0.110077 0.1178369
vt 0.1724 0.1025676
vt 0.1738335 0.1020557
vt 0.1745062 0.1039392
vt 0.1730727 0.1044511
vt 0.1915333 0.1434904
vt 0.1930528 0.1434003
vt 0.1931712 0.1453968
vt 0.1916517 0.1454869
vt 0.1444573 0.1962553
vt 0.1459325 0.1966306
vt 0.1454393 0.1985689
vt 0.1439642 0.1981935
vt 0.05912647 0.202383
vt 0.06048791 0.2030637
vt 0.05959351 0.2048526
vt 0.05823206 0.2041719
vt 0.02203359 0.07428481
vt 0.02329616 0.07513504
vt 0.02254151 0.07599682
vt 0.02151883 0.07530813
vt -0.05990783 0.01375806
vt -0.05868232 0.01466089
vt -0.05947273 0.01548999
vt -0.06046538 0.0147587
vt -0.1461153 -0.003434697
vt -0.1447849 -0.002695241
vt -0.1454633 -0.001772265
vt -0.146541 -0.002371222
vt -0.1940786 0.08871734
vt -0.1925641 0.08886966
vt -0.1928217 0.08998581
vt -0.1940484 0.08986243
vt -0.1161143 0.2159711
vt -0.1147079 0.2153887
vt -0.1144068 0.2164939
vt -0.1155459 0.2169656
vt -0.004818523 0.2449359
vt -0.003573759 0.2440598
vt -0.003037996 0.2450723
vt -0.004046262 0.245782
vt 0.08059992 0.2173604
vt 0.08183641 0.2164727
vt 0.08238164 0.2174801
vt 0.08138008 0.2181991
vt 0.1440323 0.1787202
vt 0.1453611 0.1779777
vt 0.1457892 0.1790402
vt 0.1447129 0.1796417
vt 0.1841685 0.1562545
vt 0.1856184 0.1557912
vt 0.1858266 0.1569176
vt 0.1846522 0.1572929
vt 0.1908277 0.155733
vt 0.1923479 0.155656
vt 0.192261 0.1567982
vt 0.1910296 0.1568606
vt 0.1583754 0.1558137
vt 0.1598614 0.1561437
vt 0.1594738 0.1572217
vt 0.1582702 0.1569544
vt 0.09704863 0.1296978
vt 0.09842283 0.1303524
vt 0.09780362 0.1313161
vt 0.09669051 0.1307859
vt -0.03110109 0.1656856
vt -0.03004926 0.1663289
vt -0.03057102 0.167182
vt -0.03162285 0.1665387
vt -0.1117639 0.1180345
vt -0.1106878 0.1186363
vt -0.111176 0.1195091
vt -0.1122521 0.1189073
vt -0.1747064 0.1049259
vt -0.1735453 0.1053406
vt -0.1738816 0.1062823
vt -0.1750427 0.1058677
vt -0.1930863 0.1464015
vt -0.1918555 0.1464744
vt -0.1919147 0.1474727
vt -0.1931454 0.1473997
vt -0.145053 0.1995026
vt -0.1438582 0.1991986
vt -0.1436116 0.2001677
vt -0.1448064 0.2004718
vt -0.05901699 0.2056823
vt -0.0579142 0.2051309
vt -0.05746697 0.2060254
vt -0.05856976 0.2065767
vt 0.0300492 0.166329
vt 0.03110103 0.1656857
vt 0.03162279 0.1665388
vt 0.03057096 0.1671821
vt 0.1106891 0.1186357
vt 0.1117652 0.1180339
vt 0.1122533 0.1189067
vt 0.1111773 0.1195085
vt 0.1735445 0.1053404
vt 0.1747056 0.1049257
vt 0.1750419 0.1058674
vt 0.1738808 0.1062821
vt 0.1918551 0.146476
vt 0.1930859 0.146403
vt 0.1931451 0.1474013
vt 0.1919143 0.1474743
vt 0.1438582 0.1991986
vt 0.1450531 0.1995026
vt 0.1448065 0.2004718
vt 0.1436116 0.2001677
vt 0.05791422 0.205131
vt 0.059017 0.2056824
vt 0.05856977 0.2065768
vt 0.05746699 0.2060254
vt -0.08364971 0.219756
vt -0.08264722 0.2204737
vt -0.08373436 0.2224838
vt -0.08520212 0.2214329
vt -0.1469928 0.1814192
vt -0.1459163 0.1820202
vt -0.1467714 0.1841393
vt -0.1483476 0.1832595
vt -0.1866802 0.1596137
vt -0.1855057 0.159989
vt -0.1859233 0.1622357
vt -0.1876428 0.1616862
vt -0.1924228 0.1599451
vt -0.1911914 0.1600075
vt -0.1910205 0.1622863
vt -0.1928233 0.1621949
vt -0.1587019 0.1606886
vt -0.1574982 0.1604213
vt -0.1567274 0.1625725
vt -0.1584896 0.1629639
vt -0.09616044 0.1348146
vt -0.09504719 0.1342847
vt -0.09381445 0.1362088
vt -0.09544436 0.1369847
vt -0.02031541 0.07939656
vt -0.01929208 0.07870887
vt -0.0177901 0.08043106
vt -0.01928838 0.08143792
vt 0.0618964 0.01894929
vt 0.06289051 0.01821997
vt 0.06446226 0.01987871
vt 0.0630068 0.02094651
vt 0.1473835 0.002094386
vt 0.1484628 0.001498328
vt 0.1498093 0.003344631
vt 0.1482291 0.004217315
vt 0.1931133 0.09375553
vt 0.1943402 0.09363311
vt 0.19485 0.09586065
vt 0.1930538 0.09603988
vt 0.1137154 0.2192023
vt 0.1148557 0.2196712
vt 0.1142582 0.2218768
vt 0.1125886 0.2211903
vt 0.001956882 0.2474267
vt 0.002966795 0.248134
vt 0.001900642 0.2501552
vt 0.0004220329 0.2491197
vt 0.1917163 0.04132048
vt 0.1918905 0.04311723
vt 0.191143 0.04476033
vt 0.189674 0.04580954
vt 0.1878773 0.04598374
vt 0.1862342 0.04523624
vt 0.185185 0.04376731
vt 0.1850108 0.04197058
vt 0.1857583 0.04032747
vt 0.1872272 0.03927825
vt 0.189024 0.03910408
vt 0.1906671 0.03985157
vt -0.1139017 0.1255037
vt -0.1149584 0.1226211
vt -0.1139822 0.1208756
vt -0.1119492 0.1220127
vt -0.03248247 0.1713606
vt -0.03446966 0.1701453
vt -0.03342619 0.1684391
vt -0.031439 0.1696544
vt 0.0570216 0.2109007
vt 0.05404373 0.2116478
vt 0.05583256 0.2080702
vt 0.057916 0.2091119
vt 0.1437192 0.2069642
vt 0.141955 0.2044515
vt 0.1424481 0.2025133
vt 0.1447056 0.2030877
vt 0.1939626 0.1519194
vt 0.1916374 0.1520573
vt 0.1915189 0.1500608
vt 0.1938442 0.1499229
vt 0.1770923 0.1099795
vt 0.1755713 0.1126464
vt 0.1742259 0.1088795
vt 0.1764196 0.108096
vt 0.1159339 0.124367
vt 0.1129247 0.1237585
vt 0.1119484 0.122013
vt 0.1139814 0.120876
vt 0.03446958 0.1701451
vt 0.03248239 0.1713605
vt 0.03143891 0.1696543
vt 0.03342611 0.168439
vt -0.05493756 0.2098588
vt -0.05612658 0.2126894
vt -0.05791541 0.2091117
vt -0.05583196 0.20807
vt -0.1414622 0.2063896
vt -0.1442128 0.2050258
vt -0.144706 0.2030875
vt -0.1424485 0.2025132
vt -0.1916373 0.1520576
vt -0.1939625 0.1519197
vt -0.1938442 0.1499233
vt -0.1915189 0.1500612
vt -0.1748983 0.1107628
vt -0.1777646 0.1118628
vt -0.1764193 0.1080958
vt -0.1742256 0.1088793
vt 0.1613456 0.1550269
vt 0.1654595 0.1532032
vt 0.1642491 0.1560247
vt -0.1919243 0.04540238
vt -0.1928888 0.04328211
vt -0.1926641 0.04096361
vt -0.1913101 0.03906814
vt -0.1891898 0.03810357
vt -0.1868713 0.03832839
vt -0.1849759 0.03968232
vt -0.1840113 0.0418026
vt -0.1842361 0.04412109
vt -0.1855901 0.04601656
vt -0.1877103 0.04698112
vt -0.1900288 0.04675632
vt -0.07536657 0.237881
vt -0.07650051 0.2407341
vt -0.07942984 0.2398148
vt 0.1900289 0.04675651
vt 0.1877104 0.04698131
vt 0.1842362 0.04412128
vt 0.1840114 0.04180278
vt 0.1868714 0.03832857
vt 0.1891899 0.03810377
vt 0.1926641 0.0409638
vt 0.1928889 0.0432823
vt 0.1201725 0.1832801
vt 0.1173513 0.1844912
vt 0.1159343 0.1817677
vt -0.1264801 0.05228747
vt -0.1294647 0.0530071
vt -0.1304037 0.05008403
vt -0.1120619 0.1219487
vt -0.113869 0.120938
vt -0.1133809 0.1200653
vt -0.1115738 0.121076
vt -0.03154876 0.1695856
vt -0.03331515 0.1685053
vt -0.03279341 0.1676522
vt -0.03102702 0.1687325
vt 0.0578002 0.2090526
vt 0.05594823 0.2081266
vt 0.05639544 0.2072321
vt 0.05824741 0.2081581
vt 0.1445807 0.2030551
vt 0.1425741 0.2025445
vt 0.1428207 0.2015754
vt 0.1448273 0.202086
vt 0.1937148 0.1499315
vt 0.1916479 0.1500541
vt 0.1915887 0.1490558
vt 0.1936556 0.1489332
vt 0.1762975 0.1081389
vt 0.1743476 0.1088353
vt 0.1740113 0.1078936
vt 0.1759612 0.1071972
vt 0.1138686 0.1209377
vt 0.1120615 0.1219484
vt 0.1115733 0.1210756
vt 0.1133804 0.1200649
vt 0.03331504 0.1685051
vt 0.03154866 0.1695854
vt 0.03102691 0.1687323
vt 0.0327933 0.167652
vt -0.05594748 0.2081268
vt -0.05779944 0.2090528
vt -0.05824665 0.2081584
vt -0.05639469 0.2072324
vt -0.142574 0.2025445
vt -0.1445806 0.2030551
vt -0.1448272 0.202086
vt -0.1428206 0.2015754
vt -0.191648 0.1500539
vt -0.1937149 0.1499313
vt -0.1936558 0.1489331
vt -0.1915888 0.1490556
vt -0.1743477 0.1088358
vt -0.1762976 0.1081394
vt -0.1759613 0.1071976
vt -0.1740113 0.107894
vt 0.1898539 0.04628965
vt 0.187793 0.04648946
vt 0.1859083 0.04563204
vt 0.1847048 0.04394715
vt 0.184505 0.04188627
vt 0.1853624 0.04000159
vt 0.1870473 0.0387981
vt 0.1891082 0.03859831
vt 0.1909929 0.03945572
vt 0.1921964 0.0411406
vt 0.1923962 0.04320148
vt 0.1915388 0.04508617
vt -0.1915388 0.04508623
vt -0.1923962 0.04320155
vt -0.1921964 0.04114067
vt -0.1909929 0.03945578
vt -0.1891082 0.03859835
vt -0.1870473 0.03879817
vt -0.1853625 0.04000165
vt -0.184505 0.04188633
vt -0.1847048 0.04394722
vt -0.1859083 0.0456321
vt -0.187793 0.04648951
vt -0.1898539 0.04628971
vt 0.1004352 0.2143564
vt 0.1022982 0.2150839
vt 0.099388 0.2225358
vt 0.09752502 0.2218083
vt -0.1420284 0.1095299
vt -0.1415211 0.110876
vt -0.1433926 0.1115813
vt -0.1438999 0.1102353
vt 0.1004364 0.2143555
vt 0.1011639 0.2124925
vt 0.1030269 0.21322
vt 0.1022994 0.215083
vt -0.1004362 0.2143552
vt -0.1022992 0.2150827
vt -0.102663 0.2141512
vt -0.1008 0.2134237
vt 0.1448443 0.1118481
vt 0.14391 0.1122913
vt 0.1434814 0.1113878
vt 0.1439871 0.1100411
vt -0.1448439 0.111848
vt -0.1439867 0.110041
vt -0.143481 0.1113877
vt -0.1439096 0.1122912
vt -0.1448442 0.1118477
vt -0.1439099 0.1122909
vt -0.1469102 0.1186153
vt -0.1482731 0.1190756
vt -0.1022989 0.215084
vt -0.1004359 0.2143565
vt -0.09788951 0.2208768
vt -0.09975249 0.2216044
vt 0.1439092 0.112291
vt 0.1448435 0.1118478
vt 0.1482724 0.1190757
vt 0.1469095 0.1186154
vt 0.01705629 0.2470274
vt 0.01571275 0.248509
vt 0.01464716 0.2475426
vt 0.01599069 0.2460611
vt 0.09667829 0.2128884
vt 0.09764151 0.2132645
vt 0.09473132 0.2207164
vt 0.09413186 0.2194088
vt 0.05205417 -0.07128005
vt 0.05073834 -0.06977388
vt 0.04965501 -0.07072031
vt 0.05097085 -0.07222649
vt 0.09667961 0.2128887
vt 0.09704338 0.2119572
vt 0.09837038 0.2114019
vt 0.09764285 0.2132649
vt -0.09667896 0.2128885
vt -0.0976422 0.2132647
vt -0.09836973 0.2114017
vt -0.09704272 0.211957
vt 0.1493625 0.1097057
vt 0.1475555 0.110563
vt 0.1471269 0.1096595
vt 0.1489339 0.1088023
vt -0.1493621 0.1097052
vt -0.1485049 0.1078982
vt -0.1466979 0.1087554
vt -0.1475551 0.1105624
vt -0.149362 0.109704
vt -0.147555 0.1105612
vt -0.1509838 0.1177891
vt -0.1527908 0.1169319
vt -0.09764321 0.2132645
vt -0.09667999 0.2128883
vt -0.09413359 0.2194088
vt -0.09473305 0.2207164
vt 0.1475547 0.1105612
vt 0.1493617 0.109704
vt 0.1523619 0.1160284
vt 0.1505549 0.1168856
vt 0.1834261 0.176218
vt 0.184055 0.1775118
vt 0.1822563 0.1783862
vt 0.1816274 0.1770924
vt 0.1058218 0.2143117
vt 0.1064213 0.2156194
vt 0.1060575 0.2165509
vt 0.1050943 0.2161747
vt -0.1058209 0.214312
vt -0.1050933 0.216175
vt -0.1060565 0.2165512
vt -0.1064203 0.2156197
vt -0.1835301 0.1764318
vt -0.1817313 0.1773062
vt -0.1823602 0.1785999
vt -0.184159 0.1777255
vt 0.1050933 0.2161748
vt 0.1060565 0.2165509
vt 0.1035101 0.2230714
vt 0.1021831 0.2236267
vt 0.1485051 0.1078981
vt 0.1493624 0.1097051
vt 0.1475554 0.1105623
vt 0.1466981 0.1087553
vt -0.1489339 0.1088023
vt -0.1471269 0.1096595
vt -0.1475555 0.110563
vt -0.1493625 0.1097058
vt -0.1493621 0.1097035
vt -0.1475551 0.1105607
vt -0.1505553 0.1168851
vt -0.1523623 0.116028
vt -0.1060583 0.2165508
vt -0.1050951 0.2161746
vt -0.1021849 0.2236265
vt -0.1035119 0.2230712
vt 0.1475546 0.1105609
vt 0.1493616 0.1097037
vt 0.1527905 0.1169317
vt 0.1509835 0.1177889
vt -0.05187511 -0.07143645
vt -0.05079179 -0.07238287
vt -0.04947596 -0.0708767
vt -0.05055927 -0.06993026
vt 0.1008 0.2134236
vt 0.102663 0.2141511
vt 0.1022992 0.2150826
vt 0.1004362 0.214355
vt -0.1011633 0.2124925
vt -0.1004358 0.2143555
vt -0.1022988 0.215083
vt -0.1030263 0.21322
vt -0.01723224 0.2471871
vt -0.01616665 0.2462208
vt -0.01482311 0.2477023
vt -0.01588871 0.2486686
vt 0.1004349 0.2143562
vt 0.1022978 0.2150838
vt 0.09975144 0.2216042
vt 0.09788846 0.2208766
vt 0.1525776 0.1070726
vt 0.1530062 0.1079761
vt 0.1520719 0.1084193
vt 0.1512147 0.1066123
vt -0.1525774 0.1070729
vt -0.1512145 0.1066126
vt -0.1520717 0.1084196
vt -0.1530059 0.1079764
vt -0.1530069 0.1079762
vt -0.1520726 0.1084194
vt -0.1555015 0.1156473
vt -0.1560071 0.1143006
vt -0.1022989 0.2150836
vt -0.100436 0.2143561
vt -0.09752582 0.221808
vt -0.09938879 0.2225356
vt 0.1520719 0.1084196
vt 0.1530062 0.1079764
vt 0.1560065 0.1143008
vt 0.1555008 0.1156475
vt 0.1421122 0.1093075
vt 0.1439837 0.1100128
vt 0.1434764 0.1113589
vt 0.1416049 0.1106536
vt 0.1422399 0.2127786
vt 0.1399824 0.2122043
vt 0.1404756 0.210266
vt 0.1432262 0.2089022
vt 0.1944359 0.159906
vt 0.1921106 0.1600439
vt 0.1919922 0.1580474
vt 0.1943175 0.1579095
vt 0.1797827 0.1175127
vt 0.1775891 0.1182961
vt 0.1762437 0.1145291
vt 0.1791101 0.1156292
vt 0.118863 0.1296026
vt 0.11683 0.1307396
vt 0.1158537 0.1289941
vt 0.1169104 0.1261115
vt 0.03864303 0.1769688
vt 0.03665584 0.1781841
vt 0.03561234 0.1764779
vt 0.03759954 0.1752626
vt -0.05135952 0.2170133
vt -0.05344298 0.2180551
vt -0.05523183 0.2144773
vt -0.05225395 0.2152245
vt -0.1399829 0.212204
vt -0.1422403 0.2127784
vt -0.1427335 0.2108402
vt -0.1409692 0.2083275
vt -0.1921107 0.1600439
vt -0.194436 0.159906
vt -0.1943176 0.1579095
vt -0.1919923 0.1580474
vt -0.1775892 0.1182964
vt -0.1797828 0.1175129
vt -0.1784375 0.113746
vt -0.1769165 0.1164129
vt -0.1168299 0.1307395
vt -0.1188629 0.1296025
vt -0.1178867 0.1278569
vt -0.1148774 0.1272485
vt -0.0366556 0.1781838
vt -0.03864279 0.1769684
vt -0.0375993 0.1752622
vt -0.03561211 0.1764776
vt 0.05344356 0.2180551
vt 0.05136012 0.2170134
vt 0.05314897 0.2134356
vt 0.054338 0.2162662
vt 0.1926646 0.04096517
vt 0.1928893 0.04328367
vt 0.1919248 0.04540394
vt 0.1900293 0.04675786
vt 0.1877108 0.04698264
vt 0.1855905 0.04601806
vt 0.1842366 0.04412255
vt 0.1840118 0.04180405
vt 0.1849764 0.03968378
vt 0.1868719 0.03832986
vt 0.1891904 0.03810509
vt 0.1913107 0.03906969
vt -0.1175809 0.1838472
vt -0.1147597 0.1850584
vt -0.118998 0.1865708
vt 0.07386363 0.2410372
vt 0.07679296 0.240118
vt 0.07792689 0.2429711
vt 0.1281918 0.05533464
vt 0.1291308 0.05241159
vt 0.1321155 0.05313122
vt -0.1891904 0.03810517
vt -0.1868719 0.03832995
vt -0.1840118 0.04180414
vt -0.1842366 0.04412264
vt -0.1877108 0.04698272
vt -0.1900293 0.04675795
vt -0.1928894 0.04328376
vt -0.1926646 0.04096526
vt -0.166876 0.1563986
vt -0.1639725 0.1554007
vt -0.1627621 0.1582222
vt -0.1174313 0.1315491
vt -0.1192384 0.1305384
vt -0.1182621 0.1287928
vt -0.116455 0.1298036
vt -0.0372879 0.1789697
vt -0.03905429 0.1778894
vt -0.0380108 0.1761832
vt -0.03624441 0.1772635
vt 0.05287979 0.2188919
vt 0.05102783 0.2179659
vt 0.05192226 0.2161771
vt 0.05377423 0.217103
vt 0.1418684 0.2137157
vt 0.1398618 0.2132051
vt 0.140355 0.2112669
vt 0.1423616 0.2117774
vt 0.1943659 0.1609121
vt 0.192299 0.1610346
vt 0.1921806 0.1590381
vt 0.1942475 0.1589155
vt 0.1799972 0.118498
vt 0.1780473 0.1191944
vt 0.1773746 0.1173109
vt 0.1793245 0.1166145
vt 0.1192384 0.1305385
vt 0.1174313 0.1315492
vt 0.116455 0.1298036
vt 0.1182621 0.1287929
vt 0.03905424 0.1778893
vt 0.03728786 0.1789696
vt 0.03624436 0.1772634
vt 0.03801075 0.1761831
vt -0.05102791 0.2179658
vt -0.05287988 0.2188918
vt -0.05377431 0.2171029
vt -0.05192234 0.2161769
vt -0.1398618 0.2132051
vt -0.1418684 0.2137157
vt -0.1423616 0.2117775
vt -0.1403549 0.2112669
vt -0.192299 0.1610344
vt -0.1943659 0.1609119
vt -0.1942475 0.1589154
vt -0.1921806 0.1590379
vt -0.1780473 0.1191946
vt -0.1799972 0.1184982
vt -0.1793245 0.1166147
vt -0.1773746 0.1173111
vt 0.1898539 0.04628967
vt 0.187793 0.04648946
vt 0.1859083 0.04563206
vt 0.1847048 0.04394717
vt 0.184505 0.04188629
vt 0.1853624 0.0400016
vt 0.1870473 0.03879812
vt 0.1891082 0.03859833
vt 0.1909929 0.03945573
vt 0.1921964 0.04114062
vt 0.1923962 0.0432015
vt 0.1915388 0.04508619
vt -0.1915387 0.04508623
vt -0.1923961 0.04320155
vt -0.1921963 0.04114066
vt -0.1909929 0.03945577
vt -0.1891082 0.03859837
vt -0.1870473 0.03879817
vt -0.1853624 0.04000165
vt -0.184505 0.04188633
vt -0.1847048 0.04394722
vt -0.1859083 0.04563211
vt -0.187793 0.04648951
vt -0.1898538 0.04628971
vt 0.158247 -0.01961377
vt 0.1594519 -0.01977368
vt 0.1593742 -0.01915893
vt 0.1607548 0.002414586
vt 0.1617379 0.001699712
vt 0.1619626 0.002277205
vt 0.1700659 0.02968009
vt 0.1706462 0.02861201
vt 0.1710973 0.02903684
vt 0.1809549 0.0555373
vt 0.1810493 0.05432542
vt 0.1816344 0.05452942
vt 0.189833 0.07694079
vt 0.1894352 0.07579221
vt 0.190053 0.07574531
vt 0.1949619 0.09264778
vt 0.1941364 0.09175552
vt 0.1946835 0.09146454
vt 0.1964958 0.1014487
vt 0.1953751 0.100978
vt 0.1957527 0.1004867
vt 0.1962041 0.1006075
vt 0.1949909 0.1006828
vt 0.1951114 0.100075
vt 0.1963281 0.08498114
vt 0.1953171 0.08565602
vt 0.1951158 0.08506998
vt 0.1956788 0.0491722
vt 0.195269 0.05031656
vt 0.1947581 0.04996585
vt 0.1855779 0.002210433
vt 0.1860482 0.003331293
vt 0.1854346 0.003417497
vt 0.1676762 -0.02423856
vt 0.1687649 -0.02369808
vt 0.168357 -0.02323161
vt 0.04671624 -0.06869529
vt 0.04642742 -0.06924351
vt 0.04734849 -0.07003672
vt 0.0478913 -0.0690064
vt 0.09157969 -0.001688681
vt 0.09115963 -0.002144221
vt 0.09184582 -0.003147559
vt 0.09263526 -0.002291429
vt 0.134468 0.05697154
vt 0.133939 0.05664883
vt 0.1343234 0.05549565
vt 0.1353175 0.05610215
vt 0.1698171 0.1005578
vt 0.1692168 0.100404
vt 0.1692469 0.09918885
vt 0.170375 0.09947787
vt 0.1915156 0.1302556
vt 0.1908969 0.130291
vt 0.1905573 0.1291238
vt 0.19172 0.1290574
vt 0.1959638 0.1532364
vt 0.1953844 0.153456
vt 0.1947097 0.1524449
vt 0.1957987 0.1520321
vt 0.184159 0.1756168
vt 0.1836667 0.1759932
vt 0.1827307 0.1752176
vt 0.1836558 0.1745103
vt 0.1603464 0.1966516
vt 0.1599728 0.1971459
vt 0.1588635 0.1966491
vt 0.1595656 0.19572
vt 0.1294021 0.209072
vt 0.1291655 0.2096447
vt 0.1279666 0.2094443
vt 0.1284112 0.2083679
vt 0.09745909 0.2030542
vt 0.09737944 0.2036687
vt 0.09616965 0.2037866
vt 0.09631935 0.2026318
vt -0.0002803339 -0.186866
vt -0.0001583799 -0.1874735
vt 0.001056682 -0.1875075
vt 0.0008274744 -0.1863657
vt 0.004470523 -0.132852
vt 0.00432885 -0.1334552
vt 0.005419788 -0.1339913
vt 0.005686047 -0.1328576
vt -0.03899323 -0.01465696
vt -0.03985584 -0.01543933
vt -0.0392004 -0.01646301
vt -0.03803819 -0.01540892
vt 0.03750066 0.05183041
vt 0.03656952 0.051131
vt 0.03712768 0.05005119
vt 0.03838221 0.05099351
vt 0.1056294 0.112464
vt 0.1045875 0.1119439
vt 0.1049418 0.1107812
vt 0.1063457 0.1114819
vt 0.1609768 0.1487163
vt 0.1598407 0.1484603
vt 0.159907 0.1472465
vt 0.1614376 0.1475915
vt 0.1926026 0.1629503
vt 0.1914395 0.1630097
vt 0.1911765 0.1618229
vt 0.1927435 0.161743
vt 0.1928222 0.173873
vt 0.1917154 0.1742351
vt 0.1911505 0.1731587
vt 0.1926417 0.1726709
vt 0.1641971 0.1972665
vt 0.1631971 0.1978634
vt 0.1624092 0.1969378
vt 0.1637565 0.1961337
vt 0.1131008 0.2308305
vt 0.1122033 0.2315727
vt 0.1112836 0.2307779
vt 0.1124928 0.229778
vt 0.03821711 0.2560495
vt 0.037354 0.2568313
vt 0.03639945 0.2560788
vt 0.03756232 0.2550254
vt -0.07994632 0.2334726
vt -0.08094531 0.2340711
vt -0.08173479 0.2331468
vt -0.08038885 0.2323405
vt -0.1952385 0.06787642
vt -0.1963899 0.06770216
vt -0.1964105 0.0664868
vt -0.1948592 0.06672157
vt -0.128012 -0.04375024
vt -0.1289334 -0.04446245
vt -0.1283604 -0.04553444
vt -0.127119 -0.04457489
vt -0.08703305 0.06306125
vt -0.08834792 0.06220515
vt -0.08777745 0.06113179
vt -0.08628224 0.06210531
vt -0.003038459 0.1191609
vt -0.004362968 0.1183198
vt -0.00380473 0.11724
vt -0.00229856 0.1181965
vt 0.07983186 0.1706831
vt 0.07841235 0.1700147
vt 0.07883081 0.1688735
vt 0.08044502 0.1696336
vt 0.1522994 0.1881223
vt 0.1507688 0.1877773
vt 0.15093 0.1865725
vt 0.1526706 0.1869648
vt 0.1934654 0.1733836
vt 0.1918985 0.1734647
vt 0.1917285 0.1722611
vt 0.1935103 0.1721689
vt 0.1878085 0.1610737
vt 0.186315 0.1615545
vt 0.1858415 0.160435
vt 0.1875399 0.1598882
vt 0.143151 0.1791752
vt 0.1417729 0.1799252
vt 0.1410996 0.1789131
vt 0.1426668 0.1780603
vt 0.07379811 0.2196898
vt 0.07248984 0.220556
vt 0.07173173 0.2196058
vt 0.07321943 0.2186209
vt -0.01597141 0.2502486
vt -0.0173132 0.2510619
vt -0.01803279 0.2500823
vt -0.01650696 0.2491575
vt -0.1225227 0.2269021
vt -0.1240101 0.2274015
vt -0.1244974 0.2262879
vt -0.122806 0.22572
vt -0.1935109 0.1279585
vt -0.1950749 0.1278333
vt -0.1950855 0.1266178
vt -0.193307 0.1267602
vt -0.1642762 0.0513822
vt -0.165702 0.05072732
vt -0.1652944 0.04958213
vt -0.1636731 0.05032685
vt -0.1178528 0.1320095
vt -0.11941 0.1311386
vt -0.1188166 0.1300777
vt -0.1172594 0.1309486
vt -0.03772714 0.1794132
vt -0.03924926 0.1784822
vt -0.03861506 0.1774453
vt -0.03709294 0.1783762
vt 0.05248051 0.2193714
vt 0.05088466 0.2185734
vt 0.05142827 0.2174862
vt 0.05302412 0.2182842
vt 0.1415793 0.2142696
vt 0.1398502 0.2138296
vt 0.1401499 0.2126516
vt 0.1418791 0.2130915
vt 0.194259 0.161527
vt 0.192478 0.1616326
vt 0.192406 0.1604192
vt 0.1941871 0.1603136
vt 0.1800668 0.1191185
vt 0.1783866 0.1197186
vt 0.1779777 0.1185739
vt 0.179658 0.1179738
vt 0.1194099 0.1311386
vt 0.1178527 0.1320095
vt 0.1172594 0.1309486
vt 0.1188166 0.1300777
vt 0.03924918 0.1784822
vt 0.03772707 0.1794131
vt 0.03709287 0.1783761
vt 0.03861498 0.1774452
vt -0.05088469 0.2185734
vt -0.05248054 0.2193713
vt -0.05302415 0.2182841
vt -0.0514283 0.2174861
vt -0.1398502 0.2138296
vt -0.1415793 0.2142695
vt -0.1418791 0.2130915
vt -0.14015 0.2126516
vt -0.1924779 0.1616326
vt -0.194259 0.161527
vt -0.1941871 0.1603136
vt -0.192406 0.1604192
vt -0.1783866 0.1197187
vt -0.1800668 0.1191186
vt -0.179658 0.1179739
vt -0.1779777 0.118574
vt -0.1416071 0.1798457
vt -0.1431743 0.1789929
vt -0.1425011 0.1779808
vt -0.1411229 0.1787308
vt -0.0723179 0.2204911
vt -0.07380559 0.2195061
vt -0.07304748 0.218556
vt -0.07173922 0.2194221
vt 0.01748249 0.2509903
vt 0.01595666 0.2500655
vt 0.01667625 0.2490858
vt 0.01801804 0.2498991
vt 0.1241595 0.2272945
vt 0.1224681 0.2267266
vt 0.1229554 0.2256131
vt 0.1244428 0.2261124
vt 0.1951703 0.1276762
vt 0.1933918 0.1278186
vt 0.1934024 0.1266031
vt 0.1949664 0.1264779
vt 0.1657376 0.05054701
vt 0.1641162 0.05129172
vt 0.1637087 0.05014654
vt 0.1651345 0.04949166
vt 0.08835677 0.06202162
vt 0.08686156 0.06299513
vt 0.0862911 0.06192177
vt 0.08760597 0.06106566
vt 0.004373903 0.1181363
vt 0.002867734 0.1190928
vt 0.002309495 0.1180131
vt 0.003634005 0.1171719
vt -0.07837845 0.1698341
vt -0.07999267 0.1705942
vt -0.08041112 0.169453
vt -0.07899161 0.1687846
vt -0.1506966 0.1876083
vt -0.1524371 0.1880006
vt -0.1525984 0.1867958
vt -0.1510678 0.1864509
vt -0.1917833 0.1733214
vt -0.1935652 0.1732293
vt -0.1933952 0.1720257
vt -0.1918283 0.1721067
vt -0.1861669 0.1614456
vt -0.1878653 0.1608988
vt -0.1873918 0.1597793
vt -0.1858983 0.1602602
vt -0.1629053 0.197769
vt -0.1642526 0.1969649
vt -0.1634647 0.1960393
vt -0.1624647 0.1966362
vt -0.1119006 0.2315238
vt -0.1131097 0.2305239
vt -0.11219 0.2297291
vt -0.1112926 0.2304713
vt -0.03704937 0.2567962
vt -0.03821224 0.2557428
vt -0.03725769 0.2549903
vt -0.03639457 0.2557721
vt 0.08123727 0.2339772
vt 0.07989133 0.2331709
vt 0.0806808 0.2322466
vt 0.0816798 0.2328451
vt 0.1965554 0.06744372
vt 0.195004 0.0676785
vt 0.1950246 0.06646314
vt 0.1961761 0.06628887
vt 0.1289525 -0.04476858
vt 0.1277111 -0.04380903
vt 0.127138 -0.04488102
vt 0.1280594 -0.04559323
vt 0.03985069 -0.01574598
vt 0.03868849 -0.0146919
vt 0.03803305 -0.01571558
vt 0.03889566 -0.01649795
vt -0.03654636 0.05082516
vt -0.03780088 0.05176748
vt -0.03835905 0.05068767
vt -0.03742791 0.04998825
vt -0.1045095 0.1116472
vt -0.1059134 0.1123479
vt -0.1062677 0.1111852
vt -0.1052257 0.1106651
vt -0.1596942 0.1481908
vt -0.1612248 0.1485358
vt -0.161291 0.147322
vt -0.160155 0.147066
vt -0.1912258 0.1627897
vt -0.1927928 0.1627097
vt -0.1925297 0.161523
vt -0.1913667 0.1615823
vt -0.1914515 0.1740787
vt -0.1929427 0.1735909
vt -0.1923778 0.1725146
vt -0.191271 0.1728767
vt -0.1065109 -0.06297703
vt -0.1062617 -0.06411462
vt -0.1052554 -0.06361529
vt -0.1053879 -0.06300999
vt -0.1271669 -0.01246948
vt -0.1265127 -0.01343297
vt -0.1257641 -0.01259539
vt -0.1261122 -0.01208273
vt -0.1530949 0.03517033
vt -0.1521504 0.03448901
vt -0.1517338 0.03553227
vt -0.1522363 0.0358948
vt -0.1761171 0.07401234
vt -0.1749982 0.07368945
vt -0.1749578 0.07481211
vt -0.1755531 0.07498392
vt -0.1910162 0.1034947
vt -0.189854 0.1035688
vt -0.1901952 0.1046391
vt -0.1908136 0.1045997
vt -0.1953452 0.1263229
vt -0.1942762 0.1267849
vt -0.1949587 0.1276772
vt -0.1955275 0.1274314
vt -0.190042 0.1445858
vt -0.1891919 0.1453818
vt -0.1901357 0.1459911
vt -0.190588 0.1455676
vt -0.1792737 0.1562516
vt -0.1787546 0.1572941
vt -0.1798516 0.157536
vt -0.1801278 0.1569814
vt -0.1710537 0.1529057
vt -0.1709916 0.1540686
vt -0.1720945 0.1538546
vt -0.1721275 0.1532358
vt -0.181922 0.1077449
vt -0.1825472 0.1087274
vt -0.1833204 0.1079125
vt -0.1829878 0.1073897
vt -0.1753728 -0.05193157
vt -0.1764939 -0.05224702
vt -0.1759364 -0.05322232
vt -0.1753399 -0.05305446
vt -0.109001 -0.1010858
vt -0.1093341 -0.1022017
vt -0.1082119 -0.1022523
vt -0.1080346 -0.1016585
vt -0.1963846 0.1017557
vt -0.1967622 0.1012645
vt -0.1956415 0.1007938
vt -0.1962397 0.1009327
vt -0.1963602 0.1003249
vt -0.195147 0.1004002
vt -0.1965211 0.08524435
vt -0.1963198 0.08465831
vt -0.1953089 0.08533318
vt -0.1959898 0.04926842
vt -0.195479 0.04891769
vt -0.1950691 0.05006205
vt -0.1858707 0.00206831
vt -0.185257 0.002154518
vt -0.1857274 0.003275374
vt -0.1678049 -0.02453904
vt -0.167397 -0.02407257
vt -0.1684857 -0.0235321
vt -0.158187 -0.01993536
vt -0.1581092 -0.0193206
vt -0.1593142 -0.01948054
vt -0.1605499 0.002160486
vt -0.1607745 0.002737977
vt -0.1617576 0.002023093
vt -0.1697725 0.02953904
vt -0.1702236 0.02996387
vt -0.1708038 0.02889579
vt -0.1806295 0.05552751
vt -0.1812146 0.05573152
vt -0.181309 0.05451964
vt -0.1895315 0.07706272
vt -0.1901494 0.07701582
vt -0.1897515 0.07586724
vt -0.1947344 0.09288101
vt -0.1952815 0.09259002
vt -0.194456 0.09169777
vt -0.1166448 0.128552
vt -0.1170965 0.1282994
vt -0.1136796 0.12219
vt -0.1132278 0.1224427
vt -0.03638367 0.1760063
vt -0.03682528 0.1757363
vt -0.03317307 0.1697645
vt -0.03273148 0.1700346
vt 0.05352757 0.2158616
vt 0.05306459 0.2156301
vt 0.05619507 0.2093692
vt 0.05665807 0.2096007
vt 0.1418551 0.2106172
vt 0.1413534 0.2104896
vt 0.1430795 0.2037057
vt 0.1435812 0.2038334
vt 0.1934132 0.1579636
vt 0.1928964 0.1579942
vt 0.1924821 0.1510065
vt 0.1929988 0.1509759
vt 0.178256 0.1159337
vt 0.1777685 0.1161078
vt 0.1754141 0.1095156
vt 0.1759016 0.1093415
vt 0.1170965 0.1282994
vt 0.1166447 0.128552
vt 0.1132277 0.1224427
vt 0.1136795 0.12219
vt 0.03682628 0.1757357
vt 0.03638469 0.1760058
vt 0.03273248 0.1700341
vt 0.03317408 0.169764
vt -0.05306451 0.2156302
vt -0.0535275 0.2158617
vt -0.05665799 0.2096008
vt -0.056195 0.2093693
vt -0.1413534 0.2104896
vt -0.1418551 0.2106172
vt -0.1435812 0.2038334
vt -0.1430795 0.2037057
vt -0.1928968 0.1579931
vt -0.1934135 0.1579625
vt -0.1929992 0.1509748
vt -0.1924824 0.1510054
vt -0.1777695 0.1161081
vt -0.178257 0.115934
vt -0.1759026 0.1093418
vt -0.1754151 0.1095159
vt 0.1888014 0.0434803
vt 0.1882861 0.04353025
vt 0.187815 0.0433159
vt 0.1875141 0.04289468
vt 0.1874641 0.04237946
vt 0.1876785 0.04190829
vt 0.1880997 0.04160741
vt 0.1886149 0.04155746
vt 0.1890861 0.04177181
vt 0.189387 0.04219303
vt 0.1894369 0.04270826
vt 0.1892226 0.04317942
vt -0.1892221 0.04317787
vt -0.1894365 0.04270671
vt -0.1893865 0.04219148
vt -0.1890856 0.04177026
vt -0.1886144 0.04155592
vt -0.1880992 0.04160587
vt -0.187678 0.04190675
vt -0.1874637 0.04237792
vt -0.1875136 0.04289315
vt -0.1878145 0.04331436
vt -0.1882857 0.04352871
vt -0.1888009 0.04347876
vt -0.1900075 0.1163415
vt -0.190099 0.1169374
vt -0.190299 0.1169575
vt -0.1901921 0.1162623
vt -0.05544371 0.2498262
vt -0.05496135 0.2503381
vt -0.05507992 0.2505004
vt -0.05561272 0.249935
vt 0.02793827 0.241577
vt 0.02861351 0.2419612
vt 0.02852603 0.2421421
vt 0.02782739 0.2417446
vt 0.07391055 0.1799951
vt 0.07463728 0.1803387
vt 0.07453941 0.1805142
vt 0.07383703 0.1801821
vt 0.1132861 0.0939264
vt 0.1139763 0.09428313
vt 0.1138529 0.09444174
vt 0.113228 0.09411879
vt 0.1619032 0.0291738
vt 0.1624477 0.02961904
vt 0.1622857 0.02973787
vt 0.1618189 0.02935622
vt 0.1902126 0.1163101
vt 0.1903042 0.116906
vt 0.1901042 0.1168859
vt 0.1900279 0.1163893
vt 0.05553725 0.2500524
vt 0.05519272 0.250418
vt 0.05507414 0.2502557
vt 0.05536824 0.2499436
vt -0.02798415 0.2418482
vt -0.02835686 0.2420603
vt -0.02844434 0.2418794
vt -0.02809502 0.2416806
vt -0.07401189 0.1802509
vt -0.07437526 0.1804227
vt -0.07447313 0.1802472
vt -0.07408543 0.1800639
vt -0.1133617 0.09415905
vt -0.1137427 0.09435596
vt -0.1138661 0.09419733
vt -0.1134197 0.09396666
vt -0.1618661 0.02937798
vt -0.162255 0.02969601
vt -0.1624171 0.02957718
vt -0.1619504 0.02919554
vt -0.1913019 0.1294275
vt -0.191106 0.1299977
vt -0.1912737 0.1301084
vt -0.1915023 0.1294432
vt -0.1226094 0.225787
vt -0.1220871 0.2262581
vt -0.1221921 0.2264294
vt -0.122769 0.2259091
vt -0.06271716 0.2091286
vt -0.06206327 0.2095481
vt -0.06216021 0.2097242
vt -0.06283677 0.2092901
vt -0.0109632 0.1314396
vt -0.01028068 0.1318643
vt -0.01039803 0.1320274
vt -0.01105769 0.131617
vt 0.05105185 0.0324864
vt 0.05165727 0.0329733
vt 0.05150479 0.0331042
vt 0.05095669 0.0326634
vt 0.1454754 -0.009051959
vt 0.1458051 -0.008430614
vt 0.1456096 -0.008383809
vt 0.1453271 -0.008916384
vt 0.1914982 0.129495
vt 0.1913023 0.1300652
vt 0.1911346 0.1299544
vt 0.1912978 0.1294793
vt 0.1226841 0.22602
vt 0.1223111 0.2263565
vt 0.1222061 0.2261852
vt 0.1225245 0.2258979
vt 0.06268576 0.209402
vt 0.0623248 0.2096335
vt 0.06222785 0.2094575
vt 0.06256615 0.2092405
vt 0.01089179 0.1317053
vt 0.01055052 0.1319176
vt 0.01043318 0.1317545
vt 0.0107973 0.131528
vt -0.05107968 0.03272951
vt -0.05141387 0.03299828
vt -0.05156635 0.03286736
vt -0.05117484 0.0325525
vt -0.1453622 -0.00887806
vt -0.1455976 -0.00843424
vt -0.145793 -0.008481045
vt -0.1455105 -0.009013629
vt -0.1952011 0.1251374
vt -0.1947938 0.1255819
vt -0.1949033 0.1257504
vt -0.1953785 0.1252318
vt -0.1679998 0.1942408
vt -0.1674031 0.1946132
vt -0.1674765 0.1948003
vt -0.1681356 0.1943889
vt -0.1355973 0.1668552
vt -0.1349143 0.1672254
vt -0.134998 0.1674081
vt -0.1357047 0.1670251
vt -0.09477441 0.07774143
vt -0.09409074 0.07816424
vt -0.09420766 0.0783277
vt -0.09486843 0.07791905
vt -0.02001107 -0.03589808
vt -0.01947014 -0.03534039
vt -0.01963757 -0.03522924
vt -0.02012728 -0.03573412
vt 0.1365566 -0.04509651
vt 0.1365844 -0.0443937
vt 0.136388 -0.04443621
vt 0.1363642 -0.04503862
vt 0.1953541 0.1252777
vt 0.1949468 0.1257221
vt 0.1948373 0.1255537
vt 0.1951767 0.1251832
vt 0.1680327 0.1944833
vt 0.1676065 0.1947493
vt 0.1675331 0.1945622
vt 0.1678969 0.1943352
vt 0.1355459 0.1671255
vt 0.1351689 0.1673299
vt 0.1350852 0.1671472
vt 0.1354385 0.1669556
vt 0.09470232 0.07800694
vt 0.0943605 0.07821833
vt 0.09424359 0.07805489
vt 0.09460832 0.07782932
vt 0.02001343 -0.03565339
vt 0.01971485 -0.03534555
vt 0.01954743 -0.03545671
vt 0.01989722 -0.03581735
vt -0.1363791 -0.04498893
vt -0.136399 -0.04448692
vt -0.1365954 -0.04444441
vt -0.1365716 -0.04504682
vt -0.1960302 0.1116011
vt -0.195486 0.1118605
vt -0.1955244 0.1120578
vt -0.1961593 0.1117551
vt -0.1929348 0.1700097
vt -0.1922678 0.170233
vt -0.1922956 0.170432
vt -0.1930324 0.1701854
vt -0.1847423 0.1500903
vt -0.1840038 0.1503315
vt -0.1840533 0.1505263
vt -0.1848174 0.1502767
vt -0.1684427 0.06681898
vt -0.1677025 0.06713261
vt -0.1677932 0.06731198
vt -0.1685085 0.06700885
vt -0.1073405 -0.07447907
vt -0.1067801 -0.07394093
vt -0.1069435 -0.07382391
vt -0.1074508 -0.0743111
vt 0.1477353 -0.0617166
vt 0.1473732 -0.06111363
vt 0.1472322 -0.06125687
vt 0.1475426 -0.06177371
vt 0.1961195 0.1117885
vt 0.1955753 0.1120479
vt 0.1955369 0.1118506
vt 0.1959904 0.1116344
vt 0.1929103 0.1702532
vt 0.1924339 0.1704127
vt 0.1924061 0.1702137
vt 0.1928127 0.1700775
vt 0.1846431 0.1503469
vt 0.1842354 0.15048
vt 0.184186 0.1502853
vt 0.184568 0.1501605
vt 0.168331 0.06707048
vt 0.1679609 0.06722729
vt 0.1678703 0.06704793
vt 0.1682651 0.06688061
vt 0.107334 -0.07423459
vt 0.1070247 -0.07393754
vt 0.1068613 -0.07405457
vt 0.1072237 -0.07440256
vt -0.1475279 -0.06172395
vt -0.1472692 -0.06129326
vt -0.1474102 -0.06115
vt -0.1477206 -0.06166684
vt -0.1905457 0.09158
vt -0.1899442 0.09162164
vt -0.1899076 0.09181922
vt -0.1906092 0.09177065
vt -0.192078 0.1546403
vt -0.1913755 0.1546767
vt -0.191349 0.1548759
vt -0.1921249 0.1548357
vt -0.1930537 0.1691228
vt -0.1922779 0.1691638
vt -0.192275 0.1693647
vt -0.1930778 0.1693223
vt -0.1941378 0.1344616
vt -0.1933361 0.1345199
vt -0.1933641 0.1347189
vt -0.1941389 0.1346625
vt -0.1957804 0.04087495
vt -0.1950188 0.04102836
vt -0.1950938 0.04121478
vt -0.1957833 0.04107589
vt 0.1833665 -0.01923074
vt 0.1826748 -0.01910337
vt 0.182689 -0.01930382
vt 0.1832819 -0.01941299
vt 0.19056 0.09178708
vt 0.1899585 0.0918287
vt 0.1899952 0.09163112
vt 0.1904964 0.09159642
vt 0.1919892 0.1548683
vt 0.1914874 0.1548943
vt 0.1915139 0.1546951
vt 0.1919422 0.1546729
vt 0.1928912 0.1693448
vt 0.1924629 0.1693674
vt 0.1924658 0.1691665
vt 0.1928671 0.1691452
vt 0.193951 0.1346637
vt 0.1935501 0.1346928
vt 0.1935222 0.1344938
vt 0.1939499 0.1344627
vt 0.1956438 0.04107784
vt 0.1952233 0.04116251
vt 0.1951483 0.0409761
vt 0.1956408 0.0408769
vt -0.1832348 -0.01939109
vt -0.1827407 -0.0193001
vt -0.1827265 -0.01909964
vt -0.1833195 -0.01920882
vt -0.1781684 0.06494123
vt -0.1775934 0.06475979
vt -0.177487 0.06493022
vt -0.1781577 0.0651419
vt -0.1634263 0.1350177
vt -0.1627408 0.1348603
vt -0.1626607 0.1350446
vt -0.163418 0.1352185
vt -0.1502585 0.1925703
vt -0.1495013 0.1923964
vt -0.1494433 0.1925888
vt -0.1502268 0.1927687
vt -0.1303084 0.2212528
vt -0.12954 0.2210167
vt -0.129494 0.2212123
vt -0.1302366 0.2214406
vt -0.05990931 0.2329554
vt -0.05929356 0.2324816
vt -0.05920223 0.2326606
vt -0.05975968 0.2330895
vt 0.1943054 0.06976541
vt 0.193792 0.06928457
vt 0.1939617 0.0691769
vt 0.1944017 0.06958906
vt 0.1781059 0.06513916
vt 0.177531 0.06495772
vt 0.1776374 0.06478728
vt 0.1781166 0.06493849
vt 0.1632785 0.1352127
vt 0.1627888 0.1351002
vt 0.1628689 0.1349159
vt 0.1632868 0.1350119
vt 0.1500412 0.1927391
vt 0.1496232 0.1926431
vt 0.1496812 0.1924507
vt 0.1500729 0.1925406
vt 0.1300611 0.2213734
vt 0.129677 0.2212553
vt 0.129723 0.2210597
vt 0.1301329 0.2211857
vt 0.05966629 0.2329856
vt 0.05932641 0.232724
vt 0.05941774 0.232545
vt 0.05981592 0.2328514
vt -0.1943562 0.06956413
vt -0.1939895 0.06922066
vt -0.1938199 0.06932833
vt -0.1942599 0.06974049
vt -0.1610446 0.0312556
vt -0.1605778 0.03087394
vt -0.1604158 0.03099278
vt -0.1609603 0.03143802
vt -0.1132376 0.09563214
vt -0.1126127 0.09530919
vt -0.1124894 0.09546781
vt -0.1131795 0.09582453
vt -0.07438946 0.1808313
vt -0.07368708 0.1804992
vt -0.07358921 0.1806747
vt -0.07431594 0.1810183
vt -0.02889786 0.2414888
vt -0.02819921 0.2410912
vt -0.02811174 0.2412721
vt -0.02878698 0.2416564
vt 0.05381719 0.2493104
vt 0.05435 0.2487449
vt 0.05446856 0.2489072
vt 0.05398621 0.2494191
vt 0.1879765 0.1173144
vt 0.1878697 0.1166192
vt 0.1880697 0.1166393
vt 0.1881612 0.1172352
vt 0.1609131 0.03141629
vt 0.1604464 0.03103464
vt 0.1606085 0.03091582
vt 0.1609974 0.03123385
vt 0.1130459 0.09578426
vt 0.1125996 0.09555358
vt 0.1127229 0.09539495
vt 0.1131039 0.09559186
vt 0.07414108 0.1809495
vt 0.07375338 0.1807662
vt 0.07385124 0.1805907
vt 0.07421461 0.1807625
vt 0.02863025 0.2415527
vt 0.02828093 0.2413539
vt 0.02836841 0.241173
vt 0.02874113 0.2413851
vt -0.05406165 0.2493017
vt -0.05435575 0.2489896
vt -0.05423718 0.2488273
vt -0.05389264 0.249193
vt -0.1881408 0.1171875
vt -0.1880645 0.1166909
vt -0.1878645 0.1166708
vt -0.1879561 0.1172667
vt -0.1438777 -0.007465049
vt -0.1435951 -0.007997623
vt -0.1433997 -0.007950818
vt -0.1437293 -0.007329473
vt -0.05066496 0.03414843
vt -0.05011686 0.03370763
vt -0.04996438 0.03383853
vt -0.0505698 0.03432543
vt 0.01058334 0.1323252
vt 0.011243 0.1319148
vt 0.01136035 0.1320779
vt 0.01067783 0.1325026
vt 0.06175426 0.2090915
vt 0.06243084 0.2086574
vt 0.06252778 0.2088334
vt 0.06187387 0.2092529
vt 0.12103 0.2251409
vt 0.1216069 0.2246206
vt 0.1217119 0.2247919
vt 0.1211896 0.225263
vt 0.1890515 0.1293448
vt 0.1892801 0.1286796
vt 0.1894478 0.1287903
vt 0.1892518 0.1293605
vt 0.1436943 -0.00736777
vt 0.1434117 -0.007900355
vt 0.1436072 -0.00794716
vt 0.1438426 -0.00750334
vt 0.0504468 0.03425937
vt 0.0500553 0.03394451
vt 0.05020778 0.0338136
vt 0.05054196 0.03408236
vt -0.01084363 0.1324141
vt -0.01120775 0.1321876
vt -0.01109041 0.1320244
vt -0.01074914 0.1322367
vt -0.06202492 0.2091411
vt -0.06236321 0.2089241
vt -0.06226626 0.2087481
vt -0.06190531 0.2089796
vt -0.1212743 0.2251521
vt -0.1215928 0.2248649
vt -0.1214878 0.2246935
vt -0.1211147 0.22503
vt -0.1892559 0.1293087
vt -0.1894192 0.1288335
vt -0.1892515 0.1287228
vt -0.1890556 0.1292929
vt -0.1344289 -0.04435875
vt -0.1344051 -0.04496116
vt -0.1342087 -0.04500367
vt -0.1342365 -0.04430085
vt 0.02059952 -0.03429625
vt 0.02108922 -0.03480113
vt 0.02125665 -0.03468998
vt 0.02071572 -0.03413229
vt 0.09439209 0.07862595
vt 0.09505287 0.07821731
vt 0.09516978 0.07838075
vt 0.09448611 0.07880356
vt 0.1346398 0.1667473
vt 0.1353465 0.1663642
vt 0.1354302 0.1665469
vt 0.1347472 0.1669171
vt 0.1665577 0.1933283
vt 0.1672168 0.192917
vt 0.1672902 0.193104
vt 0.1666936 0.1934765
vt 0.1931709 0.124163
vt 0.1936461 0.1236444
vt 0.1937556 0.1238129
vt 0.1933483 0.1242574
vt 0.1342215 -0.04435057
vt 0.1341977 -0.04495298
vt 0.1343941 -0.04491048
vt 0.1344139 -0.04440846
vt -0.02082973 -0.03421293
vt -0.02117952 -0.03457357
vt -0.0210121 -0.03468473
vt -0.02071352 -0.03437689
vt -0.09465221 0.07871561
vt -0.09501694 0.07849003
vt -0.09490002 0.07832659
vt -0.09455819 0.07853799
vt -0.1349061 0.1668167
vt -0.1352594 0.1666252
vt -0.1351757 0.1664425
vt -0.1347987 0.1666469
vt -0.1667965 0.1933821
vt -0.1671603 0.193155
vt -0.1670869 0.1929679
vt -0.1666606 0.193234
vt -0.1933727 0.1242115
vt -0.1937121 0.1238411
vt -0.1936026 0.1236726
vt -0.1931953 0.1241171
vt -0.1455515 -0.06226636
vt -0.1458619 -0.0627832
vt -0.1457209 -0.06292643
vt -0.1453588 -0.06232347
vt 0.1078716 -0.07285745
vt 0.1083789 -0.07334465
vt 0.1085423 -0.07322763
vt 0.1079819 -0.07268948
vt 0.16793 0.06763496
vt 0.1686454 0.06733184
vt 0.168736 0.06751119
vt 0.1679958 0.06782483
vt 0.1838199 0.1498117
vt 0.184584 0.1495622
vt 0.1846334 0.1497569
vt 0.1838949 0.1499982
vt 0.1917447 0.1687866
vt 0.1924814 0.16854
vt 0.1925093 0.168739
vt 0.1918423 0.1689623
vt 0.1945132 0.1099368
vt 0.1951481 0.1096341
vt 0.1951865 0.1098313
vt 0.1946423 0.1100908
vt 0.1453735 -0.06237324
vt 0.1456839 -0.06289007
vt 0.1458249 -0.06274682
vt 0.1455662 -0.06231613
vt -0.1080987 -0.07276597
vt -0.1084611 -0.07311396
vt -0.1082977 -0.07323099
vt -0.1079884 -0.07293394
vt -0.1681734 0.06776322
vt -0.1685682 0.06759591
vt -0.1684776 0.06741653
vt -0.1681075 0.06757335
vt -0.1840692 0.149928
vt -0.1844513 0.1498032
vt -0.1844018 0.1496084
vt -0.1839942 0.1497416
vt -0.1919644 0.1688945
vt -0.192371 0.1687583
vt -0.1923431 0.1685593
vt -0.1918668 0.1687188
vt -0.194682 0.1100575
vt -0.1951355 0.1098412
vt -0.1950971 0.109644
vt -0.1945529 0.1099034
vt -0.1823339 -0.02123207
vt -0.1829268 -0.02134124
vt -0.182941 -0.0215417
vt -0.1822493 -0.02141432
vt 0.1953584 0.04252822
vt 0.196048 0.04238933
vt 0.196123 0.04257575
vt 0.1953614 0.04272916
vt 0.1933895 0.1350688
vt 0.1941644 0.1350124
vt 0.1941924 0.1352114
vt 0.1933906 0.1352697
vt 0.1922353 0.1686141
vt 0.193038 0.1685717
vt 0.1930352 0.1687726
vt 0.1922594 0.1688136
vt 0.1912592 0.153143
vt 0.1920351 0.1531028
vt 0.1920086 0.153302
vt 0.1913062 0.1533384
vt 0.1897453 0.0894751
vt 0.190447 0.08942652
vt 0.1904103 0.0896241
vt 0.1898088 0.08966574
vt 0.1822964 -0.02143621
vt 0.1828893 -0.02154539
vt 0.1828751 -0.02134493
vt 0.182381 -0.02125394
vt -0.195501 0.0427273
vt -0.1959935 0.0426281
vt -0.1959185 0.04244169
vt -0.195498 0.04252636
vt -0.1935785 0.1352687
vt -0.1940062 0.1352376
vt -0.1939783 0.1350385
vt -0.1935774 0.1350677
vt -0.1924459 0.1687911
vt -0.1928473 0.1687699
vt -0.1928501 0.168569
vt -0.1924219 0.1685916
vt -0.1914419 0.1533058
vt -0.1918702 0.1532836
vt -0.1918967 0.1530844
vt -0.191395 0.1531104
vt -0.189858 0.08964927
vt -0.1903593 0.08961457
vt -0.190396 0.089417
vt -0.1897945 0.08945862
vt -0.195302 0.06774607
vt -0.195742 0.06815822
vt -0.1959117 0.06805057
vt -0.1953984 0.06756972
vt 0.05838491 0.2337227
vt 0.05894236 0.2341516
vt 0.05885103 0.2343306
vt 0.05823528 0.2338568
vt 0.129391 0.2215476
vt 0.1301336 0.2217758
vt 0.1300876 0.2219714
vt 0.1293192 0.2217353
vt 0.1496115 0.1918562
vt 0.1503949 0.1920361
vt 0.1503369 0.1922285
vt 0.1495797 0.1920547
vt 0.1630491 0.1333534
vt 0.1638064 0.1335274
vt 0.1637263 0.1337117
vt 0.1630408 0.1335542
vt 0.1781941 0.06268941
vt 0.1788649 0.06290109
vt 0.1787584 0.06307153
vt 0.1781835 0.06289009
vt 0.1954439 0.06759467
vt 0.1958839 0.06800683
vt 0.1957142 0.0681145
vt 0.1953476 0.06777103
vt -0.0583284 0.2339608
vt -0.05872658 0.2342672
vt -0.0588179 0.2340882
vt -0.05847802 0.2338267
vt -0.1294947 0.2218024
vt -0.1299046 0.2219284
vt -0.1299507 0.2217327
vt -0.1295665 0.2216147
vt -0.1497653 0.1920844
vt -0.150157 0.1921743
vt -0.150215 0.1919819
vt -0.149797 0.191886
vt -0.1631803 0.13356
vt -0.1635983 0.133656
vt -0.1636783 0.1334716
vt -0.1631887 0.1333592
vt -0.1782353 0.06289282
vt -0.1787144 0.06304403
vt -0.1788209 0.06287359
vt -0.178246 0.06269215
vt -0.1753518 0.1074152
vt -0.1746206 0.1076763
vt -0.1756296 0.1105015
vt -0.1763609 0.1102404
vt -0.1930099 0.1489709
vt -0.1922348 0.1490168
vt -0.1924123 0.1520116
vt -0.1931874 0.1519656
vt -0.1442 0.201927
vt -0.1434476 0.2017355
vt -0.1427078 0.2046429
vt -0.1434603 0.2048343
vt -0.05766797 0.2078701
vt -0.05697349 0.2075228
vt -0.05563184 0.2102061
vt -0.05632633 0.2105534
vt 0.0315793 0.1683957
vt 0.03224171 0.1679906
vt 0.03380694 0.1705499
vt 0.03314454 0.170955
vt 0.1121384 0.120761
vt 0.1128161 0.120382
vt 0.1142805 0.1230003
vt 0.1136028 0.1233793
vt 0.1746206 0.1076763
vt 0.1753519 0.1074152
vt 0.1763609 0.1102404
vt 0.1756297 0.1105016
vt 0.1922348 0.1490169
vt 0.1930099 0.1489709
vt 0.1931874 0.1519656
vt 0.1924123 0.1520116
vt 0.1434476 0.2017355
vt 0.1442001 0.201927
vt 0.1434603 0.2048343
vt 0.1427078 0.2046429
vt 0.0569735 0.2075228
vt 0.05766798 0.2078701
vt 0.05632634 0.2105534
vt 0.05563185 0.2102061
vt -0.03224172 0.1679906
vt -0.03157932 0.1683957
vt -0.03314455 0.170955
vt -0.03380696 0.1705499
vt -0.1128161 0.120382
vt -0.1121384 0.120761
vt -0.1136028 0.1233793
vt -0.1142805 0.1230003
vt -0.1899296 0.0427888
vt -0.1898547 0.04201598
vt -0.1894034 0.04138415
vt -0.1886966 0.04106263
vt -0.1879238 0.04113756
vt -0.187292 0.04158888
vt -0.1869704 0.04229563
vt -0.1870454 0.04306847
vt -0.1874967 0.0437003
vt -0.1882035 0.04402181
vt -0.1889763 0.04394687
vt -0.1896081 0.04349557
vt 0.1896081 0.04349556
vt 0.1889763 0.04394687
vt 0.1882035 0.04402181
vt 0.1874967 0.04370029
vt 0.1870454 0.04306846
vt 0.1869704 0.04229563
vt 0.187292 0.04158887
vt 0.1879238 0.04113756
vt 0.1886966 0.04106263
vt 0.1894034 0.04138414
vt 0.1898547 0.04201597
vt 0.1899296 0.04278881
vt 0.1928657 0.07034366
vt 0.1933057 0.07075581
vt 0.1932094 0.07093216
vt 0.192696 0.07045133
vt -0.06183475 0.2292396
vt -0.06239221 0.2296685
vt -0.06254184 0.2295344
vt -0.06192609 0.2290606
vt -0.1312007 0.2156598
vt -0.1319433 0.215888
vt -0.1320151 0.2157003
vt -0.1312467 0.2154641
vt -0.1507431 0.1869279
vt -0.1515265 0.1871078
vt -0.1515583 0.1869093
vt -0.1508011 0.1867355
vt -0.1636265 0.1308389
vt -0.1643837 0.1310128
vt -0.1643921 0.130812
vt -0.1637066 0.1306546
vt -0.1779692 0.06340026
vt -0.1786399 0.06361194
vt -0.1786506 0.06341127
vt -0.1780756 0.06322983
vt -0.1927238 0.07049521
vt -0.1931638 0.07090735
vt -0.1932602 0.070731
vt -0.1928935 0.07038753
vt 0.06205035 0.2291241
vt 0.06244854 0.2294304
vt 0.06229891 0.2295646
vt 0.06195902 0.2293031
vt 0.1314297 0.2155072
vt 0.1318396 0.2156332
vt 0.1317678 0.2158209
vt 0.1313836 0.2157028
vt 0.150981 0.1867897
vt 0.1513728 0.1868796
vt 0.151341 0.1870781
vt 0.150923 0.1869821
vt 0.1638347 0.1307102
vt 0.1642526 0.1308062
vt 0.1642443 0.131007
vt 0.1637546 0.1308945
vt 0.1781196 0.06325729
vt 0.1785988 0.06340849
vt 0.1785881 0.06360918
vt 0.1780132 0.06342773
vt 0.182978 -0.01773006
vt 0.1835709 -0.01783924
vt 0.1836555 -0.01765699
vt 0.1829638 -0.0175296
vt -0.1942416 0.03698005
vt -0.1949311 0.03684115
vt -0.1949282 0.0366402
vt -0.1941665 0.03679363
vt -0.1929427 0.1289249
vt -0.1937175 0.1288685
vt -0.1937164 0.1286676
vt -0.1929147 0.1287259
vt -0.1919684 0.1635642
vt -0.1927711 0.1635217
vt -0.1927471 0.1633222
vt -0.1919712 0.1633632
vt -0.1911256 0.1505661
vt -0.1919015 0.1505259
vt -0.1918546 0.1503305
vt -0.1911521 0.1503669
vt -0.1897965 0.09021846
vt -0.1904982 0.09016988
vt -0.1904347 0.08997924
vt -0.1898332 0.09002088
vt -0.1830156 -0.01752594
vt -0.1836085 -0.01763514
vt -0.1835238 -0.0178174
vt -0.1830297 -0.0177264
vt 0.1942961 0.03674155
vt 0.1947886 0.03664234
vt 0.1947915 0.03684327
vt 0.1943711 0.03692797
vt 0.1931008 0.1286998
vt 0.1935285 0.1286686
vt 0.1935296 0.1288696
vt 0.1931288 0.1288988
vt 0.1921591 0.1633659
vt 0.1925605 0.1633447
vt 0.1925845 0.1635442
vt 0.1921563 0.1635669
vt 0.1912905 0.1503853
vt 0.1917188 0.1503631
vt 0.1917658 0.1505585
vt 0.191264 0.1505845
vt 0.1898842 0.09003029
vt 0.1903854 0.08999559
vt 0.190449 0.09018625
vt 0.1898475 0.09022788
vt 0.1486054 -0.06043232
vt 0.1489158 -0.06094917
vt 0.1491085 -0.06089205
vt 0.1487463 -0.06028908
vt -0.1039533 -0.07693595
vt -0.1044606 -0.07742315
vt -0.1043503 -0.07759113
vt -0.1037899 -0.07705297
vt -0.1655266 0.06196411
vt -0.166242 0.06166098
vt -0.1661761 0.06147112
vt -0.165436 0.06178475
vt -0.1822498 0.145005
vt -0.1830139 0.1447554
vt -0.1829388 0.144569
vt -0.1822003 0.1448102
vt -0.1909256 0.1663396
vt -0.1916623 0.1660929
vt -0.1915647 0.1659173
vt -0.1908978 0.1661406
vt -0.1948342 0.110609
vt -0.1954691 0.1103063
vt -0.19534 0.1101523
vt -0.1947958 0.1104117
vt -0.1487833 -0.06032552
vt -0.1490937 -0.06084237
vt -0.148901 -0.06089947
vt -0.1486423 -0.06046877
vt 0.1038714 -0.0771663
vt 0.1042337 -0.0775143
vt 0.104344 -0.07734633
vt 0.1040347 -0.07704929
vt 0.1656037 0.06169997
vt 0.1659985 0.06153265
vt 0.1660644 0.06172252
vt 0.1656943 0.06187934
vt 0.1823824 0.144764
vt 0.1827645 0.1446392
vt 0.1828396 0.1448256
vt 0.1824319 0.1449588
vt 0.191036 0.1661213
vt 0.1914427 0.1659851
vt 0.1915403 0.1661608
vt 0.1910639 0.1663203
vt 0.1948467 0.1104018
vt 0.1953002 0.1101856
vt 0.1954293 0.1103396
vt 0.1948851 0.1105991
vt 0.1379893 -0.04449988
vt 0.1379654 -0.04510229
vt 0.1381579 -0.04516019
vt 0.1381857 -0.04445737
vt -0.01654009 -0.03823223
vt -0.01702979 -0.03873712
vt -0.01691359 -0.03890108
vt -0.01637267 -0.0383434
vt -0.09115238 0.0733887
vt -0.09181313 0.07298005
vt -0.09171911 0.07280243
vt -0.09103546 0.07322525
vt -0.1322303 0.1623022
vt -0.132937 0.1619191
vt -0.1328296 0.1617492
vt -0.1321466 0.1621195
vt -0.1651919 0.1911392
vt -0.1658509 0.1907279
vt -0.1657151 0.1905797
vt -0.1651184 0.1909522
vt -0.1937211 0.1246655
vt -0.1941963 0.1241469
vt -0.1940189 0.1240525
vt -0.1936116 0.124497
vt -0.1381966 -0.04450815
vt -0.1381728 -0.04511056
vt -0.1379803 -0.04505267
vt -0.1380002 -0.04455065
vt 0.01644992 -0.03845973
vt 0.01679972 -0.03882036
vt 0.01691592 -0.03865641
vt 0.01661734 -0.03834857
vt 0.09118833 0.07311597
vt 0.09155305 0.07289039
vt 0.09164708 0.07306801
vt 0.09130524 0.07327943
vt 0.1323174 0.1620412
vt 0.1326708 0.1618496
vt 0.1327782 0.1620195
vt 0.1324011 0.1622238
vt 0.1652484 0.1909012
vt 0.1656122 0.1906741
vt 0.165748 0.1908222
vt 0.1653219 0.1910882
vt 0.1936551 0.1244687
vt 0.1939945 0.1240983
vt 0.1941719 0.1241927
vt 0.1937646 0.1246372
vt 0.1470255 -0.009135571
vt 0.1467429 -0.009668155
vt 0.1468913 -0.009803722
vt 0.1472209 -0.009182377
vt 0.05420886 0.0297427
vt 0.05366076 0.0293019
vt 0.05375591 0.0291249
vt 0.05436134 0.0296118
vt -0.007329712 0.1270968
vt -0.007989378 0.1266864
vt -0.007894874 0.126509
vt -0.007212354 0.1269337
vt -0.05902396 0.2048361
vt -0.05970053 0.204402
vt -0.05958092 0.2042405
vt -0.05892701 0.2046601
vt -0.1193024 0.2232247
vt -0.1198793 0.2227043
vt -0.1197196 0.2225822
vt -0.1191973 0.2230533
vt -0.1897575 0.1295853
vt -0.189986 0.1289202
vt -0.1897857 0.1289044
vt -0.1895898 0.1294746
vt -0.1472088 -0.009232828
vt -0.1469262 -0.009765401
vt -0.1467779 -0.00962984
vt -0.1470133 -0.009186029
vt -0.05427038 0.02950587
vt -0.05387888 0.02919102
vt -0.05378373 0.02936802
vt -0.05411791 0.02963678
vt 0.007364908 0.126824
vt 0.007729032 0.1265975
vt 0.007823526 0.1267748
vt 0.007482275 0.1269871
vt 0.05909159 0.2045694
vt 0.05942987 0.2043523
vt 0.05954947 0.2045138
vt 0.05918853 0.2047454
vt 0.1193164 0.2229803
vt 0.1196349 0.2226931
vt 0.1197945 0.2228152
vt 0.1194214 0.2231517
vt 0.1896184 0.1294312
vt 0.1897817 0.1289561
vt 0.189982 0.1289718
vt 0.1897861 0.1295419
vt 0.1633002 0.02849604
vt 0.1628335 0.0281144
vt 0.1629178 0.02793197
vt 0.1634623 0.02837721
vt 0.1158339 0.09060889
vt 0.1152091 0.09028594
vt 0.1152671 0.09009355
vt 0.1159573 0.09045027
vt 0.0770219 0.1752638
vt 0.07631953 0.1749317
vt 0.07639305 0.1747447
vt 0.07711978 0.1750883
vt 0.03139884 0.2370943
vt 0.0307002 0.2366967
vt 0.03081107 0.2365291
vt 0.03148631 0.2369134
vt -0.05193978 0.2475406
vt -0.05247258 0.2469752
vt -0.05230356 0.2468665
vt -0.05182121 0.2473784
vt -0.1887145 0.1171985
vt -0.1886077 0.1165033
vt -0.188423 0.1165826
vt -0.1885146 0.1171785
vt -0.1634316 0.02833539
vt -0.1629648 0.02795375
vt -0.1628806 0.02813618
vt -0.1632695 0.02845421
vt -0.1158471 0.09036456
vt -0.1154008 0.09013388
vt -0.1153428 0.09032627
vt -0.1157238 0.09052318
vt -0.07695562 0.1749968
vt -0.07656793 0.1748135
vt -0.07649438 0.1750006
vt -0.07685775 0.1751724
vt -0.03131716 0.2368316
vt -0.03096784 0.2366328
vt -0.03085697 0.2368004
vt -0.03122968 0.2370125
vt 0.05193404 0.2472959
vt 0.05222813 0.2469838
vt 0.05239714 0.2470926
vt 0.05205261 0.2474582
vt 0.1885198 0.1171267
vt 0.1884435 0.1166302
vt 0.1886282 0.1165509
vt 0.1887198 0.1171468
vt 0.1792406 0.0615416
vt 0.1786657 0.06136016
vt 0.1786763 0.06115948
vt 0.1793471 0.06137117
vt 0.1646921 0.129506
vt 0.1640066 0.1293485
vt 0.164015 0.1291477
vt 0.1647722 0.1293217
vt 0.1516368 0.1865676
vt 0.1508795 0.1863937
vt 0.1509113 0.1861953
vt 0.1516947 0.1863752
vt 0.1317944 0.2164188
vt 0.131026 0.2161826
vt 0.1310977 0.2159949
vt 0.1318404 0.2162232
vt 0.06148354 0.2309096
vt 0.0608678 0.2304358
vt 0.06101742 0.2303017
vt 0.06157488 0.2307306
vt -0.1948157 0.06921717
vt -0.1943024 0.06873633
vt -0.194206 0.06891268
vt -0.194646 0.06932484
vt -0.1793031 0.06134368
vt -0.1787281 0.06116224
vt -0.1787175 0.06136292
vt -0.1791966 0.06151412
vt -0.1646441 0.1292661
vt -0.1641544 0.1291536
vt -0.1641461 0.1293544
vt -0.164564 0.1294504
vt -0.1515148 0.1863209
vt -0.1510969 0.186225
vt -0.1510651 0.1864234
vt -0.1514568 0.1865133
vt -0.1316574 0.2161801
vt -0.1312732 0.2160621
vt -0.1312015 0.2162498
vt -0.1316114 0.2163758
vt -0.06145066 0.2306671
vt -0.06111078 0.2304056
vt -0.06096115 0.2305398
vt -0.06135933 0.2308461
vt 0.1946182 0.069281
vt 0.1942516 0.06893753
vt 0.1943479 0.06876118
vt 0.1947879 0.06917332
vt 0.1902993 0.08802336
vt 0.1896978 0.08806501
vt 0.1896343 0.08787436
vt 0.190336 0.08782578
vt 0.1917852 0.1489922
vt 0.1910828 0.1490286
vt 0.1910358 0.1488332
vt 0.1918117 0.148793
vt 0.1927285 0.162972
vt 0.1919527 0.1630131
vt 0.1919287 0.1628135
vt 0.1927314 0.1627711
vt 0.193771 0.1294173
vt 0.1929693 0.1294757
vt 0.1929681 0.1292747
vt 0.193743 0.1292183
vt 0.1952709 0.038341
vt 0.1945092 0.03849444
vt 0.1945063 0.0382935
vt 0.1951958 0.03815459
vt -0.18323 -0.01996787
vt -0.1825382 -0.01984049
vt -0.1826229 -0.01965823
vt -0.1832158 -0.01976741
vt -0.1902849 0.08781633
vt -0.1896835 0.08785795
vt -0.1897471 0.08804861
vt -0.1902483 0.08801392
vt -0.1916733 0.1487746
vt -0.1911716 0.1488006
vt -0.1912185 0.148996
vt -0.1916468 0.1489738
vt -0.1925435 0.1627685
vt -0.1921152 0.1627911
vt -0.1921393 0.1629906
vt -0.1925406 0.1629694
vt -0.1935569 0.1292444
vt -0.1931561 0.1292736
vt -0.1931572 0.1294746
vt -0.1935849 0.1294434
vt -0.1950663 0.03820693
vt -0.1946459 0.03829163
vt -0.1946488 0.03849257
vt -0.1951413 0.03839335
vt 0.1831641 -0.01977092
vt 0.18267 -0.01967993
vt 0.1825854 -0.01986219
vt 0.1831783 -0.01997138
vt 0.1944963 0.1083826
vt 0.1939521 0.1086421
vt 0.193823 0.108488
vt 0.1944579 0.1081853
vt 0.1911393 0.1646466
vt 0.1904723 0.1648699
vt 0.1903747 0.1646942
vt 0.1911114 0.1644476
vt 0.1828299 0.1442357
vt 0.1820914 0.1444769
vt 0.1820164 0.1442905
vt 0.1827805 0.1440409
vt 0.1664694 0.06216323
vt 0.1657293 0.06247687
vt 0.1656635 0.062287
vt 0.1663788 0.06198387
vt 0.1055522 -0.07633965
vt 0.1049918 -0.07580151
vt 0.1048815 -0.07596948
vt 0.1053888 -0.07645668
vt -0.1470941 -0.06210186
vt -0.1467319 -0.06149889
vt -0.1469246 -0.06144177
vt -0.147235 -0.06195862
vt -0.1944069 0.1081953
vt -0.1938627 0.1084547
vt -0.1939918 0.1086087
vt -0.1944453 0.1083925
vt -0.1909731 0.1644669
vt -0.1904967 0.1646264
vt -0.1905943 0.1648021
vt -0.191001 0.1646659
vt -0.1825983 0.1440871
vt -0.1821907 0.1442203
vt -0.1822657 0.1444067
vt -0.1826478 0.1442819
vt -0.1662111 0.06206856
vt -0.165841 0.06222538
vt -0.1659068 0.06241526
vt -0.1663017 0.06224794
vt -0.1053075 -0.07634314
vt -0.1049982 -0.07604609
vt -0.1051085 -0.07587813
vt -0.1054709 -0.07622612
vt 0.1471981 -0.06192212
vt 0.1469394 -0.06149143
vt 0.1467468 -0.06154853
vt 0.1470572 -0.06206537
vt 0.1925734 0.122728
vt 0.1921661 0.1231725
vt 0.1919887 0.1230781
vt 0.1924638 0.1225595
vt 0.1650056 0.1894429
vt 0.1644089 0.1898154
vt 0.1642731 0.1896673
vt 0.1649322 0.1892559
vt 0.1326625 0.1614409
vt 0.1319795 0.1618111
vt 0.1318721 0.1616413
vt 0.1325788 0.1612582
vt 0.09211456 0.07344183
vt 0.0914309 0.07386465
vt 0.09133688 0.07368703
vt 0.09199764 0.07327838
vt 0.01815904 -0.03769306
vt 0.01761813 -0.03713538
vt 0.01750192 -0.03729934
vt 0.01799162 -0.03780422
vt -0.13581 -0.04506729
vt -0.1358378 -0.04436447
vt -0.1360302 -0.04442237
vt -0.1360064 -0.04502478
vt -0.1924203 0.1225878
vt -0.1920131 0.1230323
vt -0.1921905 0.1231267
vt -0.1925299 0.1227563
vt -0.1648022 0.1893069
vt -0.164376 0.1895729
vt -0.1645118 0.189721
vt -0.1648756 0.1894939
vt -0.132408 0.1613365
vt -0.1320309 0.1615409
vt -0.1321383 0.1617107
vt -0.1324917 0.1615192
vt -0.0918448 0.07338765
vt -0.09150296 0.07359906
vt -0.09159699 0.07377668
vt -0.09196173 0.0735511
vt -0.01791445 -0.03768791
vt -0.01761587 -0.03738007
vt -0.01773208 -0.03721612
vt -0.01808187 -0.03757675
vt 0.1359954 -0.04497408
vt 0.1360153 -0.04447206
vt 0.1358228 -0.04441417
vt 0.135799 -0.04501658
vt 0.1879316 0.1282673
vt 0.1877356 0.1288374
vt 0.1875353 0.1288217
vt 0.1877639 0.1281565
vt 0.1188222 0.2215871
vt 0.1182999 0.2220582
vt 0.1181403 0.2219361
vt 0.1187172 0.2214157
vt 0.05939149 0.2039453
vt 0.05873758 0.2043649
vt 0.05861799 0.2042033
vt 0.05929455 0.2037693
vt 0.008291995 0.1271473
vt 0.007609476 0.127572
vt 0.007514972 0.1273946
vt 0.008174637 0.1269842
vt -0.05266847 0.03047704
vt -0.05327391 0.03096394
vt -0.05336906 0.03078694
vt -0.05282096 0.03034614
vt -0.1448155 -0.008702519
vt -0.1451451 -0.008081176
vt -0.1452935 -0.008216743
vt -0.145011 -0.008749326
vt -0.1877353 0.1281999
vt -0.1875393 0.1287701
vt -0.1877397 0.1287858
vt -0.187903 0.1283107
vt -0.1185981 0.2214887
vt -0.118225 0.2218252
vt -0.1183847 0.2219473
vt -0.1187031 0.2216601
vt -0.05912993 0.20386
vt -0.05876898 0.2040915
vt -0.05888859 0.204253
vt -0.05922686 0.204036
vt -0.008022078 0.1270939
vt -0.007680827 0.1273063
vt -0.007775322 0.1274836
vt -0.008139445 0.1272571
vt 0.05291192 0.03045209
vt 0.0532461 0.03072085
vt 0.05315095 0.03089786
vt 0.05275945 0.030583
vt 0.1450231 -0.008698842
vt 0.1452586 -0.008255024
vt 0.1451102 -0.008119463
vt 0.1448277 -0.008652035
vt 0.1864852 0.1168804
vt 0.1865768 0.1174763
vt 0.1863921 0.1175555
vt 0.1862852 0.1168603
vt 0.05132826 0.2459475
vt 0.05084591 0.2464594
vt 0.0506769 0.2463506
vt 0.0512097 0.2457852
vt -0.03098459 0.2362243
vt -0.03165983 0.2366086
vt -0.0317707 0.236441
vt -0.03107205 0.2360434
vt -0.07607178 0.1754243
vt -0.07679852 0.1757679
vt -0.07687204 0.1755809
vt -0.07616967 0.1752488
vt -0.1144704 0.09163504
vt -0.1151606 0.09199177
vt -0.1152187 0.09179937
vt -0.1145938 0.09147643
vt -0.1614303 0.02975098
vt -0.1619748 0.03019622
vt -0.1620591 0.0300138
vt -0.1615924 0.02963216
vt -0.18628 0.116912
vt -0.1863716 0.1175079
vt -0.1865563 0.1174287
vt -0.18648 0.1169321
vt -0.05109697 0.2458676
vt -0.05075244 0.2462332
vt -0.05092145 0.2463419
vt -0.05121554 0.2460298
vt 0.03124125 0.2361252
vt 0.03161397 0.2363373
vt 0.0315031 0.2365049
vt 0.03115378 0.2363061
vt 0.07633378 0.1753404
vt 0.07669714 0.1755122
vt 0.0766236 0.1756992
vt 0.07623591 0.1755159
vt 0.1147041 0.09156209
vt 0.115085 0.091759
vt 0.115027 0.09195139
vt 0.1145807 0.09172072
vt 0.1616231 0.029674
vt 0.162012 0.02999202
vt 0.1619277 0.03017445
vt 0.161461 0.02979282
vt -0.02937274 0.1645401
vt -0.02981434 0.1642701
vt -0.02459691 0.155739
vt -0.02415531 0.1560091
vt 0.05953835 0.2038405
vt 0.05907536 0.203609
vt 0.06354746 0.1946647
vt 0.06401045 0.1948962
vt 0.1451699 0.1975914
vt 0.1446682 0.1974638
vt 0.147134 0.1877726
vt 0.1476356 0.1879002
vt 0.1926179 0.1445456
vt 0.1921012 0.1445763
vt 0.1915092 0.1345938
vt 0.1920259 0.1345632
vt 0.1737364 0.1032769
vt 0.1732489 0.103451
vt 0.1698855 0.09403363
vt 0.170373 0.09385953
vt 0.1105354 0.1165698
vt 0.1100837 0.1168225
vt 0.1052023 0.1080948
vt 0.1056541 0.1078421
vt 0.02981429 0.1642701
vt 0.02937269 0.1645402
vt 0.02415526 0.1560091
vt 0.02459686 0.1557391
vt -0.05907537 0.203609
vt -0.05953835 0.2038405
vt -0.06401046 0.1948962
vt -0.06354746 0.1946647
vt -0.1446682 0.1974638
vt -0.1451699 0.1975914
vt -0.1476356 0.1879002
vt -0.147134 0.1877726
vt -0.1921012 0.1445763
vt -0.1926179 0.1445456
vt -0.1920259 0.1345631
vt -0.1915092 0.1345938
vt -0.1732489 0.103451
vt -0.1737364 0.1032769
vt -0.170373 0.09385952
vt -0.1698855 0.09403363
vt -0.1100836 0.1168225
vt -0.1105354 0.1165698
vt -0.1056541 0.1078421
vt -0.1052023 0.1080948
vt 0.1892221 0.04317731
vt 0.1888008 0.04347818
vt 0.1882856 0.04352814
vt 0.1878144 0.04331379
vt 0.1875136 0.04289258
vt 0.1874636 0.04237736
vt 0.1876779 0.04190619
vt 0.1880992 0.04160531
vt 0.1886144 0.04155535
vt 0.1890856 0.0417697
vt 0.1893865 0.04219091
vt 0.1894364 0.04270614
vt -0.1894364 0.04270617
vt -0.1893864 0.04219094
vt -0.1890856 0.04176974
vt -0.1886144 0.04155538
vt -0.1880992 0.04160535
vt -0.1876779 0.04190622
vt -0.1874636 0.04237739
vt -0.1875136 0.04289262
vt -0.1878144 0.04331383
vt -0.1882856 0.04352818
vt -0.1888008 0.04347822
vt -0.1892221 0.04317734
vt -0.1906044 0.09823561
vt -0.1885394 0.09838644
vt -0.1886041 0.09927296
vt -0.1906692 0.09912212
vt -0.1577519 0.1516347
vt -0.1557354 0.1511646
vt -0.1555336 0.1520303
vt -0.1575501 0.1525004
vt -0.08099029 0.1625431
vt -0.07912134 0.1616519
vt -0.07873876 0.1624543
vt -0.08060772 0.1633454
vt 0.005414528 0.1268252
vt 0.007195671 0.1257694
vt 0.00764892 0.1265341
vt 0.005867776 0.1275899
vt 0.08793414 0.07930402
vt 0.08974851 0.07830638
vt 0.09017679 0.07908528
vt 0.08836243 0.08008292
vt 0.1573735 0.06227797
vt 0.1593219 0.06157729
vt 0.1596227 0.06241371
vt 0.1576744 0.06311442
vt 0.1885394 0.09838671
vt 0.1906044 0.09823587
vt 0.1906692 0.09912239
vt 0.1886041 0.09927322
vt 0.1557358 0.1511642
vt 0.1577523 0.1516343
vt 0.1575505 0.1525
vt 0.155534 0.1520299
vt 0.07912175 0.1616515
vt 0.08099072 0.1625426
vt 0.08060814 0.163345
vt 0.07873918 0.1624538
vt -0.007195336 0.125769
vt -0.005414193 0.1268248
vt -0.005867436 0.1275894
vt -0.007648584 0.1265336
vt -0.08974858 0.07830557
vt -0.08793421 0.07930321
vt -0.0883625 0.0800821
vt -0.09017686 0.07908446
vt -0.1593218 0.06157674
vt -0.1573733 0.06227744
vt -0.1576742 0.06311388
vt -0.1596226 0.06241317
vt -0.1041958 0.1122503
vt -0.1060209 0.1112726
vt -0.1041332 0.1081652
vt -0.1026548 0.1089571
vt 0.1261477 0.06932071
vt 0.1297713 0.06762689
vt 0.1299666 0.06851701
vt 0.1267053 0.07004144
vt -0.02589484 0.1567578
vt -0.02765891 0.1556738
vt -0.02559052 0.1526835
vt -0.02416162 0.1535616
vt 0.06321181 0.1871572
vt 0.06137925 0.1861934
vt 0.06324323 0.1830716
vt 0.06472762 0.1838523
vt 0.1509215 0.1631133
vt 0.1489218 0.1625763
vt 0.1500532 0.1591209
vt 0.151673 0.1595559
vt 0.1906174 0.08256204
vt 0.1885543 0.08273737
vt 0.1884429 0.07910322
vt 0.190114 0.07896118
vt 0.1503334 0.02689192
vt 0.1484158 0.02767297
vt 0.1472285 0.02423644
vt 0.1487817 0.02360379
vt 0.07208208 0.04167402
vt 0.07029866 0.04272596
vt 0.06862359 0.03949893
vt 0.07006817 0.03864686
vt -0.01209785 0.09284602
vt -0.01387625 0.09390642
vt -0.01556659 0.09068736
vt -0.01412609 0.08982844
vt -0.09356202 0.1351112
vt -0.09544791 0.1359659
vt -0.09676741 0.1325779
vt -0.09523983 0.1318856
vt -0.1605001 0.1388873
vt -0.1625249 0.1393202
vt -0.1630915 0.1357287
vt -0.1614514 0.1353781
vt -0.1885792 0.1099944
vt -0.1906452 0.1098571
vt -0.1902082 0.1062476
vt -0.1885347 0.1063588
vt -0.1645461 0.09160588
vt -0.1665098 0.0909494
vt -0.1651722 0.08756851
vt -0.1635816 0.08810025
vt -0.1903076 0.03827892
vt -0.1909622 0.03673482
vt -0.1907571 0.03507026
vt -0.1897472 0.03373127
vt -0.1882031 0.03307664
vt -0.1865385 0.03328175
vt -0.1851995 0.03429167
vt -0.1845449 0.03583578
vt -0.18475 0.03750033
vt -0.1857599 0.03883931
vt -0.187304 0.03949396
vt -0.1889686 0.03928884
vt 0.1892537 0.03999385
vt 0.1871987 0.04024708
vt 0.1840456 0.0377858
vt 0.1837923 0.0357308
vt 0.1862536 0.03257769
vt 0.1883086 0.03232446
vt 0.1914617 0.03478574
vt 0.1917149 0.03684074
vt -0.1564836 0.1545603
vt -0.1544695 0.1540802
vt -0.1542722 0.1549477
vt -0.1560849 0.1553798
vt 0.09144343 0.08654962
vt 0.09326126 0.0855583
vt 0.09367903 0.08634371
vt 0.09204299 0.08723589
vt 0.1566073 0.1495973
vt 0.1586259 0.1500584
vt 0.1584188 0.1509235
vt 0.1566021 0.1505086
vt -0.0868687 0.07215881
vt -0.08505853 0.073164
vt -0.08549846 0.07393722
vt -0.08712763 0.07303254
vt -0.1580308 0.05602203
vt -0.1560868 0.05673487
vt -0.1565787 0.05750195
vt -0.1583283 0.0568604
vt 0.1893906 0.03984572
vt 0.1916057 0.0370079
vt 0.1908784 0.03872359
vt -0.07760185 0.1680675
vt -0.07573807 0.1671655
vt -0.07552862 0.1680524
vt -0.07720604 0.1688642
vt 0.120176 0.1619393
vt 0.1239346 0.1633079
vt 0.1234425 0.1640749
vt 0.1200597 0.1628431
vt 0.1870299 0.04013721
vt 0.1853142 0.03940984
vt 0.184192 0.03792208
vt 0.1590772 0.0689608
vt 0.1610294 0.06827094
vt 0.1611393 0.06917559
vt 0.1593822 0.06979646
vt -0.1272197 0.06070041
vt -0.1236057 0.06241483
vt -0.1241675 0.06313238
vt -0.12742 0.0615894
vt 0.1839016 0.03556405
vt 0.184629 0.03384838
vt 0.1861168 0.03272626
vt 0.08177751 0.1573457
vt 0.08365098 0.1582274
vt 0.08309321 0.158948
vt 0.08140711 0.1581545
vt -0.1217156 0.16734
vt -0.1179655 0.1659485
vt -0.1178437 0.1668516
vt -0.1212188 0.168104
vt 0.1884768 0.03243164
vt 0.1901925 0.03315902
vt 0.1913147 0.03464676
vt 0.08172117 0.1052024
vt 0.0813714 0.1058169
vt 0.08075686 0.1054671
vt 0.08110664 0.1048526
vt -0.08110664 0.1048526
vt -0.08075686 0.1054671
vt -0.0813714 0.1058169
vt -0.08172117 0.1052024
vt 0.08679239 0.08989328
vt 0.08664034 0.0901623
vt 0.08620506 0.08991627
vt 0.08635711 0.08964726
vt 0.1500178 0.01330419
vt 0.1498095 0.01353248
vt 0.1494402 0.01319548
vt 0.1496485 0.0129672
vt 0.1838073 0.1190275
vt 0.1834983 0.1190288
vt 0.1834962 0.1185288
vt 0.1838053 0.1185275
vt 0.05064389 0.2323049
vt 0.05043492 0.2320773
vt 0.05080325 0.2317392
vt 0.05101223 0.2319668
vt -0.03082492 0.1887274
vt -0.03097714 0.1884585
vt -0.03054201 0.1882122
vt -0.0303898 0.1884811
vt -0.08664037 0.09016228
vt -0.0867924 0.08989325
vt -0.08635712 0.08964724
vt -0.08620507 0.08991626
vt -0.1498096 0.01353247
vt -0.1500178 0.01330419
vt -0.1496485 0.01296719
vt -0.1494402 0.01319548
vt -0.1834983 0.1190289
vt -0.1838073 0.1190276
vt -0.1838052 0.1185276
vt -0.1834962 0.1185289
vt -0.05043493 0.2320773
vt -0.0506439 0.232305
vt -0.05101224 0.2319668
vt -0.05080327 0.2317392
vt 0.03097714 0.1884585
vt 0.03082492 0.1887274
vt 0.03038979 0.1884811
vt 0.030542 0.1882122
vt -0.1837769 0.09635143
vt -0.1835265 0.09617036
vt -0.1832175 0.09617104
vt -0.1829679 0.09635325
vt -0.1828731 0.09664734
vt -0.1829692 0.09694103
vt -0.1832196 0.0971221
vt -0.1835286 0.09712142
vt -0.1837782 0.09693921
vt -0.1838731 0.09664511
vt 0.1838731 0.09664511
vt 0.1837783 0.09693921
vt 0.1835286 0.09712142
vt 0.1832196 0.0971221
vt 0.1829692 0.09694103
vt 0.1828731 0.09664735
vt 0.1829679 0.09635325
vt 0.1832175 0.09617104
vt 0.1835265 0.09617036
vt 0.1837769 0.09635143
vt -0.003823557 0.1236341
vt -0.005159425 0.1228422
vt -0.004656277 0.1219934
vt -0.003320402 0.1227852
vt 0.08228813 0.159221
vt 0.08088639 0.1585526
vt 0.08131109 0.1576619
vt 0.08271281 0.1583303
vt 0.1583075 0.1481122
vt 0.1567951 0.1477596
vt 0.1570191 0.1467986
vt 0.1585315 0.1471512
vt 0.1900872 0.09470885
vt 0.1885384 0.09482197
vt 0.1884666 0.09383781
vt 0.1900153 0.09372468
vt 0.1578755 0.05831977
vt 0.1564142 0.05884528
vt 0.1560803 0.05791672
vt 0.1575416 0.0573912
vt 0.08780859 0.07531606
vt 0.08644782 0.07606429
vt 0.08597237 0.0751996
vt 0.08733315 0.07445137
vt 0.005160139 0.1228427
vt 0.003824264 0.1236345
vt 0.003321117 0.1227857
vt 0.004656984 0.1219938
vt -0.08088618 0.158553
vt -0.08228789 0.1592214
vt -0.08271261 0.1583307
vt -0.08131087 0.1576623
vt -0.1567952 0.1477599
vt -0.1583075 0.1481125
vt -0.1585316 0.1471514
vt -0.1570192 0.1467989
vt -0.1885384 0.09482221
vt -0.1900872 0.09470908
vt -0.1900153 0.09372493
vt -0.1884666 0.09383806
vt -0.1564138 0.05884502
vt -0.1578751 0.0583195
vt -0.1575411 0.05739093
vt -0.1560799 0.05791646
vt -0.08644797 0.07606341
vt -0.08780874 0.07531517
vt -0.08733328 0.07445049
vt -0.08597252 0.07519871
vt 0.1901184 0.03813139
vt 0.1888786 0.0390665
vt 0.1873374 0.03925643
vt 0.1859076 0.03865027
vt 0.1849725 0.03741048
vt 0.1847826 0.03586921
vt 0.1853887 0.03443948
vt 0.1866286 0.03350437
vt 0.1881698 0.03331445
vt 0.1895995 0.0339206
vt 0.1905346 0.03516041
vt 0.1907246 0.03670166
vt -0.1907246 0.03670168
vt -0.1905347 0.03516041
vt -0.1895995 0.03392061
vt -0.1881698 0.03331445
vt -0.1866286 0.03350439
vt -0.1853888 0.03443948
vt -0.1847826 0.03586922
vt -0.1849725 0.03741048
vt -0.1859076 0.03865028
vt -0.1873374 0.03925643
vt -0.1888786 0.03906651
vt -0.1901184 0.0381314
vt 0.1857869 0.005108192
vt 0.1862277 0.00605226
vt 0.185705 0.006146849
vt 0.1736287 -0.02461589
vt 0.17458 -0.02419103
vt 0.1742469 -0.02377729
vt 0.1670094 -0.02493145
vt 0.1680367 -0.02510515
vt 0.1679889 -0.02457619
vt 0.1694516 -0.007816553
vt 0.1702754 -0.008454451
vt 0.1704828 -0.007965498
vt 0.1765762 0.01558326
vt 0.1770496 0.01465517
vt 0.1774456 0.01500916
vt 0.1838921 0.03918082
vt 0.1839496 0.03814052
vt 0.1844549 0.03830402
vt 0.1885058 0.06021965
vt 0.1881454 0.05924206
vt 0.1886741 0.05919145
vt 0.189385 0.07750802
vt 0.1886642 0.07675567
vt 0.1891287 0.07649813
vt 0.1873996 0.08966456
vt 0.1864327 0.08927646
vt 0.1867496 0.08885026
vt 0.1850986 0.0935808
vt 0.1840599 0.09366193
vt 0.1841549 0.09313937
vt 0.1857468 0.08334682
vt 0.1848917 0.08394198
vt 0.1847094 0.08344311
vt 0.1892114 0.0517021
vt 0.1888884 0.05269264
vt 0.1884421 0.05240471
vt -0.0158636 -0.1810239
vt -0.01589454 -0.1815542
vt -0.0148945 -0.1818465
vt -0.01483633 -0.18085
vt 0.02798614 -0.1410719
vt 0.02783888 -0.1415822
vt 0.0287497 -0.1420881
vt 0.02902646 -0.141129
vt 0.07133318 -0.08617995
vt 0.07107045 -0.08664154
vt 0.0718374 -0.08734676
vt 0.07233115 -0.08647925
vt 0.1131741 -0.02734152
vt 0.1128041 -0.0277225
vt 0.1133697 -0.0285975
vt 0.1140652 -0.02788146
vt 0.1501772 0.02470521
vt 0.1497178 0.02443864
vt 0.1500254 0.0234432
vt 0.1508888 0.02394416
vt 0.177262 0.06422823
vt 0.1767451 0.06410591
vt 0.1767517 0.06306405
vt 0.1777231 0.06329393
vt 0.1893038 0.09327082
vt 0.188774 0.09330868
vt 0.1884687 0.09231254
vt 0.1894644 0.09224138
vt 0.1841446 0.1190572
vt 0.1836497 0.1192501
vt 0.1830633 0.1183889
vt 0.1839933 0.1180263
vt 0.1639513 0.1468956
vt 0.1635307 0.14722
vt 0.1627258 0.1465584
vt 0.1635163 0.1459489
vt 0.1333257 0.1750312
vt 0.1330043 0.1754541
vt 0.1320546 0.1750258
vt 0.1326584 0.174231
vt 0.09656449 0.1956214
vt 0.09635525 0.1961096
vt 0.09532999 0.1959243
vt 0.09572321 0.1950068
vt 0.05635928 0.1995672
vt 0.05626711 0.2000903
vt 0.05522659 0.2001441
vt 0.05539984 0.199161
vt -0.1869188 0.01417568
vt -0.187901 0.01399792
vt -0.1878886 0.01295611
vt -0.1865653 0.0131956
vt -0.09876949 -0.08086321
vt -0.09956633 -0.08146442
vt -0.0990859 -0.08238894
vt -0.09801234 -0.08157893
vt -0.007714073 -0.05105259
vt -0.00846615 -0.05170891
vt -0.007921254 -0.05259696
vt -0.006907966 -0.05171269
vt 0.06589265 0.01028148
vt 0.06508271 0.009698029
vt 0.06554256 0.008763114
vt 0.06663378 0.009549175
vt 0.1271233 0.06455621
vt 0.1262217 0.06412776
vt 0.1265062 0.06312545
vt 0.1277209 0.0637027
vt 0.1715655 0.09613226
vt 0.1705882 0.09592939
vt 0.1706272 0.09488823
vt 0.171944 0.09516156
vt 0.1897397 0.1096969
vt 0.1887436 0.1097602
vt 0.1885055 0.1087459
vt 0.1898476 0.1086606
vt 0.1769716 0.1241398
vt 0.1760248 0.124456
vt 0.175535 0.1235364
vt 0.1768106 0.1231105
vt 0.1380897 0.1530285
vt 0.137232 0.1535391
vt 0.1365575 0.152745
vt 0.1377131 0.152057
vt 0.0798729 0.1913212
vt 0.07909762 0.19195
vt 0.07831587 0.1912612
vt 0.07936039 0.1904141
vt 0.001058512 0.217376
vt 0.0003040382 0.2180295
vt -0.0004996529 0.2173665
vt 0.0005168477 0.2164859
vt -0.1119165 0.1850713
vt -0.1127944 0.1855465
vt -0.1134359 0.1847255
vt -0.1122532 0.1840853
vt -0.1884265 0.06469632
vt -0.189765 0.0645654
vt -0.1897557 0.06352355
vt -0.1882337 0.06367242
vt -0.1387865 -0.002864132
vt -0.1400092 -0.003424119
vt -0.139661 -0.004406071
vt -0.1382705 -0.003769286
vt -0.05467876 0.01297604
vt -0.05581414 0.01225521
vt -0.05533575 0.01132964
vt -0.05404466 0.01214933
vt 0.02894546 0.06693723
vt 0.02779867 0.06623472
vt 0.02826213 0.06530158
vt 0.02956622 0.06610046
vt 0.1057053 0.1129971
vt 0.1044783 0.1124466
vt 0.104819 0.111462
vt 0.1062143 0.112088
vt 0.1657366 0.1252742
vt 0.1644196 0.1250015
vt 0.1645398 0.1239666
vt 0.1660373 0.1242767
vt 0.1899966 0.1099279
vt 0.1886545 0.1100139
vt 0.188496 0.1089841
vt 0.1900222 0.1088863
vt 0.1687306 0.1020707
vt 0.1674522 0.102488
vt 0.1670424 0.1015301
vt 0.1684962 0.1010555
vt 0.1136318 0.1254337
vt 0.1124478 0.1260715
vt 0.1118744 0.1252016
vt 0.1132208 0.1244763
vt 0.03913672 0.168268
vt 0.03800649 0.1689968
vt 0.03736654 0.1681746
vt 0.03865179 0.1673458
vt -0.04985666 0.1960899
vt -0.05102072 0.1967634
vt -0.05162027 0.1959113
vt -0.05029655 0.1951454
vt -0.1443451 0.1650319
vt -0.145631 0.1654258
vt -0.1460232 0.1644605
vt -0.1445609 0.1640126
vt -0.1885522 0.09484835
vt -0.1900775 0.09473694
vt -0.1900016 0.09369782
vt -0.1884763 0.09380923
vt -0.156434 0.05886612
vt -0.1578731 0.05834859
vt -0.1575205 0.05736817
vt -0.1560814 0.05788571
vt -0.08647137 0.07608198
vt -0.08781146 0.07534511
vt -0.08730946 0.07443215
vt -0.08596935 0.075169
vt -0.00384826 0.1236525
vt -0.00516383 0.1228727
vt -0.004632569 0.1219764
vt -0.003316999 0.1227562
vt 0.08226485 0.1592418
vt 0.08088441 0.1585836
vt 0.08133283 0.1576431
vt 0.08271326 0.1583014
vt 0.1582897 0.1481369
vt 0.1568003 0.1477897
vt 0.1570368 0.146775
vt 0.1585262 0.1471222
vt 0.1900775 0.09473691
vt 0.1885522 0.09484832
vt 0.1884763 0.0938092
vt 0.1900016 0.09369779
vt 0.1578731 0.05834854
vt 0.156434 0.05886608
vt 0.1560814 0.05788567
vt 0.1575205 0.05736813
vt 0.08781143 0.07534505
vt 0.08647133 0.0760819
vt 0.08596932 0.07516893
vt 0.08730941 0.07443207
vt 0.005163814 0.1228726
vt 0.003848243 0.1236524
vt 0.003316982 0.1227562
vt 0.004632553 0.1219763
vt -0.08088444 0.1585836
vt -0.08226489 0.1592418
vt -0.08271331 0.1583013
vt -0.08133287 0.1576431
vt -0.1568003 0.1477897
vt -0.1582897 0.1481369
vt -0.1585263 0.1471222
vt -0.1570369 0.146775
vt -0.1885542 0.1098924
vt -0.1900804 0.1097946
vt -0.189922 0.1087648
vt -0.1885799 0.1088508
vt -0.1673249 0.1023953
vt -0.1687787 0.1019206
vt -0.1683689 0.1009627
vt -0.1670905 0.1013801
vt -0.112306 0.1260028
vt -0.1136524 0.1252775
vt -0.113079 0.1244076
vt -0.111895 0.1250454
vt -0.03785975 0.1689395
vt -0.039145 0.1681106
vt -0.03850505 0.1672884
vt -0.03737482 0.1680173
vt 0.05116453 0.196699
vt 0.04984079 0.1959331
vt 0.05044035 0.1950811
vt 0.05160441 0.1957546
vt 0.1457566 0.1653307
vt 0.1442943 0.1648828
vt 0.1446865 0.1639175
vt 0.1459723 0.1643114
vt 0.1898443 0.06442928
vt 0.1883223 0.06457815
vt 0.188313 0.0635363
vt 0.1896515 0.06340538
vt 0.1400399 -0.003578645
vt 0.1386494 -0.002941859
vt 0.1383011 -0.003923811
vt 0.1395239 -0.004483798
vt 0.05582354 0.01209795
vt 0.05453245 0.01291765
vt 0.05405406 0.01199207
vt 0.05518944 0.01127124
vt -0.02778673 0.06607763
vt -0.02909081 0.0668765
vt -0.02955428 0.06594337
vt -0.02840749 0.06524085
vt -0.1044464 0.1122923
vt -0.1058417 0.1129184
vt -0.1061824 0.1119338
vt -0.1049554 0.1113832
vt -0.1643552 0.1248577
vt -0.1658528 0.1251679
vt -0.1659729 0.1241329
vt -0.164656 0.1238602
vt -0.188558 0.1095739
vt -0.1899002 0.1094887
vt -0.1896621 0.1084743
vt -0.1886659 0.1085376
vt -0.1757978 0.1243234
vt -0.1770734 0.1238975
vt -0.1765836 0.1229779
vt -0.1756368 0.123294
vt -0.1369819 0.1534579
vt -0.1381375 0.15277
vt -0.1374631 0.1519758
vt -0.1366054 0.1524865
vt -0.07883853 0.1919056
vt -0.07988305 0.1910585
vt -0.0791013 0.1903698
vt -0.07832602 0.1909985
vt -4.365187E-05 0.2179936
vt -0.001060152 0.2171131
vt -0.0002564611 0.2164501
vt 0.0004980126 0.2171036
vt 0.1130408 0.1854552
vt 0.1118581 0.184815
vt 0.1124996 0.183994
vt 0.1133775 0.1844692
vt 0.1880364 0.01377247
vt 0.186713 0.01401196
vt 0.1867006 0.01297015
vt 0.1876829 0.01279239
vt 0.09958562 -0.0817266
vt 0.09851205 -0.08091658
vt 0.09803163 -0.0818411
vt 0.09882846 -0.08244231
vt 0.008466812 -0.05197179
vt 0.007453524 -0.05108752
vt 0.006908628 -0.05197557
vt 0.007660706 -0.05263188
vt -0.0650576 0.009436317
vt -0.06614881 0.01022238
vt -0.06660866 0.009287464
vt -0.06579871 0.008704016
vt -0.12615 0.06387484
vt -0.1273647 0.0644521
vt -0.1276491 0.06344979
vt -0.1267476 0.06302133
vt -0.1704586 0.09570065
vt -0.1717754 0.09597398
vt -0.1718145 0.09493282
vt -0.1708371 0.09472995
vt -0.1885286 0.09314989
vt -0.1895242 0.09307872
vt -0.1892189 0.09208257
vt -0.1886891 0.09212043
vt -0.1833683 0.1191711
vt -0.1842982 0.1188084
vt -0.1837118 0.1179473
vt -0.183217 0.1181402
vt -0.1632383 0.1472233
vt -0.1640289 0.1466138
vt -0.1632239 0.1459523
vt -0.1628033 0.1462766
vt -0.132723 0.1755337
vt -0.1333269 0.1747389
vt -0.1323771 0.1743105
vt -0.1320558 0.1747334
vt -0.09610157 0.196255
vt -0.0964948 0.1953375
vt -0.09546953 0.1951521
vt -0.09526029 0.1956403
vt -0.05605329 0.2002898
vt -0.05622652 0.1993068
vt -0.05518601 0.1993606
vt -0.05509384 0.1998836
vt 0.01573272 -0.1817975
vt 0.01567456 -0.180801
vt 0.01467451 -0.1810934
vt 0.01470545 -0.1816236
vt -0.02794312 -0.1418553
vt -0.02821988 -0.1408963
vt -0.0291307 -0.1414022
vt -0.02898345 -0.1419125
vt -0.07110777 -0.08693149
vt -0.07160152 -0.08606397
vt -0.07236847 -0.08676919
vt -0.07210574 -0.08723079
vt -0.1127675 -0.02801257
vt -0.113463 -0.02729653
vt -0.1140287 -0.02817153
vt -0.1136586 -0.02855251
vt -0.1496041 0.02416936
vt -0.1504675 0.02467033
vt -0.1507751 0.02367488
vt -0.1503157 0.02340831
vt -0.1765584 0.06388102
vt -0.1775298 0.0641109
vt -0.1775364 0.06306903
vt -0.1770195 0.06294672
vt -0.1882348 0.06017519
vt -0.1887635 0.06012458
vt -0.1884031 0.05914699
vt -0.1891188 0.07757542
vt -0.1895833 0.07731788
vt -0.1888625 0.07656553
vt -0.1871849 0.08983602
vt -0.1875018 0.08940981
vt -0.1865349 0.0890217
vt -0.1849823 0.09382951
vt -0.1850773 0.09330694
vt -0.1840386 0.09338807
vt -0.1857723 0.08362003
vt -0.18559 0.08312115
vt -0.1847349 0.08371632
vt -0.1893966 0.0519051
vt -0.1889503 0.05161716
vt -0.1886273 0.0526077
vt -0.1860607 0.005129931
vt -0.1855381 0.005224519
vt -0.1859789 0.006168588
vt -0.1738498 -0.02477873
vt -0.1735167 -0.02436498
vt -0.1744681 -0.02394013
vt -0.1671032 -0.02518947
vt -0.1670553 -0.02466051
vt -0.1680826 -0.0248342
vt -0.1694123 -0.008088445
vt -0.1696198 -0.007599492
vt -0.1704435 -0.00823739
vt -0.1764248 0.01535406
vt -0.1768208 0.01570805
vt -0.1772942 0.01477996
vt -0.1836609 0.03903229
vt -0.1841663 0.03919578
vt -0.1842237 0.03815549
vt -0.1738434 0.1023535
vt -0.1725816 0.1028041
vt -0.1728718 0.1036165
vt -0.1741335 0.1031659
vt -0.1929788 0.1436895
vt -0.1916414 0.1437688
vt -0.1916924 0.14463
vt -0.1930298 0.1445507
vt -0.1457738 0.1968843
vt -0.1444754 0.196554
vt -0.1442627 0.19739
vt -0.1455611 0.1977204
vt -0.06027917 0.2032769
vt -0.05908087 0.2026778
vt -0.05869505 0.2034494
vt -0.05989335 0.2040486
vt 0.02858624 0.164041
vt 0.02972918 0.163342
vt 0.03017931 0.164078
vt 0.02903636 0.164777
vt 0.1093173 0.1162933
vt 0.1104866 0.1156394
vt 0.1109078 0.1163923
vt 0.1097385 0.1170463
vt 0.1725814 0.1028029
vt 0.1738431 0.1023523
vt 0.1741333 0.1031647
vt 0.1728716 0.1036153
vt 0.1916414 0.1437682
vt 0.1929788 0.1436889
vt 0.1930298 0.1445501
vt 0.1916924 0.1446294
vt 0.1444751 0.1965544
vt 0.1457735 0.1968848
vt 0.1455608 0.1977209
vt 0.1442624 0.1973905
vt 0.05908019 0.2026788
vt 0.0602785 0.2032779
vt 0.05989267 0.2040496
vt 0.05869437 0.2034504
vt -0.02973009 0.1633434
vt -0.02858715 0.1640424
vt -0.02903727 0.1647784
vt -0.03018021 0.1640794
vt -0.1104873 0.1156407
vt -0.109318 0.1162947
vt -0.1097391 0.1170477
vt -0.1109084 0.1163937
vt -0.1910036 0.04296943
vt -0.1908743 0.04163594
vt -0.1900956 0.04054574
vt -0.1888761 0.03999095
vt -0.1875426 0.04012024
vt -0.1864524 0.04089895
vt -0.1858977 0.04211842
vt -0.1860269 0.04345192
vt -0.1868056 0.04454211
vt -0.1880251 0.0450969
vt -0.1893586 0.04496762
vt -0.1904488 0.04418891
vt 0.1904488 0.04418888
vt 0.1893586 0.04496759
vt 0.1880251 0.04509687
vt 0.1868057 0.04454208
vt 0.1860269 0.04345189
vt 0.1858977 0.04211839
vt 0.1864524 0.04089892
vt 0.1875426 0.04012021
vt 0.1888761 0.03999092
vt 0.1900956 0.04054571
vt 0.1908743 0.04163591
vt 0.1910036 0.0429694
vt 0.05943327 0.2026028
vt 0.06012777 0.20295
vt 0.05968054 0.2038444
vt 0.05898606 0.2034972
vt -0.02937159 0.163297
vt -0.02870921 0.1637021
vt -0.02923094 0.1645552
vt -0.02989334 0.1641501
vt -0.1101313 0.1155808
vt -0.1094537 0.1159599
vt -0.1099418 0.1168326
vt -0.1106195 0.1164536
vt -0.1735021 0.1022354
vt -0.1727709 0.1024965
vt -0.1731072 0.1034383
vt -0.1738384 0.1031771
vt -0.1926843 0.1434807
vt -0.1919092 0.1435266
vt -0.1919684 0.1445249
vt -0.1927435 0.1444789
vt -0.1455562 0.1965966
vt -0.1448037 0.1964052
vt -0.1445571 0.1973743
vt -0.1453096 0.1975657
vt -0.06012794 0.2029497
vt -0.05943345 0.2026025
vt -0.05898625 0.2034969
vt -0.05968073 0.2038442
vt 0.02870961 0.1637027
vt 0.02937199 0.1632976
vt 0.02989374 0.1641507
vt 0.02923134 0.1645558
vt 0.1094535 0.1159595
vt 0.1101312 0.1155805
vt 0.1106193 0.1164532
vt 0.1099416 0.1168323
vt 0.1727708 0.1024962
vt 0.1735021 0.102235
vt 0.1738384 0.1031768
vt 0.1731072 0.1034379
vt 0.1919092 0.1435269
vt 0.1926843 0.1434809
vt 0.1927435 0.1444792
vt 0.1919684 0.1445251
vt 0.1448036 0.1964053
vt 0.1455561 0.1965968
vt 0.1453095 0.1975659
vt 0.144557 0.1973744
vt -0.1886972 0.04106441
vt -0.1879244 0.04113933
vt -0.1872926 0.04159064
vt -0.1869711 0.04229741
vt -0.187046 0.04307022
vt -0.1874973 0.04370207
vt -0.1882041 0.0440236
vt -0.1889769 0.04394867
vt -0.1896087 0.04349736
vt -0.1899302 0.0427906
vt -0.1898553 0.04201778
vt -0.189404 0.04138594
vt 0.189404 0.0413859
vt 0.1898553 0.04201773
vt 0.1899302 0.04279057
vt 0.1896087 0.04349732
vt 0.1889769 0.04394862
vt 0.188204 0.04402355
vt 0.1874973 0.04370202
vt 0.187046 0.04307019
vt 0.186971 0.04229736
vt 0.1872926 0.04159059
vt 0.1879244 0.04113929
vt 0.1886972 0.04106437
vt -0.1055231 0.1073428
vt -0.1048454 0.1077218
vt -0.1053336 0.1085946
vt -0.1060112 0.1082155
vt -0.1703266 0.09334482
vt -0.1695954 0.09360598
vt -0.1699318 0.09454773
vt -0.170663 0.09428658
vt -0.1921255 0.1340565
vt -0.1913504 0.1341025
vt -0.1914096 0.1351007
vt -0.1921847 0.1350548
vt -0.1478844 0.1874475
vt -0.1471319 0.187256
vt -0.1468853 0.1882252
vt -0.1476378 0.1884166
vt -0.06434958 0.194507
vt -0.06365509 0.1941598
vt -0.06320788 0.1950542
vt -0.06390236 0.1954015
vt 0.023784 0.1556498
vt 0.0244464 0.1552447
vt 0.02496815 0.1560978
vt 0.02430575 0.1565029
vt 0.1048452 0.1077214
vt 0.1055229 0.1073424
vt 0.1060111 0.1082151
vt 0.1053334 0.1085942
vt 0.1695956 0.09360664
vt 0.1703268 0.09334548
vt 0.1706631 0.09428722
vt 0.1699319 0.09454838
vt 0.1913504 0.1341023
vt 0.1921255 0.1340564
vt 0.1921847 0.1350546
vt 0.1914096 0.1351006
vt 0.1471318 0.1872562
vt 0.1478843 0.1874476
vt 0.1476377 0.1884167
vt 0.1468852 0.1882253
vt 0.06365543 0.1941593
vt 0.06434991 0.1945065
vt 0.06390271 0.195401
vt 0.06320821 0.1950537
vt -0.02444666 0.1552451
vt -0.02378424 0.1556502
vt -0.02430599 0.1565033
vt -0.0249684 0.1560982
vt -0.1898547 0.04201554
vt -0.1894034 0.04138372
vt -0.1886966 0.0410622
vt -0.1879237 0.04113714
vt -0.1872919 0.04158845
vt -0.1869704 0.04229522
vt -0.1870454 0.04306806
vt -0.1874966 0.04369988
vt -0.1882034 0.04402139
vt -0.1889763 0.04394645
vt -0.1896081 0.04349515
vt -0.1899296 0.04278838
vt 0.1899296 0.04278832
vt 0.1896081 0.04349508
vt 0.1889763 0.04394639
vt 0.1882034 0.04402133
vt 0.1874967 0.04369982
vt 0.1870454 0.04306799
vt 0.1869704 0.04229515
vt 0.1872919 0.0415884
vt 0.1879238 0.04113708
vt 0.1886966 0.04106215
vt 0.1894034 0.04138366
vt 0.1898547 0.04201549
vt 0.1837879 -0.01285266
vt 0.1845515 -0.01299328
vt 0.1846605 -0.01275854
vt 0.1837696 -0.01259449
vt -0.1916269 0.02451317
vt -0.1925149 0.02433426
vt -0.1925111 0.02407547
vt -0.1915302 0.02427308
vt -0.191602 0.1120429
vt -0.1926 0.1119703
vt -0.1925986 0.1117115
vt -0.191566 0.1117866
vt -0.1909669 0.1468176
vt -0.1920008 0.1467629
vt -0.1919698 0.146506
vt -0.1909706 0.1465588
vt -0.1903776 0.1382938
vt -0.1913769 0.138242
vt -0.1913164 0.1379904
vt -0.1904118 0.1380372
vt -0.1893969 0.08591173
vt -0.1903006 0.08584917
vt -0.1902188 0.08560364
vt -0.1894442 0.08565725
vt -0.1838363 -0.01258982
vt -0.1845999 -0.01273044
vt -0.1844909 -0.01296518
vt -0.1838545 -0.01284799
vt 0.191697 0.02420581
vt 0.1923313 0.02407803
vt 0.1923351 0.02433681
vt 0.1917937 0.0244459
vt 0.1918057 0.1117529
vt 0.1923565 0.1117128
vt 0.192358 0.1119716
vt 0.1918417 0.1120092
vt 0.1912126 0.1465622
vt 0.1917295 0.1465349
vt 0.1917605 0.1467919
vt 0.1912089 0.1468211
vt 0.19059 0.138061
vt 0.1911416 0.1380324
vt 0.1912021 0.138284
vt 0.1905559 0.1383175
vt 0.1895099 0.08566944
vt 0.1901554 0.08562476
vt 0.1902373 0.0858703
vt 0.1894626 0.08592391
vt 0.1527989 -0.05781286
vt 0.1531986 -0.0584785
vt 0.1534468 -0.05840494
vt 0.1529804 -0.05762837
vt -0.09505774 -0.08605219
vt -0.0957111 -0.08667966
vt -0.09556902 -0.08689599
vt -0.09484734 -0.0862029
vt -0.1588162 0.04641532
vt -0.1597375 0.04602491
vt -0.1596527 0.04578038
vt -0.1586995 0.04618431
vt -0.1769308 0.1290942
vt -0.1779149 0.1287727
vt -0.1778183 0.1285326
vt -0.1768671 0.1288433
vt -0.186916 0.1547168
vt -0.1878648 0.1543991
vt -0.1877391 0.1541729
vt -0.1868801 0.1544605
vt -0.1928821 0.1067495
vt -0.1936998 0.1063596
vt -0.1935335 0.1061613
vt -0.1928326 0.1064954
vt -0.153028 -0.05767536
vt -0.1534277 -0.05834101
vt -0.1531796 -0.05841456
vt -0.1528464 -0.05785986
vt 0.09495212 -0.086349
vt 0.09541881 -0.08679717
vt 0.0955609 -0.08658085
vt 0.09516253 -0.08619828
vt 0.1589155 0.04607516
vt 0.1594241 0.04585967
vt 0.1595089 0.04610421
vt 0.1590323 0.04630617
vt 0.1771017 0.1287838
vt 0.1775938 0.128623
vt 0.1776904 0.1288631
vt 0.1771654 0.1290346
vt 0.1870582 0.1544356
vt 0.1875819 0.1542602
vt 0.1877076 0.1544865
vt 0.187094 0.1546919
vt 0.1928982 0.1064826
vt 0.1934823 0.1062041
vt 0.1936485 0.1064025
vt 0.1929477 0.1067366
vt 0.1429328 -0.04460896
vt 0.1429021 -0.04538482
vt 0.1431499 -0.04545938
vt 0.1431858 -0.04455422
vt -0.00732686 -0.04702748
vt -0.00795756 -0.04767773
vt -0.007807902 -0.04788888
vt -0.00711124 -0.04717065
vt -0.08214986 0.05904504
vt -0.08300086 0.05851874
vt -0.08287977 0.05828999
vt -0.08199928 0.05883453
vt -0.1241342 0.1476086
vt -0.1250444 0.1471153
vt -0.1249061 0.1468965
vt -0.1240264 0.1473733
vt -0.158587 0.180769
vt -0.1594358 0.1802392
vt -0.1592609 0.1800484
vt -0.1584924 0.1805281
vt -0.1904649 0.1218189
vt -0.1910769 0.121151
vt -0.1908484 0.1210294
vt -0.1903239 0.1216018
vt -0.1431998 -0.0446196
vt -0.1431691 -0.04539545
vt -0.1429213 -0.04532089
vt -0.1429469 -0.04467434
vt 0.007210738 -0.04732037
vt 0.007661237 -0.04778484
vt 0.007810896 -0.04757368
vt 0.007426362 -0.04717722
vt 0.08219609 0.05869368
vt 0.08266582 0.05840318
vt 0.08278692 0.05863193
vt 0.08234666 0.05890421
vt 0.1242465 0.1472725
vt 0.1247016 0.1470259
vt 0.1248399 0.1472446
vt 0.1243543 0.1475078
vt 0.1586598 0.1804624
vt 0.1591284 0.18017
vt 0.1593033 0.1803607
vt 0.1587544 0.1807034
vt 0.1903799 0.1215654
vt 0.190817 0.1210883
vt 0.1910455 0.1212099
vt 0.190521 0.1217824
vt 0.1514337 -0.01137619
vt 0.1510698 -0.01206211
vt 0.1512608 -0.01223671
vt 0.1516854 -0.01143648
vt 0.06227013 0.01988078
vt 0.06156424 0.01931306
vt 0.06168678 0.0190851
vt 0.0624665 0.01971218
vt 0.001711519 0.1127774
vt 0.0008619415 0.1122488
vt 0.0009836413 0.1120203
vt 0.001862672 0.1125673
vt -0.04986745 0.1907789
vt -0.05073882 0.1902198
vt -0.05058477 0.1900119
vt -0.04974261 0.1905522
vt -0.1109849 0.2141701
vt -0.1117279 0.2135
vt -0.1115223 0.2133427
vt -0.1108496 0.2139495
vt -0.1856356 0.1282756
vt -0.18593 0.1274189
vt -0.185672 0.1273987
vt -0.1854196 0.128133
vt -0.1516697 -0.01150152
vt -0.1513058 -0.01218742
vt -0.1511148 -0.01201282
vt -0.151418 -0.01144123
vt -0.06234935 0.01957571
vt -0.06184513 0.0191702
vt -0.06172258 0.01939816
vt -0.06215298 0.0197443
vt -0.001666209 0.112426
vt -0.001197247 0.1121342
vt -0.001075547 0.1123626
vt -0.001515056 0.1126361
vt 0.04995458 0.1904354
vt 0.05039025 0.1901559
vt 0.05054428 0.1903639
vt 0.05007942 0.1906621
vt 0.1110029 0.2138555
vt 0.1114131 0.2134856
vt 0.1116187 0.2136428
vt 0.1111382 0.2140762
vt 0.1854565 0.1280771
vt 0.1856668 0.1274652
vt 0.1859248 0.1274855
vt 0.1856724 0.1282198
vt 0.1664971 0.02472322
vt 0.165896 0.02423171
vt 0.1660045 0.02399675
vt 0.1667058 0.02457019
vt 0.1217722 0.07934023
vt 0.1209674 0.0789243
vt 0.1210422 0.07867651
vt 0.1219311 0.07913594
vt 0.08436118 0.1600017
vt 0.08345658 0.1595741
vt 0.08355129 0.1593332
vt 0.08448724 0.1597757
vt 0.03979696 0.2225712
vt 0.03889719 0.2220591
vt 0.03903997 0.2218432
vt 0.03990962 0.2223382
vt -0.04291493 0.2391907
vt -0.04360112 0.2384625
vt -0.04338345 0.2383225
vt -0.04276222 0.2389818
vt -0.1844564 0.1179551
vt -0.1843188 0.1170597
vt -0.184081 0.1171618
vt -0.1841989 0.1179292
vt -0.1666663 0.02451631
vt -0.1660652 0.0240248
vt -0.1659566 0.02425976
vt -0.1664575 0.02466934
vt -0.1217892 0.07902551
vt -0.1212144 0.07872842
vt -0.1211396 0.0789762
vt -0.1216303 0.07922979
vt -0.08427583 0.1596579
vt -0.08377651 0.1594218
vt -0.08368181 0.1596627
vt -0.08414979 0.1598839
vt -0.03969175 0.2222328
vt -0.03924187 0.2219768
vt -0.03909907 0.2221926
vt -0.03957911 0.2224658
vt 0.04290747 0.2388757
vt 0.04328624 0.2384737
vt 0.0435039 0.2386137
vt 0.04306017 0.2390846
vt 0.1842057 0.1178626
vt 0.1841074 0.1172231
vt 0.1843452 0.117121
vt 0.1844632 0.1178885
vt 0.1808113 0.05685245
vt 0.1800708 0.05661878
vt 0.1800846 0.05636032
vt 0.1809484 0.05663294
vt 0.1676419 0.1171146
vt 0.166759 0.1169118
vt 0.1667698 0.1166532
vt 0.167745 0.1168772
vt 0.1555353 0.1700872
vt 0.15456 0.1698633
vt 0.1546009 0.1696077
vt 0.1556099 0.1698394
vt 0.1368331 0.2004167
vt 0.1358435 0.2001126
vt 0.1359359 0.1998708
vt 0.1368923 0.2001648
vt 0.06907001 0.2212336
vt 0.06827699 0.2206234
vt 0.06846969 0.2204506
vt 0.06918764 0.2210031
vt -0.1919339 0.07244145
vt -0.1912728 0.07182219
vt -0.1911487 0.07204932
vt -0.1917154 0.07258012
vt -0.1808917 0.05659758
vt -0.1801513 0.0563639
vt -0.1801375 0.05662235
vt -0.1807546 0.05681709
vt -0.1675801 0.1168056
vt -0.1669495 0.1166607
vt -0.1669387 0.1169193
vt -0.167477 0.117043
vt -0.1553782 0.1697695
vt -0.1548399 0.1696459
vt -0.154799 0.1699015
vt -0.1553035 0.1700173
vt -0.1366568 0.2001093
vt -0.136162 0.1999573
vt -0.1360696 0.200199
vt -0.1365975 0.2003613
vt -0.06902755 0.2209213
vt -0.06858981 0.2205845
vt -0.0683971 0.2207573
vt -0.06890993 0.2211519
vt 0.1916796 0.07252361
vt 0.1912073 0.07208128
vt 0.1913314 0.07185414
vt 0.1918981 0.07238495
vt 0.1900444 0.08308465
vt 0.1892698 0.08313827
vt 0.1891879 0.08289273
vt 0.1900917 0.08283018
vt 0.1912271 0.1362668
vt 0.1903224 0.1363137
vt 0.190262 0.1360621
vt 0.1912612 0.1360103
vt 0.191946 0.146055
vt 0.1909468 0.1461078
vt 0.1909158 0.1458508
vt 0.1919496 0.1457962
vt 0.1926688 0.112677
vt 0.1916363 0.1127522
vt 0.1916348 0.1124933
vt 0.1926328 0.1124207
vt 0.1929525 0.02626603
vt 0.1919716 0.02646364
vt 0.1919677 0.02620485
vt 0.1928558 0.02602595
vt -0.1841124 -0.01573467
vt -0.1832215 -0.01557062
vt -0.1833306 -0.01533588
vt -0.1840942 -0.0154765
vt -0.1900259 0.08281802
vt -0.1892513 0.08287164
vt -0.1893332 0.08311717
vt -0.1899787 0.08307249
vt -0.191083 0.1359865
vt -0.1904368 0.13602
vt -0.1904972 0.1362717
vt -0.1910488 0.1362431
vt -0.1917076 0.1457927
vt -0.1911561 0.1458219
vt -0.1911871 0.1460789
vt -0.191704 0.1460515
vt -0.1923931 0.1124544
vt -0.1918768 0.1124919
vt -0.1918783 0.1127508
vt -0.1924291 0.1127107
vt -0.192689 0.02609313
vt -0.1921476 0.02620221
vt -0.1921514 0.026461
vt -0.1927857 0.02633322
vt 0.1840275 -0.01548124
vt 0.1833912 -0.01536405
vt 0.1832822 -0.01559878
vt 0.1840458 -0.01573941
vt 0.1924469 0.103882
vt 0.191746 0.1042162
vt 0.1915797 0.1040178
vt 0.1923974 0.103628
vt 0.1871911 0.1525363
vt 0.1863321 0.152824
vt 0.1862064 0.1525977
vt 0.1871552 0.15228
vt 0.177678 0.1281033
vt 0.1767269 0.128414
vt 0.1766302 0.1281739
vt 0.1776143 0.1278524
vt 0.1600305 0.04667185
vt 0.1590772 0.04707578
vt 0.1589924 0.04683124
vt 0.1599137 0.04644084
vt 0.09711684 -0.08528426
vt 0.09639515 -0.08459117
vt 0.09625308 -0.0848075
vt 0.09690643 -0.08543497
vt -0.1508525 -0.05996305
vt -0.1503861 -0.05918648
vt -0.1506342 -0.05911293
vt -0.151034 -0.05977856
vt -0.1923318 0.1036408
vt -0.1916309 0.1039749
vt -0.1917972 0.1041733
vt -0.1923812 0.1038948
vt -0.1869771 0.1523049
vt -0.1863636 0.1525104
vt -0.1864893 0.1527366
vt -0.187013 0.1525613
vt -0.1773797 0.127912
vt -0.1768547 0.1280835
vt -0.1769514 0.1283236
vt -0.1774434 0.1281629
vt -0.1596977 0.04654991
vt -0.1592211 0.04675186
vt -0.1593059 0.04699641
vt -0.1598144 0.04678091
vt -0.09680186 -0.08528866
vt -0.09640349 -0.08490609
vt -0.09654558 -0.08468977
vt -0.09701227 -0.08513795
vt 0.1509864 -0.05973158
vt 0.1506533 -0.05917688
vt 0.1504051 -0.05925043
vt 0.1508049 -0.05991608
vt 0.1889867 0.1193235
vt 0.1884622 0.119896
vt 0.1882337 0.1197744
vt 0.1888457 0.1191065
vt 0.158347 0.1785844
vt 0.1575786 0.1790641
vt 0.1574037 0.1788733
vt 0.1582525 0.1783434
vt 0.1246909 0.1464995
vt 0.1238112 0.1469763
vt 0.1236729 0.1467575
vt 0.1245831 0.1462642
vt 0.08338898 0.05911335
vt 0.08250849 0.05965789
vt 0.0823874 0.05942915
vt 0.08323841 0.05890284
vt 0.009412006 -0.04633296
vt 0.008715345 -0.04561472
vt 0.008565687 -0.04582588
vt 0.009196387 -0.04647612
vt -0.140126 -0.04533976
vt -0.1401618 -0.0444346
vt -0.1404097 -0.04450916
vt -0.140379 -0.04528502
vt -0.1887897 0.119143
vt -0.1882651 0.1197154
vt -0.1884936 0.119837
vt -0.1889307 0.11936
vt -0.1580851 0.1784092
vt -0.1575362 0.1787518
vt -0.1577111 0.1789425
vt -0.1581796 0.1786501
vt -0.124363 0.146365
vt -0.1238775 0.1466282
vt -0.1240158 0.146847
vt -0.1244709 0.1466003
vt -0.08304155 0.05904359
vt -0.08260129 0.05931587
vt -0.08272239 0.05954462
vt -0.08319212 0.05925412
vt -0.009096915 -0.04632629
vt -0.008712382 -0.04592984
vt -0.008862039 -0.04571868
vt -0.009312539 -0.04618314
vt 0.1403649 -0.04521963
vt 0.1403905 -0.04457309
vt 0.1401427 -0.04449853
vt 0.140112 -0.04527438
vt 0.183284 0.1265781
vt 0.1830317 0.1273124
vt 0.1827736 0.1272921
vt 0.183068 0.1264354
vt 0.1103664 0.2120612
vt 0.1096937 0.2126679
vt 0.1094881 0.2125107
vt 0.1102311 0.2118405
vt 0.05034082 0.1896317
vt 0.04949865 0.190172
vt 0.04934461 0.1899641
vt 0.05021597 0.189405
vt -0.0004721762 0.1128424
vt -0.001351207 0.1133893
vt -0.001472907 0.1131609
vt -0.0006233288 0.1126323
vt -0.06028626 0.0208265
vt -0.06106599 0.02145358
vt -0.06118854 0.02122561
vt -0.06048263 0.0206579
vt -0.1485875 -0.01081849
vt -0.149012 -0.01001826
vt -0.1492031 -0.01019286
vt -0.1488392 -0.01087877
vt -0.1830312 0.1264913
vt -0.1827788 0.1272256
vt -0.1830369 0.1272458
vt -0.1832471 0.1266339
vt -0.1100778 0.2119345
vt -0.1095973 0.2123678
vt -0.1098029 0.212525
vt -0.1102131 0.2121551
vt -0.05000402 0.1895218
vt -0.04953916 0.18982
vt -0.0496932 0.190028
vt -0.05012887 0.1897485
vt 0.0008198092 0.1127736
vt 0.001259318 0.113047
vt 0.001137618 0.1132755
vt 0.0006686565 0.1129837
vt 0.06059975 0.02079434
vt 0.06103015 0.02114048
vt 0.06090759 0.02136844
vt 0.06040338 0.02096293
vt 0.1488548 -0.01081375
vt 0.149158 -0.01024216
vt 0.148967 -0.01006757
vt 0.1486031 -0.01075347
vt 0.1815853 0.1175453
vt 0.1817032 0.1183127
vt 0.1814654 0.1184148
vt 0.1813277 0.1175194
vt 0.04212748 0.2371389
vt 0.04150625 0.2377981
vt 0.04128858 0.2376581
vt 0.04197477 0.2369299
vt -0.0392634 0.2214507
vt -0.04013304 0.2219456
vt -0.04027583 0.2217297
vt -0.03937605 0.2212177
vt -0.08313749 0.1602085
vt -0.08407344 0.160651
vt -0.08416814 0.1604101
vt -0.08326353 0.1599824
vt -0.1200161 0.08066174
vt -0.120905 0.08112118
vt -0.1209797 0.08087339
vt -0.120175 0.08045746
vt -0.1640889 0.02633948
vt -0.1647901 0.02691291
vt -0.1648987 0.02667795
vt -0.1642976 0.02618644
vt -0.181321 0.117586
vt -0.181439 0.1183535
vt -0.1816768 0.1182514
vt -0.1815785 0.1176119
vt -0.04182948 0.237036
vt -0.04138575 0.2375069
vt -0.04160341 0.2376469
vt -0.04198219 0.2372449
vt 0.03959396 0.221323
vt 0.04007399 0.2215962
vt 0.0399312 0.2218121
vt 0.03948131 0.221556
vt 0.08347493 0.1601003
vt 0.08394291 0.1603215
vt 0.0838482 0.1605624
vt 0.08334889 0.1603263
vt 0.1203169 0.08056788
vt 0.1208076 0.08082147
vt 0.1207328 0.08106925
vt 0.120158 0.08077217
vt 0.1643371 0.02624032
vt 0.164838 0.02664991
vt 0.1647295 0.02688486
vt 0.1641284 0.02639335
vt 0.1894225 0.07389213
vt 0.1899892 0.07442293
vt 0.1898651 0.07465006
vt 0.189204 0.07403079
vt -0.06952213 0.2190828
vt -0.07024008 0.2196352
vt -0.07043279 0.2194624
vt -0.06963976 0.2188523
vt -0.1360686 0.1994391
vt -0.1370251 0.199733
vt -0.1371175 0.1994913
vt -0.1361279 0.1991872
vt -0.1543843 0.1705513
vt -0.1553933 0.1707829
vt -0.1554342 0.1705273
vt -0.154459 0.1703034
vt -0.1662696 0.1188313
vt -0.1672448 0.1190553
vt -0.1672556 0.1187967
vt -0.1663727 0.1185939
vt -0.1791738 0.05924625
vt -0.1800377 0.05951887
vt -0.1800514 0.05926042
vt -0.1793109 0.05902674
vt -0.1892398 0.07408733
vt -0.1898065 0.07461813
vt -0.1899306 0.074391
vt -0.1894583 0.07394866
vt 0.06980001 0.2189339
vt 0.07031284 0.2193285
vt 0.07012013 0.2195013
vt 0.0696824 0.2191645
vt 0.1363635 0.1992426
vt 0.1368915 0.1994049
vt 0.136799 0.1996466
vt 0.1363042 0.1994945
vt 0.1546907 0.1703733
vt 0.1551952 0.1704891
vt 0.1551543 0.1707447
vt 0.154616 0.1706211
vt 0.1665377 0.1186655
vt 0.167076 0.1187892
vt 0.1670652 0.1190478
vt 0.1664346 0.1189029
vt 0.1793676 0.05906214
vt 0.1799847 0.05925687
vt 0.179971 0.05951532
vt 0.1792305 0.05928164
vt -0.1865744 0.1167814
vt -0.1866923 0.1175489
vt -0.1869498 0.1175748
vt -0.1868122 0.1166794
vt -0.0483249 0.2429793
vt -0.04770367 0.2436386
vt -0.04785638 0.2438475
vt -0.04854257 0.2431193
vt 0.03451965 0.2297858
vt 0.03538929 0.2302807
vt 0.03527664 0.2305138
vt 0.03437686 0.2300017
vt 0.07964513 0.1675947
vt 0.08058107 0.1680372
vt 0.08045502 0.1682632
vt 0.07955042 0.1678356
vt 0.117925 0.08470765
vt 0.1188138 0.08516707
vt 0.1186549 0.08537138
vt 0.1178502 0.08495543
vt 0.164408 0.02595084
vt 0.1651093 0.02652429
vt 0.1649006 0.02667733
vt 0.1642995 0.0261858
vt 0.1868385 0.1167409
vt 0.1869565 0.1175084
vt 0.1866989 0.1174825
vt 0.1866007 0.1168429
vt 0.04844541 0.2432705
vt 0.04800168 0.2437414
vt 0.04784896 0.2435324
vt 0.04822774 0.2431305
vt -0.03457867 0.2301353
vt -0.03505871 0.2304085
vt -0.03517136 0.2301755
vt -0.03472148 0.2299194
vt -0.07977565 0.1679242
vt -0.08024361 0.1681454
vt -0.08036967 0.1679194
vt -0.07987034 0.1676833
vt -0.1180224 0.08500736
vt -0.118513 0.08526096
vt -0.1186719 0.08505666
vt -0.1180971 0.08475957
vt -0.1643601 0.02621382
vt -0.164861 0.02662341
vt -0.1650698 0.02647037
vt -0.1644687 0.02597886
vt -0.1880579 0.128221
vt -0.1878055 0.1289553
vt -0.1880215 0.1290979
vt -0.1883159 0.1282412
vt -0.1160695 0.2183851
vt -0.1153968 0.2189918
vt -0.1155321 0.2192124
vt -0.1162751 0.2185423
vt -0.05551977 0.1977032
vt -0.05467759 0.1982435
vt -0.05480245 0.1984702
vt -0.0556738 0.1979111
vt -0.003844298 0.1197787
vt -0.00296528 0.1203256
vt -0.00311642 0.1205358
vt -0.003966011 0.1200072
vt 0.05743197 0.02437478
vt 0.05821171 0.02500187
vt 0.05801533 0.02517046
vt 0.05730943 0.02460275
vt 0.1490328 -0.01105365
vt 0.1494574 -0.01025342
vt 0.1492057 -0.01019313
vt 0.1488418 -0.01087905
vt 0.1883107 0.1283079
vt 0.1880583 0.1290422
vt 0.1878424 0.1288996
vt 0.1880527 0.1282877
vt 0.1161658 0.2186851
vt 0.1156854 0.2191185
vt 0.1155501 0.2188978
vt 0.1159602 0.2185279
vt 0.0554793 0.1980552
vt 0.05501444 0.1983535
vt 0.05488957 0.1981268
vt 0.05532526 0.1978472
vt 0.003752389 0.1201209
vt 0.003312867 0.1203944
vt 0.003161734 0.1201843
vt 0.003630686 0.1198925
vt -0.0574678 0.0246879
vt -0.05789819 0.02503405
vt -0.05809457 0.02486545
vt -0.05759035 0.02445994
vt -0.1488869 -0.01082971
vt -0.1491901 -0.0102581
vt -0.1494418 -0.01031839
vt -0.149078 -0.01100431
vt -0.1927087 0.1227359
vt -0.1921841 0.1233084
vt -0.1923252 0.1235254
vt -0.1929372 0.1228575
vt -0.162856 0.1858087
vt -0.1620875 0.1862884
vt -0.162182 0.1865294
vt -0.1630308 0.1859995
vt -0.1292612 0.1549306
vt -0.1283815 0.1554074
vt -0.1284893 0.1556427
vt -0.1293995 0.1551494
vt -0.08768703 0.06606133
vt -0.08680653 0.06660588
vt -0.08695711 0.0668164
vt -0.08780812 0.0662901
vt -0.01268158 -0.04316323
vt -0.01198493 -0.04244498
vt -0.01220056 -0.04230184
vt -0.01283126 -0.04295208
vt 0.1406301 -0.04535894
vt 0.1406659 -0.04445378
vt 0.1404129 -0.04450853
vt 0.1403822 -0.04528438
vt 0.1929058 0.1229165
vt 0.1923812 0.123489
vt 0.1922401 0.123272
vt 0.1926773 0.1227949
vt 0.1628983 0.186121
vt 0.1623494 0.1864636
vt 0.1622549 0.1862227
vt 0.1627234 0.1859303
vt 0.1291949 0.1552787
vt 0.1287094 0.1555419
vt 0.1286015 0.1553066
vt 0.1290566 0.1550599
vt 0.08759418 0.0664033
vt 0.08715393 0.06667557
vt 0.08700337 0.06646506
vt 0.08747311 0.06617455
vt 0.01268459 -0.04284809
vt 0.01230005 -0.04245163
vt 0.01208442 -0.04259478
vt 0.01253492 -0.04305924
vt -0.1404015 -0.04522033
vt -0.1404271 -0.04457379
vt -0.1406801 -0.04451904
vt -0.1406494 -0.0452949
vt -0.1946195 0.1084405
vt -0.1939187 0.1087746
vt -0.1939681 0.1090287
vt -0.1947858 0.1086388
vt -0.1898949 0.1606119
vt -0.1890359 0.1608995
vt -0.1890718 0.1611559
vt -0.1900206 0.1608382
vt -0.1806561 0.13722
vt -0.1797049 0.1375307
vt -0.1797686 0.1377815
vt -0.1807527 0.1374601
vt -0.163219 0.05419493
vt -0.1622658 0.05459886
vt -0.1623825 0.05482986
vt -0.1633038 0.05443947
vt -0.1002733 -0.08199959
vt -0.09955157 -0.0813065
vt -0.09976199 -0.08115579
vt -0.1004153 -0.08178326
vt 0.1512857 -0.05970234
vt 0.1508193 -0.05892577
vt 0.1506378 -0.05911027
vt 0.1510375 -0.0597759
vt 0.1947346 0.1086818
vt 0.1940337 0.109016
vt 0.1939843 0.1087619
vt 0.1945683 0.1084835
vt 0.1898634 0.1609255
vt 0.1892499 0.161131
vt 0.189214 0.1608746
vt 0.1897377 0.1606993
vt 0.1805283 0.1375504
vt 0.1800032 0.1377219
vt 0.1799395 0.1374711
vt 0.1804316 0.1373104
vt 0.1630752 0.05451878
vt 0.1625986 0.05472074
vt 0.1624818 0.05448973
vt 0.1629904 0.05427425
vt 0.100265 -0.08168459
vt 0.09986664 -0.08130202
vt 0.09965624 -0.08145273
vt 0.1001229 -0.08190092
vt -0.1510186 -0.05971169
vt -0.1506855 -0.05915701
vt -0.150867 -0.05897251
vt -0.1512668 -0.05963814
vt -0.1903934 0.08812223
vt -0.1896188 0.08817583
vt -0.1895715 0.08843031
vt -0.1904752 0.08836775
vt -0.1916679 0.1447716
vt -0.1907633 0.1448185
vt -0.1907292 0.145075
vt -0.1917284 0.1450232
vt -0.1924524 0.1556328
vt -0.1914532 0.1556856
vt -0.1914495 0.1559444
vt -0.1924834 0.1558897
vt -0.1932618 0.1208277
vt -0.1922292 0.1209028
vt -0.1922652 0.1211591
vt -0.1932632 0.1210865
vt -0.1938524 0.03073693
vt -0.1928715 0.03093451
vt -0.1929682 0.0311746
vt -0.1938562 0.03099573
vt 0.1842051 -0.01523572
vt 0.1833142 -0.01507167
vt 0.1833325 -0.01532984
vt 0.1840961 -0.01547045
vt 0.1904118 0.08838891
vt 0.1896372 0.08844253
vt 0.1896845 0.08818806
vt 0.19033 0.08814338
vt 0.1915536 0.1450652
vt 0.1909074 0.1450987
vt 0.1909415 0.1448422
vt 0.1914931 0.1448136
vt 0.1922431 0.1559187
vt 0.1916915 0.1559478
vt 0.1916952 0.155689
vt 0.1922121 0.1556617
vt 0.1930212 0.1210879
vt 0.1925049 0.1211255
vt 0.1924689 0.1208692
vt 0.1930197 0.1208291
vt 0.1936764 0.03099831
vt 0.1931349 0.03110737
vt 0.1930383 0.03086729
vt 0.1936726 0.03073952
vt -0.1840355 -0.01544222
vt -0.1833992 -0.01532505
vt -0.1833809 -0.01506688
vt -0.1841445 -0.01520748
vt -0.1792925 0.0616677
vt -0.1785521 0.06143402
vt -0.1784149 0.06165354
vt -0.1792788 0.06192616
vt -0.1657359 0.1254143
vt -0.1648531 0.1252115
vt -0.16475 0.1254489
vt -0.1657251 0.1256729
vt -0.153389 0.1794348
vt -0.1524138 0.1792109
vt -0.1523391 0.1794587
vt -0.1533481 0.1796904
vt -0.1344321 0.208228
vt -0.1334425 0.2079239
vt -0.1333832 0.2081758
vt -0.1343397 0.2084697
vt -0.06629054 0.2248451
vt -0.06549753 0.2242349
vt -0.0653799 0.2244655
vt -0.06609784 0.2250179
vt 0.1915897 0.07281295
vt 0.1909285 0.07219367
vt 0.1911471 0.072055
vt 0.1917138 0.07258582
vt 0.1792121 0.06192264
vt 0.1784716 0.06168895
vt 0.1786087 0.06146945
vt 0.1792258 0.06166418
vt 0.1655455 0.1256654
vt 0.1649148 0.1255205
vt 0.165018 0.1252832
vt 0.1655563 0.1254068
vt 0.1531092 0.1796521
vt 0.1525709 0.1795285
vt 0.1526455 0.1792807
vt 0.15315 0.1793966
vt 0.1341136 0.2083833
vt 0.1336188 0.2082313
vt 0.1336781 0.2079793
vt 0.1342061 0.2081416
vt 0.06597786 0.224884
vt 0.06554012 0.2245472
vt 0.06565774 0.2243166
vt 0.06617055 0.2247112
vt -0.1916551 0.07255372
vt -0.1911829 0.07211138
vt -0.1909643 0.07225005
vt -0.191531 0.07278085
vt -0.1633021 0.02863201
vt -0.162701 0.02814048
vt -0.1624923 0.02829352
vt -0.1631936 0.02886697
vt -0.1178625 0.08690463
vt -0.1170578 0.08648868
vt -0.1168988 0.08669297
vt -0.1177877 0.08715241
vt -0.0802619 0.1686717
vt -0.0793573 0.168244
vt -0.07923125 0.16847
vt -0.0801672 0.1689125
vt -0.03575545 0.2296723
vt -0.03485567 0.2291603
vt -0.03474303 0.2293933
vt -0.03561267 0.2298882
vt 0.04623003 0.2423149
vt 0.04691622 0.2415867
vt 0.04706893 0.2417957
vt 0.04644769 0.242455
vt 0.1839587 0.1180344
vt 0.1838211 0.117139
vt 0.1840786 0.1171649
vt 0.1841966 0.1179324
vt 0.1631329 0.02883896
vt 0.1625318 0.02834744
vt 0.1627405 0.02819441
vt 0.1632414 0.028604
vt 0.1176156 0.08710042
vt 0.1170408 0.08680333
vt 0.1171997 0.08659904
vt 0.1176904 0.08685263
vt 0.07994202 0.1688239
vt 0.07944269 0.1685878
vt 0.07956874 0.1683618
vt 0.08003671 0.1685831
vt 0.03541077 0.2297547
vt 0.03496088 0.2294987
vt 0.03507353 0.2292657
vt 0.03555357 0.2295389
vt -0.04654497 0.2423038
vt -0.04692375 0.2419018
vt -0.04677103 0.2416928
vt -0.0463273 0.2421637
vt -0.1841702 0.1178709
vt -0.184072 0.1172314
vt -0.1838145 0.1172055
vt -0.1839324 0.117973
vt -0.1469751 -0.009009826
vt -0.1466112 -0.009695744
vt -0.1463595 -0.009635464
vt -0.146784 -0.008835227
vt -0.05693367 0.02651532
vt -0.05622777 0.02594761
vt -0.05603139 0.0261162
vt -0.05681111 0.02674329
vt 0.003355081 0.1209192
vt 0.004204662 0.1203906
vt 0.004355802 0.1206008
vt 0.003476784 0.1211477
vt 0.05427966 0.1976553
vt 0.05515102 0.1970963
vt 0.05527588 0.197323
vt 0.05443369 0.1978633
vt 0.1140354 0.2175529
vt 0.1147784 0.2168828
vt 0.1149137 0.2171034
vt 0.114241 0.2177102
vt 0.1851596 0.1281144
vt 0.185454 0.1272577
vt 0.1856699 0.1274004
vt 0.1854176 0.1281347
vt 0.1467389 -0.008884555
vt 0.146375 -0.009570473
vt 0.1466267 -0.009630763
vt 0.1469299 -0.009059154
vt 0.0566527 0.0266582
vt 0.05614848 0.02625268
vt 0.05634486 0.02608409
vt 0.05677525 0.02643023
vt -0.003690317 0.1210338
vt -0.004159269 0.120742
vt -0.004008136 0.1205319
vt -0.003568614 0.1208054
vt -0.05462821 0.1977193
vt -0.0550639 0.1974398
vt -0.05493904 0.1972131
vt -0.05447418 0.1975113
vt -0.1143501 0.2175674
vt -0.1147603 0.2171974
vt -0.114625 0.2169768
vt -0.1141445 0.2174101
vt -0.1854229 0.128068
vt -0.1856332 0.127456
vt -0.1854172 0.1273134
vt -0.1851648 0.1280477
vt -0.1378899 -0.04440872
vt -0.1378592 -0.04518456
vt -0.1376062 -0.04523931
vt -0.137642 -0.04433416
vt 0.01343938 -0.04110019
vt 0.01407008 -0.04175042
vt 0.0142857 -0.04160727
vt 0.01358905 -0.04088903
vt 0.08719464 0.0672005
vt 0.08804564 0.0666742
vt 0.08819623 0.06688471
vt 0.08731572 0.06742926
vt 0.128028 0.1547916
vt 0.1289382 0.1542982
vt 0.129046 0.1545335
vt 0.1281663 0.1550103
vt 0.1609987 0.1846336
vt 0.1618476 0.1841037
vt 0.1619421 0.1843447
vt 0.1611737 0.1848243
vt 0.190094 0.1214809
vt 0.190706 0.120813
vt 0.190847 0.12103
vt 0.1903225 0.1216025
vt 0.1376227 -0.04439818
vt 0.137592 -0.04517404
vt 0.137845 -0.04511929
vt 0.1378706 -0.04447275
vt -0.01373584 -0.04099299
vt -0.01418633 -0.04145744
vt -0.0139707 -0.0416006
vt -0.01358616 -0.04120414
vt -0.08752964 0.06731598
vt -0.08799937 0.06702547
vt -0.0878488 0.06681497
vt -0.08740856 0.06708723
vt -0.1283709 0.154881
vt -0.1288259 0.1546344
vt -0.1287181 0.1543991
vt -0.1282326 0.1546623
vt -0.1613062 0.1847028
vt -0.1617747 0.1844104
vt -0.1616802 0.1841694
vt -0.1611313 0.184512
vt -0.1903539 0.1215435
vt -0.190791 0.1210664
vt -0.19065 0.1208494
vt -0.1901254 0.1214219
vt -0.1484732 -0.0604103
vt -0.1488729 -0.06107594
vt -0.1486914 -0.06126042
vt -0.148225 -0.06048386
vt 0.1009574 -0.07991104
vt 0.1016107 -0.08053852
vt 0.1018212 -0.0803878
vt 0.1010995 -0.07969472
vt 0.1625588 0.05524577
vt 0.1634801 0.05485538
vt 0.1635968 0.05508638
vt 0.1626436 0.05549031
vt 0.1794681 0.1368612
vt 0.1804522 0.1365398
vt 0.1805159 0.1367906
vt 0.1795647 0.1371013
vt 0.1883622 0.1590367
vt 0.1893111 0.158719
vt 0.1893469 0.1589754
vt 0.1884879 0.159263
vt 0.1926658 0.106297
vt 0.1934835 0.1059072
vt 0.1935329 0.1061612
vt 0.192832 0.1064954
vt 0.1482439 -0.06054807
vt 0.1486437 -0.06121369
vt 0.1488252 -0.0610292
vt 0.1484921 -0.06047451
vt -0.1012498 -0.07979335
vt -0.1017165 -0.08024153
vt -0.1015061 -0.08039225
vt -0.1011077 -0.08000968
vt -0.1628722 0.05541097
vt -0.1633807 0.05519549
vt -0.163264 0.05496448
vt -0.1627874 0.05516644
vt -0.1797892 0.137011
vt -0.1802813 0.1368502
vt -0.1802176 0.1365994
vt -0.1796925 0.1367709
vt -0.1886451 0.1591757
vt -0.1891688 0.1590003
vt -0.189133 0.158744
vt -0.1885194 0.1589494
vt -0.1928832 0.1064524
vt -0.1934673 0.106174
vt -0.1934179 0.1059199
vt -0.192717 0.1062541
vt -0.1828753 -0.01781313
vt -0.1836389 -0.01795373
vt -0.1836571 -0.0182119
vt -0.1827663 -0.01804786
vt 0.1933089 0.0328663
vt 0.194197 0.03268743
vt 0.1942936 0.03292752
vt 0.1933127 0.03312511
vt 0.192298 0.1216096
vt 0.193296 0.121537
vt 0.193332 0.1217933
vt 0.1922995 0.1218684
vt 0.1913984 0.1549776
vt 0.1924323 0.154923
vt 0.1924286 0.1551818
vt 0.1914294 0.1552346
vt 0.1906135 0.1428432
vt 0.1916128 0.1427915
vt 0.1915786 0.143048
vt 0.190674 0.1430949
vt 0.1893625 0.08541127
vt 0.1902662 0.08534871
vt 0.190219 0.08560319
vt 0.1894444 0.0856568
vt 0.1828268 -0.01807611
vt 0.1835905 -0.0182167
vt 0.1835722 -0.01795853
vt 0.1829359 -0.01784137
vt -0.1934925 0.03312266
vt -0.1941268 0.03299488
vt -0.1940302 0.0327548
vt -0.1934887 0.03286387
vt -0.1925415 0.1218671
vt -0.1930924 0.121827
vt -0.1930563 0.1215707
vt -0.19254 0.1216083
vt -0.1916697 0.1552057
vt -0.1921866 0.1551783
vt -0.1921903 0.1549195
vt -0.1916387 0.1549487
vt -0.1908488 0.1430529
vt -0.1914004 0.1430243
vt -0.1914345 0.1427678
vt -0.1907883 0.1428012
vt -0.1895078 0.08563565
vt -0.1901533 0.08559098
vt -0.1902006 0.08533652
vt -0.1894259 0.08539013
vt -0.1928733 0.0702122
vt -0.1934399 0.07074301
vt -0.1936585 0.07060434
vt -0.1929974 0.06998507
vt 0.06432731 0.2258333
vt 0.06504524 0.2263858
vt 0.06492762 0.2266163
vt 0.0641346 0.2260061
vt 0.1332506 0.2086075
vt 0.134207 0.2089015
vt 0.1341477 0.2091534
vt 0.1331581 0.2088493
vt 0.1525557 0.1785151
vt 0.1535648 0.1787468
vt 0.1534901 0.1789946
vt 0.1525148 0.1787707
vt 0.1652502 0.1232709
vt 0.1662254 0.1234948
vt 0.1661223 0.1237322
vt 0.1652394 0.1235294
vt 0.1793257 0.05876759
vt 0.1801896 0.05904022
vt 0.1800524 0.05925973
vt 0.179312 0.05902606
vt 0.193056 0.0700172
vt 0.1936227 0.07054801
vt 0.1934041 0.07068667
vt 0.1929319 0.07024433
vt -0.06425472 0.22614
vt -0.06476752 0.2265346
vt -0.06488514 0.226304
vt -0.06444741 0.2259672
vt -0.1333842 0.2089357
vt -0.1339121 0.209098
vt -0.1339714 0.208846
vt -0.1334766 0.208694
vt -0.1527538 0.178809
vt -0.1532583 0.1789248
vt -0.153333 0.178677
vt -0.1527947 0.1785534
vt -0.165419 0.1235369
vt -0.1659573 0.1236605
vt -0.1660605 0.1234231
vt -0.1654298 0.1232783
vt -0.1793787 0.05902959
vt -0.1799958 0.05922432
vt -0.1801329 0.05900481
vt -0.1793924 0.05877114
o group1370216871
g mesh1370216871
usemtl mat16
f 6/6/1 5/5/1 4/4/1 3/3/1 2/2/1 1/1/1
f 3/12/2 10/11/2 9/10/2 8/9/2 7/8/2 2/7/2
f 8/16/3 12/15/3 11/14/3 7/13/3
f 12/22/4 16/21/4 15/20/4 14/19/4 13/18/4 11/17/4
f 14/28/5 20/27/5 19/26/5 18/25/5 17/24/5 13/23/5
f 18/32/6 22/31/6 21/30/6 17/29/6
f 22/40/7 28/39/7 27/38/7 26/37/7 25/36/7 24/35/7 23/34/7 21/33/7
f 24/44/8 30/43/8 29/42/8 23/41/8
f 35/49/9 34/48/9 33/47/9 32/46/9 31/45/9
f 38/53/10 37/52/10 36/51/10 32/50/10
f 46/61/11 45/60/11 44/59/11 43/58/11 42/57/11 41/56/11 40/55/11 39/54/11
f 41/65/12 6/64/12 1/63/12 40/62/12
f 50/73/14 49/72/14 3/71/14 4/70/14
f 49/77/15 51/76/15 10/75/15 3/74/15
f 51/81/16 52/80/16 15/79/16 10/78/16
f 52/85/17 53/84/17 14/83/17 15/82/17
f 53/89/18 54/88/18 20/87/18 14/86/18
f 54/93/19 55/92/19 27/91/19 20/90/19
f 55/97/20 56/96/20 26/95/20 27/94/20
f 56/101/21 58/100/21 57/99/21 26/98/21
f 58/105/22 60/104/22 59/103/22 57/102/22
f 60/109/23 61/108/23 44/107/23 59/106/23
f 61/113/24 62/112/24 43/111/24 44/110/24
f 62/117/25 50/116/25 4/115/25 43/114/25
f 64/121/26 63/120/26 49/119/26 50/118/26
f 63/125/27 65/124/27 51/123/27 49/122/27
f 65/129/28 66/128/28 52/127/28 51/126/28
f 66/133/29 67/132/29 53/131/29 52/130/29
f 67/137/30 68/136/30 54/135/30 53/134/30
f 68/141/31 69/140/31 55/139/31 54/138/31
f 69/145/32 70/144/32 56/143/32 55/142/32
f 70/149/33 71/148/33 58/147/33 56/146/33
f 71/153/34 72/152/34 60/151/34 58/150/34
f 72/157/35 73/156/35 61/155/35 60/154/35
f 73/161/36 74/160/36 62/159/36 61/158/36
f 74/165/37 64/164/37 50/163/37 62/162/37
f 76/169/38 75/168/38 63/167/38 64/166/38
f 75/173/39 77/172/39 65/171/39 63/170/39
f 77/177/40 78/176/40 66/175/40 65/174/40
f 78/181/41 79/180/41 67/179/41 66/178/41
f 79/185/42 80/184/42 68/183/42 67/182/42
f 80/189/43 81/188/43 69/187/43 68/186/43
f 81/193/44 82/192/44 70/191/44 69/190/44
f 82/197/45 83/196/45 71/195/45 70/194/45
f 83/201/46 84/200/46 72/199/46 71/198/46
f 84/205/47 85/204/47 73/203/47 72/202/47
f 85/209/48 86/208/48 74/207/48 73/206/48
f 86/213/49 76/212/49 64/211/49 74/210/49
f 88/217/50 87/216/50 75/215/50 76/214/50
f 87/221/51 89/220/51 77/219/51 75/218/51
f 89/225/52 90/224/52 78/223/52 77/222/52
f 90/229/53 91/228/53 79/227/53 78/226/53
f 91/233/54 92/232/54 80/231/54 79/230/54
f 92/237/55 93/236/55 81/235/55 80/234/55
f 93/241/56 94/240/56 82/239/56 81/238/56
f 94/245/57 95/244/57 83/243/57 82/242/57
f 95/249/58 96/248/58 84/247/58 83/246/58
f 96/253/59 97/252/59 85/251/59 84/250/59
f 97/257/60 98/256/60 86/255/60 85/254/60
f 98/261/61 88/260/61 76/259/61 86/258/61
f 100/265/62 99/264/62 87/263/62 88/262/62
f 99/269/63 101/268/63 89/267/63 87/266/63
f 101/273/64 102/272/64 90/271/64 89/270/64
f 102/277/65 103/276/65 91/275/65 90/274/65
f 103/281/66 104/280/66 92/279/66 91/278/66
f 104/285/67 105/284/67 93/283/67 92/282/67
f 105/289/68 106/288/68 94/287/68 93/286/68
f 106/293/69 107/292/69 95/291/69 94/290/69
f 107/297/70 108/296/70 96/295/70 95/294/70
f 108/301/71 109/300/71 97/299/71 96/298/71
f 109/305/72 110/304/72 98/303/72 97/302/72
f 110/309/73 100/308/73 88/307/73 98/306/73
f 112/313/74 111/312/74 99/311/74 100/310/74
f 111/317/75 113/316/75 101/315/75 99/314/75
f 113/321/76 114/320/76 102/319/76 101/318/76
f 114/325/77 115/324/77 103/323/77 102/322/77
f 115/329/78 116/328/78 104/327/78 103/326/78
f 116/333/79 117/332/79 105/331/79 104/330/79
f 117/337/80 118/336/80 106/335/80 105/334/80
f 118/341/81 119/340/81 107/339/81 106/338/81
f 119/345/82 120/344/82 108/343/82 107/342/82
f 120/349/83 121/348/83 109/347/83 108/346/83
f 121/353/84 122/352/84 110/351/84 109/350/84
f 122/357/85 112/356/85 100/355/85 110/354/85
f 290/1043/249 57/1042/249 59/1041/249 289/1040/249
f 292/1047/250 291/1046/250 289/1045/250 38/1044/250
f 298/1056/252 297/1055/252 296/1054/252 295/1053/252 38/1052/252
f 302/1064/254 301/1063/254 34/1062/254 35/1061/254
f 25/1068/255 26/1067/255 57/1066/255 290/1065/255
f 30/1073/256 24/1072/256 25/1071/256 290/1070/256 295/1069/256
f 30/1077/257 295/1076/257 31/1075/257 29/1074/257
f 289/1081/258 59/1080/258 44/1079/258 45/1078/258
f 37/1086/259 38/1085/259 289/1084/259 45/1083/259 46/1082/259
f 37/1090/260 46/1089/260 39/1088/260 36/1087/260
f 293/1093/261 298/1092/261 38/1091/261
f 293/1099/262 294/1098/262 33/1097/262 304/1096/262 303/1095/262 298/1094/262
f 294/1102/263 32/1101/263 33/1100/263
f 299/1105/264 35/1104/264 31/1103/264
f 299/1111/265 300/1110/265 296/1109/265 305/1108/265 302/1107/265 35/1106/265
f 300/1114/266 295/1113/266 296/1112/266
f 301/1118/267 304/1117/267 33/1116/267 34/1115/267
f 301/1122/268 306/1121/268 303/1120/268 304/1119/268
f 302/1126/269 305/1125/269 306/1124/269 301/1123/269
f 306/1130/270 297/1129/270 298/1128/270 303/1127/270
f 305/1134/271 296/1133/271 297/1132/271 306/1131/271
f 307/1145/273 311/1144/273 295/1143/273 290/1142/273
f 312/1157/276 316/1156/276 292/1155/276 38/1154/276
f 320/1165/278 313/1164/278 295/1163/278 311/1162/278
f 19/1176/280 20/1175/280 27/1174/280 28/1173/280
f 325/1180/281 324/1179/281 28/1178/281 22/1177/281
f 326/1191/283 330/1190/283 18/1189/283 19/1188/283
f 9/1206/286 10/1205/286 15/1204/286 16/1203/286
f 337/1210/287 336/1209/287 16/1208/287 12/1207/287
f 338/1221/289 342/1220/289 8/1219/289 9/1218/289
f 42/1236/292 43/1235/292 4/1234/292 5/1233/292
f 349/1240/293 348/1239/293 5/1238/293 6/1237/293
f 350/1251/295 354/1250/295 41/1249/295 42/1248/295
f 371/1334/315 370/1333/315 314/1332/315 315/1331/315
f 373/1350/319 372/1349/319 362/1348/319 363/1347/319
f 377/1378/326 376/1377/326 374/1376/326 375/1375/326
f 379/1394/330 378/1393/330 334/1392/330 335/1391/330
f 383/1422/337 382/1421/337 380/1420/337 381/1419/337
f 385/1438/341 384/1437/341 346/1436/341 347/1435/341
f 389/1466/348 388/1465/348 386/1464/348 387/1463/348
f 391/1482/352 390/1481/352 358/1480/352 359/1479/352
usemtl mat15
f 48/69/13 47/68/13 39/67/13 40/66/13
f 124/361/86 123/360/86 111/359/86 112/358/86
f 123/365/87 125/364/87 113/363/87 111/362/87
f 125/369/88 126/368/88 114/367/88 113/366/88
f 126/373/89 127/372/89 115/371/89 114/370/89
f 127/377/90 128/376/90 116/375/90 115/374/90
f 128/381/91 129/380/91 117/379/91 116/378/91
f 129/385/92 130/384/92 118/383/92 117/382/92
f 130/389/93 131/388/93 119/387/93 118/386/93
f 131/393/94 132/392/94 120/391/94 119/390/94
f 132/397/95 133/396/95 121/395/95 120/394/95
f 133/401/96 134/400/96 122/399/96 121/398/96
f 134/405/97 124/404/97 112/403/97 122/402/97
f 136/409/98 135/408/98 123/407/98 124/406/98
f 135/413/99 137/412/99 125/411/99 123/410/99
f 137/417/100 138/416/100 126/415/100 125/414/100
f 138/421/101 139/420/101 127/419/101 126/418/101
f 139/425/102 140/424/102 128/423/102 127/422/102
f 140/429/103 141/428/103 129/427/103 128/426/103
f 141/433/104 142/432/104 130/431/104 129/430/104
f 142/437/105 143/436/105 131/435/105 130/434/105
f 143/441/106 144/440/106 132/439/106 131/438/106
f 144/445/107 145/444/107 133/443/107 132/442/107
f 145/449/108 146/448/108 134/447/108 133/446/108
f 146/453/109 136/452/109 124/451/109 134/450/109
f 148/457/110 147/456/110 135/455/110 136/454/110
f 147/461/111 149/460/111 137/459/111 135/458/111
f 149/465/112 150/464/112 138/463/112 137/462/112
f 150/469/113 151/468/113 139/467/113 138/466/113
f 151/473/114 152/472/114 140/471/114 139/470/114
f 152/477/115 153/476/115 141/475/115 140/474/115
f 153/481/116 154/480/116 142/479/116 141/478/116
f 154/485/117 155/484/117 143/483/117 142/482/117
f 155/489/118 156/488/118 144/487/118 143/486/118
f 156/493/119 157/492/119 145/491/119 144/490/119
f 157/497/120 158/496/120 146/495/120 145/494/120
f 158/501/121 148/500/121 136/499/121 146/498/121
f 160/505/122 159/504/122 147/503/122 148/502/122
f 159/509/123 161/508/123 149/507/123 147/506/123
f 161/513/124 162/512/124 150/511/124 149/510/124
f 162/517/125 163/516/125 151/515/125 150/514/125
f 163/521/126 164/520/126 152/519/126 151/518/126
f 164/525/127 165/524/127 153/523/127 152/522/127
f 165/529/128 166/528/128 154/527/128 153/526/128
f 166/533/129 167/532/129 155/531/129 154/530/129
f 167/537/130 168/536/130 156/535/130 155/534/130
f 168/541/131 169/540/131 157/539/131 156/538/131
f 169/545/132 170/544/132 158/543/132 157/542/132
f 170/549/133 160/548/133 148/547/133 158/546/133
f 170/561/134 169/560/134 168/559/134 167/558/134 166/557/134 165/556/134 164/555/134 163/554/134 162/553/134 161/552/134 159/551/134 160/550/134
f 47/566/135 171/565/135 32/564/135 36/563/135 39/562/135
f 171/570/136 172/569/136 31/568/136 32/567/136
f 172/575/137 173/574/137 23/573/137 29/572/137 31/571/137
f 173/579/138 174/578/138 21/577/138 23/576/138
f 174/583/139 175/582/139 17/581/139 21/580/139
f 175/587/140 176/586/140 13/585/140 17/584/140
f 176/591/141 177/590/141 11/589/141 13/588/141
f 177/595/142 178/594/142 7/593/142 11/592/142
f 178/599/143 179/598/143 2/597/143 7/596/143
f 179/603/144 180/602/144 1/601/144 2/600/144
f 180/607/145 48/606/145 40/605/145 1/604/145
f 182/611/146 181/610/146 47/609/146 48/608/146
f 181/615/147 183/614/147 171/613/147 47/612/147
f 183/619/148 184/618/148 172/617/148 171/616/148
f 184/623/149 185/622/149 173/621/149 172/620/149
f 185/627/150 186/626/150 174/625/150 173/624/150
f 186/631/151 187/630/151 175/629/151 174/628/151
f 187/635/152 188/634/152 176/633/152 175/632/152
f 188/639/153 189/638/153 177/637/153 176/636/153
f 189/643/154 190/642/154 178/641/154 177/640/154
f 190/647/155 191/646/155 179/645/155 178/644/155
f 191/651/156 192/650/156 180/649/156 179/648/156
f 192/655/157 182/654/157 48/653/157 180/652/157
f 195/660/158 194/659/158 193/658/158 181/657/158 182/656/158
f 192/666/159 190/665/159 188/664/159 186/663/159 184/662/159 181/661/159
f 198/671/160 197/670/160 196/669/160 183/668/160 181/667/160
f 201/676/161 200/675/161 199/674/161 185/673/161 184/672/161
f 204/681/162 203/680/162 202/679/162 187/678/162 186/677/162
f 207/686/163 206/685/163 205/684/163 189/683/163 188/682/163
f 210/691/164 209/690/164 208/689/164 191/688/164 190/687/164
f 208/696/165 212/695/165 211/694/165 192/693/165 191/692/165
f 211/703/166 215/702/166 214/701/166 213/700/166 210/699/166 190/698/166 192/697/166
f 213/706/167 209/705/167 210/704/167
f 193/713/168 219/712/168 218/711/168 217/710/168 216/709/168 192/708/168 181/707/168
f 216/718/169 220/717/169 195/716/169 182/715/169 192/714/169
f 222/722/170 221/721/170 218/720/170 195/719/170
f 196/727/171 224/726/171 223/725/171 184/724/171 183/723/171
f 223/734/172 227/733/172 226/732/172 225/731/172 198/730/172 181/729/172 184/728/172
f 225/737/173 197/736/173 198/735/173
f 199/742/174 229/741/174 228/740/174 186/739/174 185/738/174
f 228/749/175 232/748/175 231/747/175 230/746/175 201/745/175 184/744/175 186/743/175
f 230/752/176 200/751/176 201/750/176
f 202/757/177 234/756/177 233/755/177 188/754/177 187/753/177
f 233/764/178 237/763/178 236/762/178 235/761/178 204/760/178 186/759/178 188/758/178
f 235/767/179 203/766/179 204/765/179
f 205/772/180 239/771/180 238/770/180 190/769/180 189/768/180
f 238/779/181 242/778/181 241/777/181 240/776/181 207/775/181 188/774/181 190/773/181
f 240/782/182 206/781/182 207/780/182
f 244/786/183 243/785/183 194/784/183 195/783/183
f 220/789/184 216/788/184 217/787/184
f 219/792/185 193/791/185 194/790/185
f 221/796/186 245/795/186 217/794/186 218/793/186
f 245/800/187 246/799/187 220/798/187 217/797/187
f 246/804/188 222/803/188 195/802/188 220/801/188
f 246/808/189 245/807/189 221/806/189 222/805/189
f 243/812/190 247/811/190 219/810/190 194/809/190
f 247/816/191 248/815/191 218/814/191 219/813/191
f 248/820/192 244/819/192 195/818/192 218/817/192
f 248/824/193 247/823/193 243/822/193 244/821/193
f 250/828/194 249/827/194 224/826/194 196/825/194
f 252/832/195 251/831/195 196/830/195 197/829/195
f 227/835/196 223/834/196 224/833/196
f 251/839/197 253/838/197 226/837/197 196/836/197
f 253/843/198 254/842/198 225/841/198 226/840/198
f 254/847/199 252/846/199 197/845/199 225/844/199
f 254/851/200 253/850/200 251/849/200 252/848/200
f 249/855/201 255/854/201 227/853/201 224/852/201
f 255/859/202 256/858/202 226/857/202 227/856/202
f 256/863/203 250/862/203 196/861/203 226/860/203
f 256/867/204 255/866/204 249/865/204 250/864/204
f 258/871/205 257/870/205 212/869/205 208/868/205
f 215/874/206 211/873/206 212/872/206
f 260/878/207 259/877/207 208/876/207 209/875/207
f 257/882/208 261/881/208 215/880/208 212/879/208
f 261/886/209 262/885/209 214/884/209 215/883/209
f 262/890/210 258/889/210 208/888/210 214/887/210
f 262/894/211 261/893/211 257/892/211 258/891/211
f 259/898/212 263/897/212 214/896/212 208/895/212
f 263/902/213 264/901/213 213/900/213 214/899/213
f 264/906/214 260/905/214 209/904/214 213/903/214
f 264/910/215 263/909/215 259/908/215 260/907/215
f 266/914/216 265/913/216 239/912/216 205/911/216
f 242/917/217 238/916/217 239/915/217
f 268/921/218 267/920/218 205/919/218 206/918/218
f 265/925/219 269/924/219 242/923/219 239/922/219
f 269/929/220 270/928/220 241/927/220 242/926/220
f 270/933/221 266/932/221 205/931/221 241/930/221
f 270/937/222 269/936/222 265/935/222 266/934/222
f 267/941/223 271/940/223 241/939/223 205/938/223
f 271/945/224 272/944/224 240/943/224 241/942/224
f 272/949/225 268/948/225 206/947/225 240/946/225
f 272/953/226 271/952/226 267/951/226 268/950/226
f 274/957/227 273/956/227 234/955/227 202/954/227
f 276/961/228 275/960/228 202/959/228 203/958/228
f 237/964/229 233/963/229 234/962/229
f 273/968/230 277/967/230 237/966/230 234/965/230
f 277/972/231 278/971/231 236/970/231 237/969/231
f 278/976/232 274/975/232 202/974/232 236/973/232
f 278/980/233 277/979/233 273/978/233 274/977/233
f 275/984/234 279/983/234 236/982/234 202/981/234
f 279/988/235 280/987/235 235/986/235 236/985/235
f 280/992/236 276/991/236 203/990/236 235/989/236
f 280/996/237 279/995/237 275/994/237 276/993/237
f 282/1000/238 281/999/238 229/998/238 199/997/238
f 284/1004/239 283/1003/239 199/1002/239 200/1001/239
f 232/1007/240 228/1006/240 229/1005/240
f 283/1011/241 285/1010/241 231/1009/241 199/1008/241
f 285/1015/242 286/1014/242 230/1013/242 231/1012/242
f 286/1019/243 284/1018/243 200/1017/243 230/1016/243
f 286/1023/244 285/1022/244 283/1021/244 284/1020/244
f 281/1027/245 287/1026/245 232/1025/245 229/1024/245
f 287/1031/246 288/1030/246 231/1029/246 232/1028/246
f 288/1035/247 282/1034/247 199/1033/247 231/1032/247
f 288/1039/248 287/1038/248 281/1037/248 282/1036/248
usemtl mat17
f 294/1051/251 293/1050/251 38/1049/251 32/1048/251
f 300/1060/253 299/1059/253 31/1058/253 295/1057/253
usemtl mat23
f 291/1141/272 310/1140/272 309/1139/272 308/1138/272 307/1137/272 290/1136/272 289/1135/272
f 313/1149/274 312/1148/274 38/1147/274 295/1146/274
f 320/1172/279 323/1171/279 322/1170/279 321/1169/279 316/1168/279 312/1167/279 313/1166/279
f 324/1187/282 329/1186/282 328/1185/282 327/1184/282 326/1183/282 19/1182/282 28/1181/282
f 330/1198/284 333/1197/284 332/1196/284 331/1195/284 325/1194/284 22/1193/284 18/1192/284
f 336/1217/288 341/1216/288 340/1215/288 339/1214/288 338/1213/288 9/1212/288 16/1211/288
f 342/1228/290 345/1227/290 344/1226/290 343/1225/290 337/1224/290 12/1223/290 8/1222/290
f 348/1247/294 353/1246/294 352/1245/294 351/1244/294 350/1243/294 42/1242/294 5/1241/294
f 354/1258/296 357/1257/296 356/1256/296 355/1255/296 349/1254/296 6/1253/296 41/1252/296
f 318/1286/303 364/1285/303 321/1284/303 317/1283/303
f 369/1314/310 367/1313/310 360/1312/310 323/1311/310
f 370/1326/313 371/1325/313 317/1324/313 310/1323/313
f 373/1346/318 363/1345/318 308/1344/318 360/1343/318
f 377/1374/325 375/1373/325 327/1372/325 333/1371/325
f 378/1386/328 379/1385/328 331/1384/328 329/1383/328
f 383/1418/336 381/1417/336 339/1416/336 345/1415/336
f 384/1430/339 385/1429/339 343/1428/339 341/1427/339
f 386/1454/345 388/1453/345 354/1452/345 350/1451/345
f 389/1462/347 387/1461/347 351/1460/347 357/1459/347
f 390/1474/350 391/1473/350 355/1472/350 353/1471/350
usemtl mat5
f 315/1153/275 314/1152/275 291/1151/275 292/1150/275
f 319/1161/277 318/1160/277 317/1159/277 292/1158/277
f 335/1202/285 334/1201/285 324/1200/285 325/1199/285
f 347/1232/291 346/1231/291 336/1230/291 337/1229/291
f 359/1262/297 358/1261/297 348/1260/297 349/1259/297
f 361/1266/298 360/1265/298 308/1264/298 309/1263/298
f 317/1270/299 361/1269/299 309/1268/299 310/1267/299
f 363/1274/300 362/1273/300 307/1272/300 308/1271/300
f 322/1278/301 323/1277/301 360/1276/301 361/1275/301
f 321/1282/302 322/1281/302 361/1280/302 317/1279/302
f 364/1290/304 365/1289/304 316/1288/304 321/1287/304
f 365/1294/305 319/1293/305 292/1292/305 316/1291/305
f 365/1298/306 364/1297/306 318/1296/306 319/1295/306
f 367/1302/307 366/1301/307 311/1300/307 360/1299/307
f 366/1306/308 368/1305/308 320/1304/308 311/1303/308
f 368/1310/309 369/1309/309 323/1308/309 320/1307/309
f 369/1318/311 368/1317/311 366/1316/311 367/1315/311
f 314/1322/312 370/1321/312 310/1320/312 291/1319/312
f 371/1330/314 315/1329/314 292/1328/314 317/1327/314
f 362/1338/316 372/1337/316 311/1336/316 307/1335/316
f 372/1342/317 373/1341/317 360/1340/317 311/1339/317
f 332/1354/320 333/1353/320 327/1352/320 328/1351/320
f 331/1358/321 332/1357/321 328/1356/321 329/1355/321
f 375/1362/322 374/1361/322 326/1360/322 327/1359/322
f 374/1366/323 376/1365/323 330/1364/323 326/1363/323
f 376/1370/324 377/1369/324 333/1368/324 330/1367/324
f 334/1382/327 378/1381/327 329/1380/327 324/1379/327
f 379/1390/329 335/1389/329 325/1388/329 331/1387/329
f 344/1398/331 345/1397/331 339/1396/331 340/1395/331
f 381/1402/332 380/1401/332 338/1400/332 339/1399/332
f 343/1406/333 344/1405/333 340/1404/333 341/1403/333
f 380/1410/334 382/1409/334 342/1408/334 338/1407/334
f 382/1414/335 383/1413/335 345/1412/335 342/1411/335
f 346/1426/338 384/1425/338 341/1424/338 336/1423/338
f 385/1434/340 347/1433/340 337/1432/340 343/1431/340
f 356/1442/342 357/1441/342 351/1440/342 352/1439/342
f 387/1446/343 386/1445/343 350/1444/343 351/1443/343
f 355/1450/344 356/1449/344 352/1448/344 353/1447/344
f 388/1458/346 389/1457/346 357/1456/346 354/1455/346
f 358/1470/349 390/1469/349 353/1468/349 348/1467/349
f 391/1478/351 359/1477/351 349/1476/351 355/1475/351
o group1199653721
g mesh1199653721
usemtl mat24
f 395/1486/353 394/1485/353 393/1484/353 392/1483/353
f 394/1490/354 397/1489/354 396/1488/354 393/1487/354
f 397/1494/355 399/1493/355 398/1492/355 396/1491/355
f 399/1498/356 401/1497/356 400/1496/356 398/1495/356
f 401/1502/357 403/1501/357 402/1500/357 400/1499/357
f 403/1506/358 405/1505/358 404/1504/358 402/1503/358
f 405/1510/359 407/1509/359 406/1508/359 404/1507/359
f 407/1514/360 409/1513/360 408/1512/360 406/1511/360
f 409/1518/361 411/1517/361 410/1516/361 408/1515/361
f 411/1522/362 413/1521/362 412/1520/362 410/1519/362
f 413/1526/363 415/1525/363 414/1524/363 412/1523/363
f 415/1530/364 395/1529/364 392/1528/364 414/1527/364
usemtl mat15
f 417/1534/365 416/1533/365 412/1532/365 414/1531/365
f 415/1546/366 413/1545/366 411/1544/366 409/1543/366 407/1542/366 405/1541/366 403/1540/366 401/1539/366 399/1538/366 397/1537/366 394/1536/366 395/1535/366
f 416/1550/367 418/1549/367 410/1548/367 412/1547/367
f 418/1554/368 419/1553/368 408/1552/368 410/1551/368
f 419/1558/369 420/1557/369 406/1556/369 408/1555/369
f 420/1562/370 421/1561/370 404/1560/370 406/1559/370
f 421/1566/371 422/1565/371 402/1564/371 404/1563/371
f 422/1570/372 423/1569/372 400/1568/372 402/1567/372
f 423/1574/373 424/1573/373 398/1572/373 400/1571/373
f 424/1578/374 425/1577/374 396/1576/374 398/1575/374
f 425/1582/375 426/1581/375 393/1580/375 396/1579/375
f 426/1586/376 427/1585/376 392/1584/376 393/1583/376
f 427/1590/377 417/1589/377 414/1588/377 392/1587/377
f 429/1594/378 428/1593/378 416/1592/378 417/1591/378
f 428/1598/379 430/1597/379 418/1596/379 416/1595/379
f 430/1602/380 431/1601/380 419/1600/380 418/1599/380
f 431/1606/381 432/1605/381 420/1604/381 419/1603/381
f 432/1610/382 433/1609/382 421/1608/382 420/1607/382
f 433/1614/383 434/1613/383 422/1612/383 421/1611/383
f 434/1618/384 435/1617/384 423/1616/384 422/1615/384
f 435/1622/385 436/1621/385 424/1620/385 423/1619/385
f 436/1626/386 437/1625/386 425/1624/386 424/1623/386
f 437/1630/387 438/1629/387 426/1628/387 425/1627/387
f 438/1634/388 439/1633/388 427/1632/388 426/1631/388
f 439/1638/389 429/1637/389 417/1636/389 427/1635/389
f 441/1642/390 440/1641/390 428/1640/390 429/1639/390
f 440/1646/391 442/1645/391 430/1644/391 428/1643/391
f 442/1650/392 443/1649/392 431/1648/392 430/1647/392
f 443/1654/393 444/1653/393 432/1652/393 431/1651/393
f 444/1658/394 445/1657/394 433/1656/394 432/1655/394
f 445/1662/395 446/1661/395 434/1660/395 433/1659/395
f 446/1666/396 447/1665/396 435/1664/396 434/1663/396
f 447/1670/397 448/1669/397 436/1668/397 435/1667/397
f 448/1674/398 449/1673/398 437/1672/398 436/1671/398
f 449/1678/399 450/1677/399 438/1676/399 437/1675/399
f 450/1682/400 451/1681/400 439/1680/400 438/1679/400
f 451/1686/401 441/1685/401 429/1684/401 439/1683/401
f 453/1690/402 452/1689/402 440/1688/402 441/1687/402
f 452/1694/403 454/1693/403 442/1692/403 440/1691/403
f 454/1698/404 455/1697/404 443/1696/404 442/1695/404
f 455/1702/405 456/1701/405 444/1700/405 443/1699/405
f 456/1706/406 457/1705/406 445/1704/406 444/1703/406
f 457/1710/407 458/1709/407 446/1708/407 445/1707/407
f 458/1714/408 459/1713/408 447/1712/408 446/1711/408
f 459/1718/409 460/1717/409 448/1716/409 447/1715/409
f 460/1722/410 461/1721/410 449/1720/410 448/1719/410
f 461/1726/411 462/1725/411 450/1724/411 449/1723/411
f 462/1730/412 463/1729/412 451/1728/412 450/1727/412
f 463/1734/413 453/1733/413 441/1732/413 451/1731/413
f 463/1746/414 462/1745/414 461/1744/414 460/1743/414 459/1742/414 458/1741/414 457/1740/414 456/1739/414 455/1738/414 454/1737/414 452/1736/414 453/1735/414
o group806568634
g mesh806568634
usemtl mat15
f 467/1750/415 466/1749/415 465/1748/415 464/1747/415
f 466/1754/416 469/1753/416 468/1752/416 465/1751/416
f 469/1758/417 471/1757/417 470/1756/417 468/1755/417
f 471/1762/418 473/1761/418 472/1760/418 470/1759/418
f 473/1766/419 475/1765/419 474/1764/419 472/1763/419
f 475/1770/420 477/1769/420 476/1768/420 474/1767/420
f 477/1774/421 479/1773/421 478/1772/421 476/1771/421
f 479/1778/422 481/1777/422 480/1776/422 478/1775/422
f 481/1782/423 483/1781/423 482/1780/423 480/1779/423
f 483/1786/424 485/1785/424 484/1784/424 482/1783/424
f 485/1790/425 487/1789/425 486/1788/425 484/1787/425
f 487/1794/426 467/1793/426 464/1792/426 486/1791/426
f 464/1797/427 465/1796/427 486/1795/427
f 487/1809/428 485/1808/428 483/1807/428 481/1806/428 479/1805/428 477/1804/428 475/1803/428 473/1802/428 471/1801/428 469/1800/428 466/1799/428 467/1798/428
f 468/1812/429 470/1811/429 472/1810/429
f 465/1820/430 468/1819/430 472/1818/430 474/1817/430 478/1816/430 480/1815/430 484/1814/430 486/1813/430
f 480/1823/431 482/1822/431 484/1821/431
f 474/1826/432 476/1825/432 478/1824/432
o group273691000
g mesh273691000
usemtl mat15
f 491/1830/433 490/1829/433 489/1828/433 488/1827/433
f 490/1834/434 493/1833/434 492/1832/434 489/1831/434
f 493/1838/435 495/1837/435 494/1836/435 492/1835/435
f 495/1842/436 497/1841/436 496/1840/436 494/1839/436
f 497/1846/437 499/1845/437 498/1844/437 496/1843/437
f 499/1850/438 501/1849/438 500/1848/438 498/1847/438
f 501/1854/439 503/1853/439 502/1852/439 500/1851/439
f 503/1858/440 505/1857/440 504/1856/440 502/1855/440
f 505/1862/441 507/1861/441 506/1860/441 504/1859/441
f 507/1866/442 509/1865/442 508/1864/442 506/1863/442
f 509/1870/443 511/1869/443 510/1868/443 508/1867/443
f 511/1874/444 491/1873/444 488/1872/444 510/1871/444
f 488/1886/445 489/1885/445 492/1884/445 494/1883/445 496/1882/445 498/1881/445 500/1880/445 502/1879/445 504/1878/445 506/1877/445 508/1876/445 510/1875/445
f 511/1898/446 509/1897/446 507/1896/446 505/1895/446 503/1894/446 501/1893/446 499/1892/446 497/1891/446 495/1890/446 493/1889/446 490/1888/446 491/1887/446
o group1350964462
g mesh1350964462
usemtl mat15
f 515/1902/447 514/1901/447 513/1900/447 512/1899/447
f 519/1906/448 518/1905/448 517/1904/448 516/1903/448
f 513/1910/449 519/1909/449 516/1908/449 512/1907/449
f 517/1914/450 518/1913/450 521/1912/450 520/1911/450
f 516/1918/451 517/1917/451 520/1916/451 512/1915/451
f 521/1922/452 518/1921/452 519/1920/452 513/1919/452
f 514/1926/453 522/1925/453 521/1924/453 513/1923/453
f 522/1930/454 523/1929/454 520/1928/454 521/1927/454
f 523/1934/455 515/1933/455 512/1932/455 520/1931/455
f 523/1938/456 522/1937/456 514/1936/456 515/1935/456
o group990276027
g mesh990276027
usemtl mat15
f 527/1942/457 526/1941/457 525/1940/457 524/1939/457
f 531/1946/458 530/1945/458 529/1944/458 528/1943/458
f 525/1950/459 531/1949/459 528/1948/459 524/1947/459
f 529/1954/460 530/1953/460 533/1952/460 532/1951/460
f 528/1958/461 529/1957/461 532/1956/461 524/1955/461
f 533/1962/462 530/1961/462 531/1960/462 525/1959/462
f 526/1966/463 534/1965/463 533/1964/463 525/1963/463
f 534/1970/464 535/1969/464 532/1968/464 533/1967/464
f 535/1974/465 527/1973/465 524/1972/465 532/1971/465
f 535/1978/466 534/1977/466 526/1976/466 527/1975/466
o group1319442358
g mesh1319442358
usemtl mat15
f 539/1982/467 538/1981/467 537/1980/467 536/1979/467
f 543/1986/468 542/1985/468 541/1984/468 540/1983/468
f 537/1990/469 543/1989/469 540/1988/469 536/1987/469
f 545/1994/470 544/1993/470 538/1992/470 539/1991/470
f 540/1998/471 541/1997/471 539/1996/471 536/1995/471
f 538/2002/472 542/2001/472 543/2000/472 537/1999/472
f 544/2006/473 546/2005/473 542/2004/473 538/2003/473
f 546/2010/474 547/2009/474 541/2008/474 542/2007/474
f 547/2014/475 545/2013/475 539/2012/475 541/2011/475
f 547/2018/476 546/2017/476 544/2016/476 545/2015/476
o group1455558277
g mesh1455558277
usemtl mat15
f 551/2022/477 550/2021/477 549/2020/477 548/2019/477
f 555/2026/478 554/2025/478 553/2024/478 552/2023/478
f 549/2030/479 555/2029/479 552/2028/479 548/2027/479
f 557/2034/480 556/2033/480 550/2032/480 551/2031/480
f 552/2038/481 553/2037/481 551/2036/481 548/2035/481
f 550/2042/482 554/2041/482 555/2040/482 549/2039/482
f 556/2046/483 558/2045/483 554/2044/483 550/2043/483
f 558/2050/484 559/2049/484 553/2048/484 554/2047/484
f 559/2054/485 557/2053/485 551/2052/485 553/2051/485
f 559/2058/486 558/2057/486 556/2056/486 557/2055/486
o group2083720185
g mesh2083720185
usemtl mat15
f 563/2062/487 562/2061/487 561/2060/487 560/2059/487
f 562/2066/488 565/2065/488 564/2064/488 561/2063/488
f 565/2070/489 567/2069/489 566/2068/489 564/2067/489
f 567/2074/490 569/2073/490 568/2072/490 566/2071/490
f 569/2078/491 571/2077/491 570/2076/491 568/2075/491
f 571/2082/492 573/2081/492 572/2080/492 570/2079/492
f 573/2086/493 575/2085/493 574/2084/493 572/2083/493
f 575/2090/494 577/2089/494 576/2088/494 574/2087/494
f 577/2094/495 579/2093/495 578/2092/495 576/2091/495
f 579/2098/496 581/2097/496 580/2096/496 578/2095/496
f 581/2102/497 583/2101/497 582/2100/497 580/2099/497
f 583/2106/498 563/2105/498 560/2104/498 582/2103/498
f 560/2118/499 561/2117/499 564/2116/499 566/2115/499 568/2114/499 570/2113/499 572/2112/499 574/2111/499 576/2110/499 578/2109/499 580/2108/499 582/2107/499
f 583/2121/500 562/2120/500 563/2119/500
f 575/2124/501 573/2123/501 571/2122/501
f 581/2127/502 579/2126/502 577/2125/502
f 583/2135/503 581/2134/503 577/2133/503 575/2132/503 571/2131/503 569/2130/503 565/2129/503 562/2128/503
f 569/2138/504 567/2137/504 565/2136/504
o group2036377616
g mesh2036377616
usemtl mat15
f 587/2142/505 586/2141/505 585/2140/505 584/2139/505
f 586/2146/506 589/2145/506 588/2144/506 585/2143/506
f 589/2150/507 591/2149/507 590/2148/507 588/2147/507
f 591/2154/508 593/2153/508 592/2152/508 590/2151/508
f 593/2158/509 595/2157/509 594/2156/509 592/2155/509
f 595/2162/510 597/2161/510 596/2160/510 594/2159/510
f 597/2166/511 599/2165/511 598/2164/511 596/2163/511
f 599/2170/512 601/2169/512 600/2168/512 598/2167/512
f 601/2174/513 603/2173/513 602/2172/513 600/2171/513
f 603/2178/514 605/2177/514 604/2176/514 602/2175/514
f 605/2182/515 607/2181/515 606/2180/515 604/2179/515
f 607/2186/516 587/2185/516 584/2184/516 606/2183/516
f 584/2198/517 585/2197/517 588/2196/517 590/2195/517 592/2194/517 594/2193/517 596/2192/517 598/2191/517 600/2190/517 602/2189/517 604/2188/517 606/2187/517
f 607/2210/518 605/2209/518 603/2208/518 601/2207/518 599/2206/518 597/2205/518 595/2204/518 593/2203/518 591/2202/518 589/2201/518 586/2200/518 587/2199/518
o group205089424
g mesh205089424
usemtl mat5
f 610/2213/519 609/2212/519 608/2211/519
f 609/2216/520 611/2215/520 608/2214/520
f 611/2219/521 612/2218/521 608/2217/521
f 612/2222/522 613/2221/522 608/2220/522
f 613/2225/523 614/2224/523 608/2223/523
f 614/2228/524 615/2227/524 608/2226/524
f 615/2231/525 616/2230/525 608/2229/525
f 616/2234/526 617/2233/526 608/2232/526
f 617/2237/527 618/2236/527 608/2235/527
f 618/2240/528 619/2239/528 608/2238/528
f 619/2243/529 620/2242/529 608/2241/529
f 620/2246/530 610/2245/530 608/2244/530
f 622/2250/531 621/2249/531 609/2248/531 610/2247/531
f 621/2254/532 623/2253/532 611/2252/532 609/2251/532
f 623/2258/533 624/2257/533 612/2256/533 611/2255/533
f 624/2262/534 625/2261/534 613/2260/534 612/2259/534
f 625/2266/535 626/2265/535 614/2264/535 613/2263/535
f 626/2270/536 627/2269/536 615/2268/536 614/2267/536
f 627/2274/537 628/2273/537 616/2272/537 615/2271/537
f 628/2278/538 629/2277/538 617/2276/538 616/2275/538
f 629/2282/539 630/2281/539 618/2280/539 617/2279/539
f 630/2286/540 631/2285/540 619/2284/540 618/2283/540
f 631/2290/541 632/2289/541 620/2288/541 619/2287/541
f 632/2294/542 622/2293/542 610/2292/542 620/2291/542
f 634/2298/543 633/2297/543 621/2296/543 622/2295/543
f 633/2302/544 635/2301/544 623/2300/544 621/2299/544
f 635/2306/545 636/2305/545 624/2304/545 623/2303/545
f 636/2310/546 637/2309/546 625/2308/546 624/2307/546
f 637/2314/547 638/2313/547 626/2312/547 625/2311/547
f 638/2318/548 639/2317/548 627/2316/548 626/2315/548
f 639/2322/549 640/2321/549 628/2320/549 627/2319/549
f 640/2326/550 641/2325/550 629/2324/550 628/2323/550
f 641/2330/551 642/2329/551 630/2328/551 629/2327/551
f 642/2334/552 643/2333/552 631/2332/552 630/2331/552
f 643/2338/553 644/2337/553 632/2336/553 631/2335/553
f 644/2342/554 634/2341/554 622/2340/554 632/2339/554
f 646/2346/555 645/2345/555 633/2344/555 634/2343/555
f 645/2350/556 647/2349/556 635/2348/556 633/2347/556
f 647/2354/557 648/2353/557 636/2352/557 635/2351/557
f 648/2358/558 649/2357/558 637/2356/558 636/2355/558
f 649/2362/559 650/2361/559 638/2360/559 637/2359/559
f 650/2366/560 651/2365/560 639/2364/560 638/2363/560
f 651/2370/561 652/2369/561 640/2368/561 639/2367/561
f 652/2374/562 653/2373/562 641/2372/562 640/2371/562
f 653/2378/563 654/2377/563 642/2376/563 641/2375/563
f 654/2382/564 655/2381/564 643/2380/564 642/2379/564
f 655/2386/565 656/2385/565 644/2384/565 643/2383/565
f 656/2390/566 646/2389/566 634/2388/566 644/2387/566
f 658/2394/567 657/2393/567 645/2392/567 646/2391/567
f 657/2398/568 659/2397/568 647/2396/568 645/2395/568
f 659/2402/569 660/2401/569 648/2400/569 647/2399/569
f 660/2406/570 661/2405/570 649/2404/570 648/2403/570
f 661/2410/571 662/2409/571 650/2408/571 649/2407/571
f 662/2414/572 663/2413/572 651/2412/572 650/2411/572
f 663/2418/573 664/2417/573 652/2416/573 651/2415/573
f 664/2422/574 665/2421/574 653/2420/574 652/2419/574
f 665/2426/575 666/2425/575 654/2424/575 653/2423/575
f 666/2430/576 667/2429/576 655/2428/576 654/2427/576
f 667/2434/577 668/2433/577 656/2432/577 655/2431/577
f 668/2438/578 658/2437/578 646/2436/578 656/2435/578
f 670/2442/579 669/2441/579 657/2440/579 658/2439/579
f 669/2446/580 671/2445/580 659/2444/580 657/2443/580
f 671/2450/581 672/2449/581 660/2448/581 659/2447/581
f 672/2454/582 673/2453/582 661/2452/582 660/2451/582
f 673/2458/583 674/2457/583 662/2456/583 661/2455/583
f 674/2462/584 675/2461/584 663/2460/584 662/2459/584
f 675/2466/585 676/2465/585 664/2464/585 663/2463/585
f 676/2470/586 677/2469/586 665/2468/586 664/2467/586
f 677/2474/587 678/2473/587 666/2472/587 665/2471/587
f 678/2478/588 679/2477/588 667/2476/588 666/2475/588
f 679/2482/589 680/2481/589 668/2480/589 667/2479/589
f 680/2486/590 670/2485/590 658/2484/590 668/2483/590
f 682/2490/591 681/2489/591 669/2488/591 670/2487/591
f 681/2494/592 683/2493/592 671/2492/592 669/2491/592
f 683/2498/593 684/2497/593 672/2496/593 671/2495/593
f 684/2502/594 685/2501/594 673/2500/594 672/2499/594
f 685/2506/595 686/2505/595 674/2504/595 673/2503/595
f 686/2510/596 687/2509/596 675/2508/596 674/2507/596
f 687/2514/597 688/2513/597 676/2512/597 675/2511/597
f 688/2518/598 689/2517/598 677/2516/598 676/2515/598
f 689/2522/599 690/2521/599 678/2520/599 677/2519/599
f 690/2526/600 691/2525/600 679/2524/600 678/2523/600
f 691/2530/601 692/2529/601 680/2528/601 679/2527/601
f 692/2534/602 682/2533/602 670/2532/602 680/2531/602
f 694/2538/603 693/2537/603 681/2536/603 682/2535/603
f 693/2542/604 695/2541/604 683/2540/604 681/2539/604
f 695/2546/605 696/2545/605 684/2544/605 683/2543/605
f 696/2550/606 697/2549/606 685/2548/606 684/2547/606
f 697/2554/607 698/2553/607 686/2552/607 685/2551/607
f 698/2558/608 699/2557/608 687/2556/608 686/2555/608
f 699/2562/609 700/2561/609 688/2560/609 687/2559/609
f 700/2566/610 701/2565/610 689/2564/610 688/2563/610
f 701/2570/611 702/2569/611 690/2568/611 689/2567/611
f 702/2574/612 703/2573/612 691/2572/612 690/2571/612
f 703/2578/613 704/2577/613 692/2576/613 691/2575/613
f 704/2582/614 694/2581/614 682/2580/614 692/2579/614
f 705/2585/615 693/2584/615 694/2583/615
f 705/2588/616 695/2587/616 693/2586/616
f 705/2591/617 696/2590/617 695/2589/617
f 705/2594/618 697/2593/618 696/2592/618
f 705/2597/619 698/2596/619 697/2595/619
f 705/2600/620 699/2599/620 698/2598/620
f 705/2603/621 700/2602/621 699/2601/621
f 705/2606/622 701/2605/622 700/2604/622
f 705/2609/623 702/2608/623 701/2607/623
f 705/2612/624 703/2611/624 702/2610/624
f 705/2615/625 704/2614/625 703/2613/625
f 705/2618/626 694/2617/626 704/2616/626
o group1351259604
g mesh1351259604
usemtl mat15
f 709/2622/627 708/2621/627 707/2620/627 706/2619/627
f 708/2626/628 711/2625/628 710/2624/628 707/2623/628
f 711/2630/629 713/2629/629 712/2628/629 710/2627/629
f 713/2634/630 715/2633/630 714/2632/630 712/2631/630
f 715/2638/631 717/2637/631 716/2636/631 714/2635/631
f 717/2642/632 719/2641/632 718/2640/632 716/2639/632
f 719/2646/633 721/2645/633 720/2644/633 718/2643/633
f 721/2650/634 723/2649/634 722/2648/634 720/2647/634
f 723/2654/635 725/2653/635 724/2652/635 722/2651/635
f 725/2658/636 727/2657/636 726/2656/636 724/2655/636
f 727/2662/637 729/2661/637 728/2660/637 726/2659/637
f 729/2666/638 709/2665/638 706/2664/638 728/2663/638
f 706/2678/639 707/2677/639 710/2676/639 712/2675/639 714/2674/639 716/2673/639 718/2672/639 720/2671/639 722/2670/639 724/2669/639 726/2668/639 728/2667/639
f 729/2690/640 727/2689/640 725/2688/640 723/2687/640 721/2686/640 719/2685/640 717/2684/640 715/2683/640 713/2682/640 711/2681/640 708/2680/640 709/2679/640
o group209187083
g mesh209187083
usemtl mat15
f 733/2694/641 732/2693/641 731/2692/641 730/2691/641
f 735/2698/642 734/2697/642 732/2696/642 733/2695/642
f 737/2702/643 736/2701/643 734/2700/643 735/2699/643
f 739/2706/644 738/2705/644 736/2704/644 737/2703/644
f 741/2710/645 740/2709/645 738/2708/645 739/2707/645
f 743/2714/646 742/2713/646 740/2712/646 741/2711/646
f 745/2718/647 744/2717/647 742/2716/647 743/2715/647
f 747/2722/648 746/2721/648 744/2720/648 745/2719/648
f 749/2726/649 748/2725/649 746/2724/649 747/2723/649
f 751/2730/650 750/2729/650 748/2728/650 749/2727/650
f 753/2734/651 752/2733/651 750/2732/651 751/2731/651
f 730/2738/652 731/2737/652 752/2736/652 753/2735/652
f 732/2742/653 755/2741/653 754/2740/653 731/2739/653
f 734/2746/654 756/2745/654 755/2744/654 732/2743/654
f 736/2750/655 757/2749/655 756/2748/655 734/2747/655
f 738/2754/656 758/2753/656 757/2752/656 736/2751/656
f 740/2758/657 759/2757/657 758/2756/657 738/2755/657
f 742/2762/658 760/2761/658 759/2760/658 740/2759/658
f 744/2766/659 761/2765/659 760/2764/659 742/2763/659
f 746/2770/660 762/2769/660 761/2768/660 744/2767/660
f 748/2774/661 763/2773/661 762/2772/661 746/2771/661
f 750/2778/662 764/2777/662 763/2776/662 748/2775/662
f 752/2782/663 765/2781/663 764/2780/663 750/2779/663
f 731/2786/664 754/2785/664 765/2784/664 752/2783/664
f 755/2790/665 767/2789/665 766/2788/665 754/2787/665
f 756/2794/666 768/2793/666 767/2792/666 755/2791/666
f 757/2798/667 769/2797/667 768/2796/667 756/2795/667
f 758/2802/668 770/2801/668 769/2800/668 757/2799/668
f 759/2806/669 771/2805/669 770/2804/669 758/2803/669
f 760/2810/670 772/2809/670 771/2808/670 759/2807/670
f 761/2814/671 773/2813/671 772/2812/671 760/2811/671
f 762/2818/672 774/2817/672 773/2816/672 761/2815/672
f 763/2822/673 775/2821/673 774/2820/673 762/2819/673
f 764/2826/674 776/2825/674 775/2824/674 763/2823/674
f 765/2830/675 777/2829/675 776/2828/675 764/2827/675
f 754/2834/676 766/2833/676 777/2832/676 765/2831/676
f 767/2838/677 779/2837/677 778/2836/677 766/2835/677
f 768/2842/678 780/2841/678 779/2840/678 767/2839/678
f 769/2846/679 781/2845/679 780/2844/679 768/2843/679
f 770/2850/680 782/2849/680 781/2848/680 769/2847/680
f 771/2854/681 783/2853/681 782/2852/681 770/2851/681
f 772/2858/682 784/2857/682 783/2856/682 771/2855/682
f 773/2862/683 785/2861/683 784/2860/683 772/2859/683
f 774/2866/684 786/2865/684 785/2864/684 773/2863/684
f 775/2870/685 787/2869/685 786/2868/685 774/2867/685
f 776/2874/686 788/2873/686 787/2872/686 775/2871/686
f 777/2878/687 789/2877/687 788/2876/687 776/2875/687
f 766/2882/688 778/2881/688 789/2880/688 777/2879/688
f 779/2886/689 791/2885/689 790/2884/689 778/2883/689
f 780/2890/690 792/2889/690 791/2888/690 779/2887/690
f 781/2894/691 793/2893/691 792/2892/691 780/2891/691
f 782/2898/692 794/2897/692 793/2896/692 781/2895/692
f 783/2902/693 795/2901/693 794/2900/693 782/2899/693
f 784/2906/694 796/2905/694 795/2904/694 783/2903/694
f 785/2910/695 797/2909/695 796/2908/695 784/2907/695
f 786/2914/696 798/2913/696 797/2912/696 785/2911/696
f 787/2918/697 799/2917/697 798/2916/697 786/2915/697
f 788/2922/698 800/2921/698 799/2920/698 787/2919/698
f 789/2926/699 801/2925/699 800/2924/699 788/2923/699
f 778/2930/700 790/2929/700 801/2928/700 789/2927/700
f 791/2934/701 803/2933/701 802/2932/701 790/2931/701
f 792/2938/702 804/2937/702 803/2936/702 791/2935/702
f 793/2942/703 805/2941/703 804/2940/703 792/2939/703
f 794/2946/704 806/2945/704 805/2944/704 793/2943/704
f 795/2950/705 807/2949/705 806/2948/705 794/2947/705
f 796/2954/706 808/2953/706 807/2952/706 795/2951/706
f 797/2958/707 809/2957/707 808/2956/707 796/2955/707
f 798/2962/708 810/2961/708 809/2960/708 797/2959/708
f 799/2966/709 811/2965/709 810/2964/709 798/2963/709
f 800/2970/710 812/2969/710 811/2968/710 799/2967/710
f 801/2974/711 813/2973/711 812/2972/711 800/2971/711
f 790/2978/712 802/2977/712 813/2976/712 801/2975/712
f 803/2982/713 815/2981/713 814/2980/713 802/2979/713
f 804/2986/714 816/2985/714 815/2984/714 803/2983/714
f 805/2990/715 817/2989/715 816/2988/715 804/2987/715
f 806/2994/716 818/2993/716 817/2992/716 805/2991/716
f 807/2998/717 819/2997/717 818/2996/717 806/2995/717
f 808/3002/718 820/3001/718 819/3000/718 807/2999/718
f 809/3006/719 821/3005/719 820/3004/719 808/3003/719
f 810/3010/720 822/3009/720 821/3008/720 809/3007/720
f 811/3014/721 823/3013/721 822/3012/721 810/3011/721
f 812/3018/722 824/3017/722 823/3016/722 811/3015/722
f 813/3022/723 825/3021/723 824/3020/723 812/3019/723
f 802/3026/724 814/3025/724 825/3024/724 813/3023/724
f 815/3030/725 827/3029/725 826/3028/725 814/3027/725
f 816/3034/726 828/3033/726 827/3032/726 815/3031/726
f 817/3038/727 829/3037/727 828/3036/727 816/3035/727
f 818/3042/728 830/3041/728 829/3040/728 817/3039/728
f 819/3046/729 831/3045/729 830/3044/729 818/3043/729
f 820/3050/730 832/3049/730 831/3048/730 819/3047/730
f 821/3054/731 833/3053/731 832/3052/731 820/3051/731
f 822/3058/732 834/3057/732 833/3056/732 821/3055/732
f 823/3062/733 835/3061/733 834/3060/733 822/3059/733
f 824/3066/734 836/3065/734 835/3064/734 823/3063/734
f 825/3070/735 837/3069/735 836/3068/735 824/3067/735
f 814/3074/736 826/3073/736 837/3072/736 825/3071/736
f 827/3078/737 839/3077/737 838/3076/737 826/3075/737
f 828/3082/738 840/3081/738 839/3080/738 827/3079/738
f 829/3086/739 841/3085/739 840/3084/739 828/3083/739
f 830/3090/740 842/3089/740 841/3088/740 829/3087/740
f 831/3094/741 843/3093/741 842/3092/741 830/3091/741
f 832/3098/742 844/3097/742 843/3096/742 831/3095/742
f 833/3102/743 845/3101/743 844/3100/743 832/3099/743
f 834/3106/744 846/3105/744 845/3104/744 833/3103/744
f 835/3110/745 847/3109/745 846/3108/745 834/3107/745
f 836/3114/746 848/3113/746 847/3112/746 835/3111/746
f 837/3118/747 849/3117/747 848/3116/747 836/3115/747
f 826/3122/748 838/3121/748 849/3120/748 837/3119/748
f 839/3126/749 851/3125/749 850/3124/749 838/3123/749
f 840/3130/750 852/3129/750 851/3128/750 839/3127/750
f 841/3134/751 853/3133/751 852/3132/751 840/3131/751
f 842/3138/752 854/3137/752 853/3136/752 841/3135/752
f 843/3142/753 855/3141/753 854/3140/753 842/3139/753
f 844/3146/754 856/3145/754 855/3144/754 843/3143/754
f 845/3150/755 857/3149/755 856/3148/755 844/3147/755
f 846/3154/756 858/3153/756 857/3152/756 845/3151/756
f 847/3158/757 859/3157/757 858/3156/757 846/3155/757
f 848/3162/758 860/3161/758 859/3160/758 847/3159/758
f 849/3166/759 861/3165/759 860/3164/759 848/3163/759
f 838/3170/760 850/3169/760 861/3168/760 849/3167/760
f 851/3174/761 863/3173/761 862/3172/761 850/3171/761
f 852/3178/762 864/3177/762 863/3176/762 851/3175/762
f 853/3182/763 865/3181/763 864/3180/763 852/3179/763
f 854/3186/764 866/3185/764 865/3184/764 853/3183/764
f 855/3190/765 867/3189/765 866/3188/765 854/3187/765
f 856/3194/766 868/3193/766 867/3192/766 855/3191/766
f 857/3198/767 869/3197/767 868/3196/767 856/3195/767
f 858/3202/768 870/3201/768 869/3200/768 857/3199/768
f 859/3206/769 871/3205/769 870/3204/769 858/3203/769
f 860/3210/770 872/3209/770 871/3208/770 859/3207/770
f 861/3214/771 873/3213/771 872/3212/771 860/3211/771
f 850/3218/772 862/3217/772 873/3216/772 861/3215/772
f 863/3222/773 733/3221/773 730/3220/773 862/3219/773
f 864/3226/774 735/3225/774 733/3224/774 863/3223/774
f 865/3230/775 737/3229/775 735/3228/775 864/3227/775
f 866/3234/776 739/3233/776 737/3232/776 865/3231/776
f 867/3238/777 741/3237/777 739/3236/777 866/3235/777
f 868/3242/778 743/3241/778 741/3240/778 867/3239/778
f 869/3246/779 745/3245/779 743/3244/779 868/3243/779
f 870/3250/780 747/3249/780 745/3248/780 869/3247/780
f 871/3254/781 749/3253/781 747/3252/781 870/3251/781
f 872/3258/782 751/3257/782 749/3256/782 871/3255/782
f 873/3262/783 753/3261/783 751/3260/783 872/3259/783
f 862/3266/784 730/3265/784 753/3264/784 873/3263/784
o group2068045540
g mesh2068045540
usemtl mat16
f 877/3270/785 876/3269/785 875/3268/785 874/3267/785
f 876/3274/786 879/3273/786 878/3272/786 875/3271/786
f 879/3278/787 881/3277/787 880/3276/787 878/3275/787
f 881/3282/788 883/3281/788 882/3280/788 880/3279/788
f 883/3286/789 885/3285/789 884/3284/789 882/3283/789
f 885/3290/790 887/3289/790 886/3288/790 884/3287/790
f 887/3294/791 889/3293/791 888/3292/791 886/3291/791
f 889/3298/792 891/3297/792 890/3296/792 888/3295/792
f 891/3302/793 893/3301/793 892/3300/793 890/3299/793
f 893/3306/794 895/3305/794 894/3304/794 892/3303/794
f 895/3310/795 897/3309/795 896/3308/795 894/3307/795
f 897/3314/796 877/3313/796 874/3312/796 896/3311/796
f 874/3326/797 875/3325/797 878/3324/797 880/3323/797 882/3322/797 884/3321/797 886/3320/797 888/3319/797 890/3318/797 892/3317/797 894/3316/797 896/3315/797
f 897/3338/798 895/3337/798 893/3336/798 891/3335/798 889/3334/798 887/3333/798 885/3332/798 883/3331/798 881/3330/798 879/3329/798 876/3328/798 877/3327/798
o group1831090886
g mesh1831090886
usemtl mat15
f 901/3342/799 900/3341/799 899/3340/799 898/3339/799
f 903/3346/800 902/3345/800 900/3344/800 901/3343/800
f 905/3350/801 904/3349/801 902/3348/801 903/3347/801
f 907/3354/802 906/3353/802 904/3352/802 905/3351/802
f 909/3358/803 908/3357/803 906/3356/803 907/3355/803
f 911/3362/804 910/3361/804 908/3360/804 909/3359/804
f 913/3366/805 912/3365/805 910/3364/805 911/3363/805
f 915/3370/806 914/3369/806 912/3368/806 913/3367/806
f 917/3374/807 916/3373/807 914/3372/807 915/3371/807
f 919/3378/808 918/3377/808 916/3376/808 917/3375/808
f 921/3382/809 920/3381/809 918/3380/809 919/3379/809
f 898/3386/810 899/3385/810 920/3384/810 921/3383/810
f 900/3390/811 923/3389/811 922/3388/811 899/3387/811
f 902/3394/812 924/3393/812 923/3392/812 900/3391/812
f 904/3398/813 925/3397/813 924/3396/813 902/3395/813
f 906/3402/814 926/3401/814 925/3400/814 904/3399/814
f 908/3406/815 927/3405/815 926/3404/815 906/3403/815
f 910/3410/816 928/3409/816 927/3408/816 908/3407/816
f 912/3414/817 929/3413/817 928/3412/817 910/3411/817
f 914/3418/818 930/3417/818 929/3416/818 912/3415/818
f 916/3422/819 931/3421/819 930/3420/819 914/3419/819
f 918/3426/820 932/3425/820 931/3424/820 916/3423/820
f 920/3430/821 933/3429/821 932/3428/821 918/3427/821
f 899/3434/822 922/3433/822 933/3432/822 920/3431/822
f 923/3438/823 935/3437/823 934/3436/823 922/3435/823
f 924/3442/824 936/3441/824 935/3440/824 923/3439/824
f 925/3446/825 937/3445/825 936/3444/825 924/3443/825
f 926/3450/826 938/3449/826 937/3448/826 925/3447/826
f 927/3454/827 939/3453/827 938/3452/827 926/3451/827
f 928/3458/828 940/3457/828 939/3456/828 927/3455/828
f 929/3462/829 941/3461/829 940/3460/829 928/3459/829
f 930/3466/830 942/3465/830 941/3464/830 929/3463/830
f 931/3470/831 943/3469/831 942/3468/831 930/3467/831
f 932/3474/832 944/3473/832 943/3472/832 931/3471/832
f 933/3478/833 945/3477/833 944/3476/833 932/3475/833
f 922/3482/834 934/3481/834 945/3480/834 933/3479/834
f 935/3486/835 947/3485/835 946/3484/835 934/3483/835
f 936/3490/836 948/3489/836 947/3488/836 935/3487/836
f 937/3494/837 949/3493/837 948/3492/837 936/3491/837
f 938/3498/838 950/3497/838 949/3496/838 937/3495/838
f 939/3502/839 951/3501/839 950/3500/839 938/3499/839
f 940/3506/840 952/3505/840 951/3504/840 939/3503/840
f 941/3510/841 953/3509/841 952/3508/841 940/3507/841
f 942/3514/842 954/3513/842 953/3512/842 941/3511/842
f 943/3518/843 955/3517/843 954/3516/843 942/3515/843
f 944/3522/844 956/3521/844 955/3520/844 943/3519/844
f 945/3526/845 957/3525/845 956/3524/845 944/3523/845
f 934/3530/846 946/3529/846 957/3528/846 945/3527/846
f 947/3534/847 959/3533/847 958/3532/847 946/3531/847
f 948/3538/848 960/3537/848 959/3536/848 947/3535/848
f 949/3542/849 961/3541/849 960/3540/849 948/3539/849
f 950/3546/850 962/3545/850 961/3544/850 949/3543/850
f 951/3550/851 963/3549/851 962/3548/851 950/3547/851
f 952/3554/852 964/3553/852 963/3552/852 951/3551/852
f 953/3558/853 965/3557/853 964/3556/853 952/3555/853
f 954/3562/854 966/3561/854 965/3560/854 953/3559/854
f 955/3566/855 967/3565/855 966/3564/855 954/3563/855
f 956/3570/856 968/3569/856 967/3568/856 955/3567/856
f 957/3574/857 969/3573/857 968/3572/857 956/3571/857
f 946/3578/858 958/3577/858 969/3576/858 957/3575/858
f 959/3582/859 971/3581/859 970/3580/859 958/3579/859
f 960/3586/860 972/3585/860 971/3584/860 959/3583/860
f 961/3590/861 973/3589/861 972/3588/861 960/3587/861
f 962/3594/862 974/3593/862 973/3592/862 961/3591/862
f 963/3598/863 975/3597/863 974/3596/863 962/3595/863
f 964/3602/864 976/3601/864 975/3600/864 963/3599/864
f 965/3606/865 977/3605/865 976/3604/865 964/3603/865
f 966/3610/866 978/3609/866 977/3608/866 965/3607/866
f 967/3614/867 979/3613/867 978/3612/867 966/3611/867
f 968/3618/868 980/3617/868 979/3616/868 967/3615/868
f 969/3622/869 981/3621/869 980/3620/869 968/3619/869
f 958/3626/870 970/3625/870 981/3624/870 969/3623/870
f 971/3630/871 983/3629/871 982/3628/871 970/3627/871
f 972/3634/872 984/3633/872 983/3632/872 971/3631/872
f 973/3638/873 985/3637/873 984/3636/873 972/3635/873
f 974/3642/874 986/3641/874 985/3640/874 973/3639/874
f 975/3646/875 987/3645/875 986/3644/875 974/3643/875
f 976/3650/876 988/3649/876 987/3648/876 975/3647/876
f 977/3654/877 989/3653/877 988/3652/877 976/3651/877
f 978/3658/878 990/3657/878 989/3656/878 977/3655/878
f 979/3662/879 991/3661/879 990/3660/879 978/3659/879
f 980/3666/880 992/3665/880 991/3664/880 979/3663/880
f 981/3670/881 993/3669/881 992/3668/881 980/3667/881
f 970/3674/882 982/3673/882 993/3672/882 981/3671/882
f 983/3678/883 995/3677/883 994/3676/883 982/3675/883
f 984/3682/884 996/3681/884 995/3680/884 983/3679/884
f 985/3686/885 997/3685/885 996/3684/885 984/3683/885
f 986/3690/886 998/3689/886 997/3688/886 985/3687/886
f 987/3694/887 999/3693/887 998/3692/887 986/3691/887
f 988/3698/888 1000/3697/888 999/3696/888 987/3695/888
f 989/3702/889 1001/3701/889 1000/3700/889 988/3699/889
f 990/3706/890 1002/3705/890 1001/3704/890 989/3703/890
f 991/3710/891 1003/3709/891 1002/3708/891 990/3707/891
f 992/3714/892 1004/3713/892 1003/3712/892 991/3711/892
f 993/3718/893 1005/3717/893 1004/3716/893 992/3715/893
f 982/3722/894 994/3721/894 1005/3720/894 993/3719/894
f 995/3726/895 1007/3725/895 1006/3724/895 994/3723/895
f 996/3730/896 1008/3729/896 1007/3728/896 995/3727/896
f 997/3734/897 1009/3733/897 1008/3732/897 996/3731/897
f 998/3738/898 1010/3737/898 1009/3736/898 997/3735/898
f 999/3742/899 1011/3741/899 1010/3740/899 998/3739/899
f 1000/3746/900 1012/3745/900 1011/3744/900 999/3743/900
f 1001/3750/901 1013/3749/901 1012/3748/901 1000/3747/901
f 1002/3754/902 1014/3753/902 1013/3752/902 1001/3751/902
f 1003/3758/903 1015/3757/903 1014/3756/903 1002/3755/903
f 1004/3762/904 1016/3761/904 1015/3760/904 1003/3759/904
f 1005/3766/905 1017/3765/905 1016/3764/905 1004/3763/905
f 994/3770/906 1006/3769/906 1017/3768/906 1005/3767/906
f 1007/3774/907 1019/3773/907 1018/3772/907 1006/3771/907
f 1008/3778/908 1020/3777/908 1019/3776/908 1007/3775/908
f 1009/3782/909 1021/3781/909 1020/3780/909 1008/3779/909
f 1010/3786/910 1022/3785/910 1021/3784/910 1009/3783/910
f 1011/3790/911 1023/3789/911 1022/3788/911 1010/3787/911
f 1012/3794/912 1024/3793/912 1023/3792/912 1011/3791/912
f 1013/3798/913 1025/3797/913 1024/3796/913 1012/3795/913
f 1014/3802/914 1026/3801/914 1025/3800/914 1013/3799/914
f 1015/3806/915 1027/3805/915 1026/3804/915 1014/3803/915
f 1016/3810/916 1028/3809/916 1027/3808/916 1015/3807/916
f 1017/3814/917 1029/3813/917 1028/3812/917 1016/3811/917
f 1006/3818/918 1018/3817/918 1029/3816/918 1017/3815/918
f 1019/3822/919 1031/3821/919 1030/3820/919 1018/3819/919
f 1020/3826/920 1032/3825/920 1031/3824/920 1019/3823/920
f 1021/3830/921 1033/3829/921 1032/3828/921 1020/3827/921
f 1022/3834/922 1034/3833/922 1033/3832/922 1021/3831/922
f 1023/3838/923 1035/3837/923 1034/3836/923 1022/3835/923
f 1024/3842/924 1036/3841/924 1035/3840/924 1023/3839/924
f 1025/3846/925 1037/3845/925 1036/3844/925 1024/3843/925
f 1026/3850/926 1038/3849/926 1037/3848/926 1025/3847/926
f 1027/3854/927 1039/3853/927 1038/3852/927 1026/3851/927
f 1028/3858/928 1040/3857/928 1039/3856/928 1027/3855/928
f 1029/3862/929 1041/3861/929 1040/3860/929 1028/3859/929
f 1018/3866/930 1030/3865/930 1041/3864/930 1029/3863/930
f 1031/3870/931 901/3869/931 898/3868/931 1030/3867/931
f 1032/3874/932 903/3873/932 901/3872/932 1031/3871/932
f 1033/3878/933 905/3877/933 903/3876/933 1032/3875/933
f 1034/3882/934 907/3881/934 905/3880/934 1033/3879/934
f 1035/3886/935 909/3885/935 907/3884/935 1034/3883/935
f 1036/3890/936 911/3889/936 909/3888/936 1035/3887/936
f 1037/3894/937 913/3893/937 911/3892/937 1036/3891/937
f 1038/3898/938 915/3897/938 913/3896/938 1037/3895/938
f 1039/3902/939 917/3901/939 915/3900/939 1038/3899/939
f 1040/3906/940 919/3905/940 917/3904/940 1039/3903/940
f 1041/3910/941 921/3909/941 919/3908/941 1040/3907/941
f 1030/3914/942 898/3913/942 921/3912/942 1041/3911/942
o group151285040
g mesh151285040
usemtl mat12
f 1045/3918/943 1044/3917/943 1043/3916/943 1042/3915/943
f 1044/3922/944 1047/3921/944 1046/3920/944 1043/3919/944
f 1047/3926/945 1049/3925/945 1048/3924/945 1046/3923/945
f 1049/3930/946 1051/3929/946 1050/3928/946 1048/3927/946
f 1051/3934/947 1053/3933/947 1052/3932/947 1050/3931/947
f 1053/3938/948 1055/3937/948 1054/3936/948 1052/3935/948
f 1055/3942/949 1057/3941/949 1056/3940/949 1054/3939/949
f 1057/3946/950 1059/3945/950 1058/3944/950 1056/3943/950
f 1059/3950/951 1061/3949/951 1060/3948/951 1058/3947/951
f 1061/3954/952 1063/3953/952 1062/3952/952 1060/3951/952
f 1063/3958/953 1065/3957/953 1064/3956/953 1062/3955/953
f 1065/3962/954 1045/3961/954 1042/3960/954 1064/3959/954
f 1042/3974/955 1043/3973/955 1046/3972/955 1048/3971/955 1050/3970/955 1052/3969/955 1054/3968/955 1056/3967/955 1058/3966/955 1060/3965/955 1062/3964/955 1064/3963/955
f 1065/3986/956 1063/3985/956 1061/3984/956 1059/3983/956 1057/3982/956 1055/3981/956 1053/3980/956 1051/3979/956 1049/3978/956 1047/3977/956 1044/3976/956 1045/3975/956
o group348826956
g mesh348826956
usemtl mat23
f 1069/3990/957 1068/3989/957 1067/3988/957 1066/3987/957
f 1068/3994/958 1071/3993/958 1070/3992/958 1067/3991/958
f 1071/3998/959 1073/3997/959 1072/3996/959 1070/3995/959
f 1073/4002/960 1075/4001/960 1074/4000/960 1072/3999/960
f 1075/4006/961 1077/4005/961 1076/4004/961 1074/4003/961
f 1077/4010/962 1079/4009/962 1078/4008/962 1076/4007/962
f 1079/4014/963 1081/4013/963 1080/4012/963 1078/4011/963
f 1081/4018/964 1083/4017/964 1082/4016/964 1080/4015/964
f 1083/4022/965 1085/4021/965 1084/4020/965 1082/4019/965
f 1085/4026/966 1087/4025/966 1086/4024/966 1084/4023/966
f 1087/4030/967 1089/4029/967 1088/4028/967 1086/4027/967
f 1089/4034/968 1069/4033/968 1066/4032/968 1088/4031/968
f 1091/4038/969 1090/4037/969 1086/4036/969 1088/4035/969
f 1093/4042/970 1092/4041/970 1087/4040/970 1069/4039/970
f 1090/4046/971 1094/4045/971 1084/4044/971 1086/4043/971
f 1094/4050/972 1095/4049/972 1082/4048/972 1084/4047/972
f 1095/4054/973 1096/4053/973 1080/4052/973 1082/4051/973
f 1096/4058/974 1097/4057/974 1078/4056/974 1080/4055/974
f 1097/4062/975 1098/4061/975 1076/4060/975 1078/4059/975
f 1098/4066/976 1099/4065/976 1074/4064/976 1076/4063/976
f 1099/4070/977 1100/4069/977 1072/4068/977 1074/4067/977
f 1100/4074/978 1101/4073/978 1070/4072/978 1072/4071/978
f 1101/4078/979 1102/4077/979 1067/4076/979 1070/4075/979
f 1102/4082/980 1103/4081/980 1066/4080/980 1067/4079/980
f 1103/4086/981 1091/4085/981 1088/4084/981 1066/4083/981
f 1103/4098/982 1102/4097/982 1101/4096/982 1100/4095/982 1099/4094/982 1098/4093/982 1097/4092/982 1096/4091/982 1095/4090/982 1094/4089/982 1090/4088/982 1091/4087/982
f 1087/4106/983 1085/4105/983 1081/4104/983 1079/4103/983 1075/4102/983 1073/4101/983 1068/4100/983 1069/4099/983
f 1105/4110/984 1104/4109/984 1071/4108/984 1068/4107/984
f 1107/4114/985 1106/4113/985 1077/4112/985 1075/4111/985
f 1109/4118/986 1108/4117/986 1083/4116/986 1081/4115/986
f 1092/4122/987 1110/4121/987 1089/4120/987 1087/4119/987
f 1110/4126/988 1093/4125/988 1069/4124/988 1089/4123/988
f 1110/4129/989 1092/4128/989 1093/4127/989
f 1104/4133/990 1111/4132/990 1073/4131/990 1071/4130/990
f 1111/4137/991 1105/4136/991 1068/4135/991 1073/4134/991
f 1111/4140/992 1104/4139/992 1105/4138/992
f 1106/4144/993 1112/4143/993 1079/4142/993 1077/4141/993
f 1112/4148/994 1107/4147/994 1075/4146/994 1079/4145/994
f 1112/4151/995 1106/4150/995 1107/4149/995
f 1108/4155/996 1113/4154/996 1085/4153/996 1083/4152/996
f 1113/4159/997 1109/4158/997 1081/4157/997 1085/4156/997
f 1113/4162/998 1108/4161/998 1109/4160/998
o group863054246
g mesh863054246
usemtl mat23
f 1141/4234/1013 1140/4233/1013 1139/4232/1013 1138/4231/1013
f 1140/4238/1014 1143/4237/1014 1142/4236/1014 1139/4235/1014
f 1143/4242/1015 1145/4241/1015 1144/4240/1015 1142/4239/1015
f 1145/4246/1016 1147/4245/1016 1146/4244/1016 1144/4243/1016
f 1147/4250/1017 1149/4249/1017 1148/4248/1017 1146/4247/1017
f 1149/4254/1018 1151/4253/1018 1150/4252/1018 1148/4251/1018
f 1151/4258/1019 1153/4257/1019 1152/4256/1019 1150/4255/1019
f 1153/4262/1020 1155/4261/1020 1154/4260/1020 1152/4259/1020
f 1155/4266/1021 1157/4265/1021 1156/4264/1021 1154/4263/1021
f 1157/4270/1022 1159/4269/1022 1158/4268/1022 1156/4267/1022
f 1159/4274/1023 1161/4273/1023 1160/4272/1023 1158/4271/1023
f 1161/4278/1024 1141/4277/1024 1138/4276/1024 1160/4275/1024
f 1138/4290/1025 1139/4289/1025 1142/4288/1025 1144/4287/1025 1146/4286/1025 1148/4285/1025 1150/4284/1025 1152/4283/1025 1154/4282/1025 1156/4281/1025 1158/4280/1025 1160/4279/1025
f 1161/4302/1026 1159/4301/1026 1157/4300/1026 1155/4299/1026 1153/4298/1026 1151/4297/1026 1149/4296/1026 1147/4295/1026 1145/4294/1026 1143/4293/1026 1140/4292/1026 1141/4291/1026
o group1668508781
g mesh1668508781
usemtl mat23
f 1164/4305/1027 1163/4304/1027 1162/4303/1027
f 1163/4308/1028 1165/4307/1028 1162/4306/1028
f 1165/4311/1029 1166/4310/1029 1162/4309/1029
f 1166/4314/1030 1167/4313/1030 1162/4312/1030
f 1167/4317/1031 1168/4316/1031 1162/4315/1031
f 1168/4320/1032 1169/4319/1032 1162/4318/1032
f 1169/4323/1033 1170/4322/1033 1162/4321/1033
f 1170/4326/1034 1171/4325/1034 1162/4324/1034
f 1171/4329/1035 1172/4328/1035 1162/4327/1035
f 1172/4332/1036 1173/4331/1036 1162/4330/1036
f 1173/4335/1037 1174/4334/1037 1162/4333/1037
f 1174/4338/1038 1164/4337/1038 1162/4336/1038
f 1176/4342/1039 1175/4341/1039 1163/4340/1039 1164/4339/1039
f 1175/4346/1040 1177/4345/1040 1165/4344/1040 1163/4343/1040
f 1177/4350/1041 1178/4349/1041 1166/4348/1041 1165/4347/1041
f 1178/4354/1042 1179/4353/1042 1167/4352/1042 1166/4351/1042
f 1179/4358/1043 1180/4357/1043 1168/4356/1043 1167/4355/1043
f 1180/4362/1044 1181/4361/1044 1169/4360/1044 1168/4359/1044
f 1181/4366/1045 1182/4365/1045 1170/4364/1045 1169/4363/1045
f 1182/4370/1046 1183/4369/1046 1171/4368/1046 1170/4367/1046
f 1183/4374/1047 1184/4373/1047 1172/4372/1047 1171/4371/1047
f 1184/4378/1048 1185/4377/1048 1173/4376/1048 1172/4375/1048
f 1185/4382/1049 1186/4381/1049 1174/4380/1049 1173/4379/1049
f 1186/4386/1050 1176/4385/1050 1164/4384/1050 1174/4383/1050
f 1188/4390/1051 1187/4389/1051 1175/4388/1051 1176/4387/1051
f 1187/4394/1052 1189/4393/1052 1177/4392/1052 1175/4391/1052
f 1189/4398/1053 1190/4397/1053 1178/4396/1053 1177/4395/1053
f 1190/4402/1054 1191/4401/1054 1179/4400/1054 1178/4399/1054
f 1191/4406/1055 1192/4405/1055 1180/4404/1055 1179/4403/1055
f 1192/4410/1056 1193/4409/1056 1181/4408/1056 1180/4407/1056
f 1193/4414/1057 1194/4413/1057 1182/4412/1057 1181/4411/1057
f 1194/4418/1058 1195/4417/1058 1183/4416/1058 1182/4415/1058
f 1195/4422/1059 1196/4421/1059 1184/4420/1059 1183/4419/1059
f 1196/4426/1060 1197/4425/1060 1185/4424/1060 1184/4423/1060
f 1197/4430/1061 1198/4429/1061 1186/4428/1061 1185/4427/1061
f 1198/4434/1062 1188/4433/1062 1176/4432/1062 1186/4431/1062
f 1200/4438/1063 1199/4437/1063 1187/4436/1063 1188/4435/1063
f 1199/4442/1064 1201/4441/1064 1189/4440/1064 1187/4439/1064
f 1201/4446/1065 1202/4445/1065 1190/4444/1065 1189/4443/1065
f 1202/4450/1066 1203/4449/1066 1191/4448/1066 1190/4447/1066
f 1203/4454/1067 1204/4453/1067 1192/4452/1067 1191/4451/1067
f 1204/4458/1068 1205/4457/1068 1193/4456/1068 1192/4455/1068
f 1205/4462/1069 1206/4461/1069 1194/4460/1069 1193/4459/1069
f 1206/4466/1070 1207/4465/1070 1195/4464/1070 1194/4463/1070
f 1207/4470/1071 1208/4469/1071 1196/4468/1071 1195/4467/1071
f 1208/4474/1072 1209/4473/1072 1197/4472/1072 1196/4471/1072
f 1209/4478/1073 1210/4477/1073 1198/4476/1073 1197/4475/1073
f 1210/4482/1074 1200/4481/1074 1188/4480/1074 1198/4479/1074
f 1212/4486/1075 1211/4485/1075 1199/4484/1075 1200/4483/1075
f 1211/4490/1076 1213/4489/1076 1201/4488/1076 1199/4487/1076
f 1213/4494/1077 1214/4493/1077 1202/4492/1077 1201/4491/1077
f 1214/4498/1078 1215/4497/1078 1203/4496/1078 1202/4495/1078
f 1215/4502/1079 1216/4501/1079 1204/4500/1079 1203/4499/1079
f 1216/4506/1080 1217/4505/1080 1205/4504/1080 1204/4503/1080
f 1217/4510/1081 1218/4509/1081 1206/4508/1081 1205/4507/1081
f 1218/4514/1082 1219/4513/1082 1207/4512/1082 1206/4511/1082
f 1219/4518/1083 1220/4517/1083 1208/4516/1083 1207/4515/1083
f 1220/4522/1084 1221/4521/1084 1209/4520/1084 1208/4519/1084
f 1221/4526/1085 1222/4525/1085 1210/4524/1085 1209/4523/1085
f 1222/4530/1086 1212/4529/1086 1200/4528/1086 1210/4527/1086
f 1224/4534/1087 1223/4533/1087 1211/4532/1087 1212/4531/1087
f 1223/4538/1088 1225/4537/1088 1213/4536/1088 1211/4535/1088
f 1225/4542/1089 1226/4541/1089 1214/4540/1089 1213/4539/1089
f 1226/4546/1090 1227/4545/1090 1215/4544/1090 1214/4543/1090
f 1227/4550/1091 1228/4549/1091 1216/4548/1091 1215/4547/1091
f 1228/4554/1092 1229/4553/1092 1217/4552/1092 1216/4551/1092
f 1229/4558/1093 1230/4557/1093 1218/4556/1093 1217/4555/1093
f 1230/4562/1094 1231/4561/1094 1219/4560/1094 1218/4559/1094
f 1231/4566/1095 1232/4565/1095 1220/4564/1095 1219/4563/1095
f 1232/4570/1096 1233/4569/1096 1221/4568/1096 1220/4567/1096
f 1233/4574/1097 1234/4573/1097 1222/4572/1097 1221/4571/1097
f 1234/4578/1098 1224/4577/1098 1212/4576/1098 1222/4575/1098
f 1236/4582/1099 1235/4581/1099 1223/4580/1099 1224/4579/1099
f 1235/4586/1100 1237/4585/1100 1225/4584/1100 1223/4583/1100
f 1237/4590/1101 1238/4589/1101 1226/4588/1101 1225/4587/1101
f 1238/4594/1102 1239/4593/1102 1227/4592/1102 1226/4591/1102
f 1239/4598/1103 1240/4597/1103 1228/4596/1103 1227/4595/1103
f 1240/4602/1104 1241/4601/1104 1229/4600/1104 1228/4599/1104
f 1241/4606/1105 1242/4605/1105 1230/4604/1105 1229/4603/1105
f 1242/4610/1106 1243/4609/1106 1231/4608/1106 1230/4607/1106
f 1243/4614/1107 1244/4613/1107 1232/4612/1107 1231/4611/1107
f 1244/4618/1108 1245/4617/1108 1233/4616/1108 1232/4615/1108
f 1245/4622/1109 1246/4621/1109 1234/4620/1109 1233/4619/1109
f 1246/4626/1110 1236/4625/1110 1224/4624/1110 1234/4623/1110
f 1248/4630/1111 1247/4629/1111 1235/4628/1111 1236/4627/1111
f 1247/4634/1112 1249/4633/1112 1237/4632/1112 1235/4631/1112
f 1249/4638/1113 1250/4637/1113 1238/4636/1113 1237/4635/1113
f 1250/4642/1114 1251/4641/1114 1239/4640/1114 1238/4639/1114
f 1251/4646/1115 1252/4645/1115 1240/4644/1115 1239/4643/1115
f 1252/4650/1116 1253/4649/1116 1241/4648/1116 1240/4647/1116
f 1253/4654/1117 1254/4653/1117 1242/4652/1117 1241/4651/1117
f 1254/4658/1118 1255/4657/1118 1243/4656/1118 1242/4655/1118
f 1255/4662/1119 1256/4661/1119 1244/4660/1119 1243/4659/1119
f 1256/4666/1120 1257/4665/1120 1245/4664/1120 1244/4663/1120
f 1257/4670/1121 1258/4669/1121 1246/4668/1121 1245/4667/1121
f 1258/4674/1122 1248/4673/1122 1236/4672/1122 1246/4671/1122
f 1259/4677/1123 1247/4676/1123 1248/4675/1123
f 1259/4680/1124 1249/4679/1124 1247/4678/1124
f 1259/4683/1125 1250/4682/1125 1249/4681/1125
f 1259/4686/1126 1251/4685/1126 1250/4684/1126
f 1259/4689/1127 1252/4688/1127 1251/4687/1127
f 1259/4692/1128 1253/4691/1128 1252/4690/1128
f 1259/4695/1129 1254/4694/1129 1253/4693/1129
f 1259/4698/1130 1255/4697/1130 1254/4696/1130
f 1259/4701/1131 1256/4700/1131 1255/4699/1131
f 1259/4704/1132 1257/4703/1132 1256/4702/1132
f 1259/4707/1133 1258/4706/1133 1257/4705/1133
f 1259/4710/1134 1248/4709/1134 1258/4708/1134
o group778383123
g mesh778383123
usemtl mat15
f 1263/4714/1135 1262/4713/1135 1261/4712/1135 1260/4711/1135
f 1262/4718/1136 1265/4717/1136 1264/4716/1136 1261/4715/1136
f 1265/4722/1137 1267/4721/1137 1266/4720/1137 1264/4719/1137
f 1267/4726/1138 1269/4725/1138 1268/4724/1138 1266/4723/1138
f 1269/4730/1139 1271/4729/1139 1270/4728/1139 1268/4727/1139
f 1271/4734/1140 1273/4733/1140 1272/4732/1140 1270/4731/1140
f 1273/4738/1141 1275/4737/1141 1274/4736/1141 1272/4735/1141
f 1275/4742/1142 1277/4741/1142 1276/4740/1142 1274/4739/1142
f 1277/4746/1143 1279/4745/1143 1278/4744/1143 1276/4743/1143
f 1279/4750/1144 1281/4749/1144 1280/4748/1144 1278/4747/1144
f 1281/4754/1145 1283/4753/1145 1282/4752/1145 1280/4751/1145
f 1283/4758/1146 1263/4757/1146 1260/4756/1146 1282/4755/1146
f 1260/4770/1147 1261/4769/1147 1264/4768/1147 1266/4767/1147 1268/4766/1147 1270/4765/1147 1272/4764/1147 1274/4763/1147 1276/4762/1147 1278/4761/1147 1280/4760/1147 1282/4759/1147
f 1283/4782/1148 1281/4781/1148 1279/4780/1148 1277/4779/1148 1275/4778/1148 1273/4777/1148 1271/4776/1148 1269/4775/1148 1267/4774/1148 1265/4773/1148 1262/4772/1148 1263/4771/1148
o group1281336645
g mesh1281336645
usemtl mat15
f 1287/4786/1149 1286/4785/1149 1285/4784/1149 1284/4783/1149
f 1286/4790/1150 1289/4789/1150 1288/4788/1150 1285/4787/1150
f 1289/4794/1151 1291/4793/1151 1290/4792/1151 1288/4791/1151
f 1291/4798/1152 1293/4797/1152 1292/4796/1152 1290/4795/1152
f 1293/4802/1153 1295/4801/1153 1294/4800/1153 1292/4799/1153
f 1295/4806/1154 1297/4805/1154 1296/4804/1154 1294/4803/1154
f 1297/4810/1155 1299/4809/1155 1298/4808/1155 1296/4807/1155
f 1299/4814/1156 1301/4813/1156 1300/4812/1156 1298/4811/1156
f 1301/4818/1157 1303/4817/1157 1302/4816/1157 1300/4815/1157
f 1303/4822/1158 1305/4821/1158 1304/4820/1158 1302/4819/1158
f 1305/4826/1159 1307/4825/1159 1306/4824/1159 1304/4823/1159
f 1307/4830/1160 1287/4829/1160 1284/4828/1160 1306/4827/1160
f 1284/4842/1161 1285/4841/1161 1288/4840/1161 1290/4839/1161 1292/4838/1161 1294/4837/1161 1296/4836/1161 1298/4835/1161 1300/4834/1161 1302/4833/1161 1304/4832/1161 1306/4831/1161
f 1307/4854/1162 1305/4853/1162 1303/4852/1162 1301/4851/1162 1299/4850/1162 1297/4849/1162 1295/4848/1162 1293/4847/1162 1291/4846/1162 1289/4845/1162 1286/4844/1162 1287/4843/1162
o group1602751470
g mesh1602751470
usemtl mat15
f 1311/4858/1163 1310/4857/1163 1309/4856/1163 1308/4855/1163
f 1310/4862/1164 1313/4861/1164 1312/4860/1164 1309/4859/1164
f 1313/4866/1165 1315/4865/1165 1314/4864/1165 1312/4863/1165
f 1315/4870/1166 1317/4869/1166 1316/4868/1166 1314/4867/1166
f 1317/4874/1167 1319/4873/1167 1318/4872/1167 1316/4871/1167
f 1319/4878/1168 1321/4877/1168 1320/4876/1168 1318/4875/1168
f 1321/4882/1169 1323/4881/1169 1322/4880/1169 1320/4879/1169
f 1323/4886/1170 1325/4885/1170 1324/4884/1170 1322/4883/1170
f 1325/4890/1171 1327/4889/1171 1326/4888/1171 1324/4887/1171
f 1327/4894/1172 1329/4893/1172 1328/4892/1172 1326/4891/1172
f 1329/4898/1173 1331/4897/1173 1330/4896/1173 1328/4895/1173
f 1331/4902/1174 1311/4901/1174 1308/4900/1174 1330/4899/1174
f 1308/4914/1175 1309/4913/1175 1312/4912/1175 1314/4911/1175 1316/4910/1175 1318/4909/1175 1320/4908/1175 1322/4907/1175 1324/4906/1175 1326/4905/1175 1328/4904/1175 1330/4903/1175
f 1331/4926/1176 1329/4925/1176 1327/4924/1176 1325/4923/1176 1323/4922/1176 1321/4921/1176 1319/4920/1176 1317/4919/1176 1315/4918/1176 1313/4917/1176 1310/4916/1176 1311/4915/1176
o group13674214
g mesh13674214
usemtl mat15
f 1335/4930/1177 1334/4929/1177 1333/4928/1177 1332/4927/1177
f 1337/4934/1178 1336/4933/1178 1334/4932/1178 1335/4931/1178
f 1339/4938/1179 1338/4937/1179 1336/4936/1179 1337/4935/1179
f 1341/4942/1180 1340/4941/1180 1338/4940/1180 1339/4939/1180
f 1343/4946/1181 1342/4945/1181 1340/4944/1181 1341/4943/1181
f 1345/4950/1182 1344/4949/1182 1342/4948/1182 1343/4947/1182
f 1347/4954/1183 1346/4953/1183 1344/4952/1183 1345/4951/1183
f 1349/4958/1184 1348/4957/1184 1346/4956/1184 1347/4955/1184
f 1351/4962/1185 1350/4961/1185 1348/4960/1185 1349/4959/1185
f 1353/4966/1186 1352/4965/1186 1350/4964/1186 1351/4963/1186
f 1355/4970/1187 1354/4969/1187 1352/4968/1187 1353/4967/1187
f 1332/4974/1188 1333/4973/1188 1354/4972/1188 1355/4971/1188
f 1334/4978/1189 1357/4977/1189 1356/4976/1189 1333/4975/1189
f 1336/4982/1190 1358/4981/1190 1357/4980/1190 1334/4979/1190
f 1338/4986/1191 1359/4985/1191 1358/4984/1191 1336/4983/1191
f 1340/4990/1192 1360/4989/1192 1359/4988/1192 1338/4987/1192
f 1342/4994/1193 1361/4993/1193 1360/4992/1193 1340/4991/1193
f 1344/4998/1194 1362/4997/1194 1361/4996/1194 1342/4995/1194
f 1346/5002/1195 1363/5001/1195 1362/5000/1195 1344/4999/1195
f 1348/5006/1196 1364/5005/1196 1363/5004/1196 1346/5003/1196
f 1350/5010/1197 1365/5009/1197 1364/5008/1197 1348/5007/1197
f 1352/5014/1198 1366/5013/1198 1365/5012/1198 1350/5011/1198
f 1354/5018/1199 1367/5017/1199 1366/5016/1199 1352/5015/1199
f 1333/5022/1200 1356/5021/1200 1367/5020/1200 1354/5019/1200
f 1357/5026/1201 1369/5025/1201 1368/5024/1201 1356/5023/1201
f 1358/5030/1202 1370/5029/1202 1369/5028/1202 1357/5027/1202
f 1359/5034/1203 1371/5033/1203 1370/5032/1203 1358/5031/1203
f 1360/5038/1204 1372/5037/1204 1371/5036/1204 1359/5035/1204
f 1361/5042/1205 1373/5041/1205 1372/5040/1205 1360/5039/1205
f 1362/5046/1206 1374/5045/1206 1373/5044/1206 1361/5043/1206
f 1363/5050/1207 1375/5049/1207 1374/5048/1207 1362/5047/1207
f 1364/5054/1208 1376/5053/1208 1375/5052/1208 1363/5051/1208
f 1365/5058/1209 1377/5057/1209 1376/5056/1209 1364/5055/1209
f 1366/5062/1210 1378/5061/1210 1377/5060/1210 1365/5059/1210
f 1367/5066/1211 1379/5065/1211 1378/5064/1211 1366/5063/1211
f 1356/5070/1212 1368/5069/1212 1379/5068/1212 1367/5067/1212
f 1369/5074/1213 1381/5073/1213 1380/5072/1213 1368/5071/1213
f 1370/5078/1214 1382/5077/1214 1381/5076/1214 1369/5075/1214
f 1371/5082/1215 1383/5081/1215 1382/5080/1215 1370/5079/1215
f 1372/5086/1216 1384/5085/1216 1383/5084/1216 1371/5083/1216
f 1373/5090/1217 1385/5089/1217 1384/5088/1217 1372/5087/1217
f 1374/5094/1218 1386/5093/1218 1385/5092/1218 1373/5091/1218
f 1375/5098/1219 1387/5097/1219 1386/5096/1219 1374/5095/1219
f 1376/5102/1220 1388/5101/1220 1387/5100/1220 1375/5099/1220
f 1377/5106/1221 1389/5105/1221 1388/5104/1221 1376/5103/1221
f 1378/5110/1222 1390/5109/1222 1389/5108/1222 1377/5107/1222
f 1379/5114/1223 1391/5113/1223 1390/5112/1223 1378/5111/1223
f 1368/5118/1224 1380/5117/1224 1391/5116/1224 1379/5115/1224
f 1381/5122/1225 1393/5121/1225 1392/5120/1225 1380/5119/1225
f 1382/5126/1226 1394/5125/1226 1393/5124/1226 1381/5123/1226
f 1383/5130/1227 1395/5129/1227 1394/5128/1227 1382/5127/1227
f 1384/5134/1228 1396/5133/1228 1395/5132/1228 1383/5131/1228
f 1385/5138/1229 1397/5137/1229 1396/5136/1229 1384/5135/1229
f 1386/5142/1230 1398/5141/1230 1397/5140/1230 1385/5139/1230
f 1387/5146/1231 1399/5145/1231 1398/5144/1231 1386/5143/1231
f 1388/5150/1232 1400/5149/1232 1399/5148/1232 1387/5147/1232
f 1389/5154/1233 1401/5153/1233 1400/5152/1233 1388/5151/1233
f 1390/5158/1234 1402/5157/1234 1401/5156/1234 1389/5155/1234
f 1391/5162/1235 1403/5161/1235 1402/5160/1235 1390/5159/1235
f 1380/5166/1236 1392/5165/1236 1403/5164/1236 1391/5163/1236
f 1393/5170/1237 1405/5169/1237 1404/5168/1237 1392/5167/1237
f 1394/5174/1238 1406/5173/1238 1405/5172/1238 1393/5171/1238
f 1395/5178/1239 1407/5177/1239 1406/5176/1239 1394/5175/1239
f 1396/5182/1240 1408/5181/1240 1407/5180/1240 1395/5179/1240
f 1397/5186/1241 1409/5185/1241 1408/5184/1241 1396/5183/1241
f 1398/5190/1242 1410/5189/1242 1409/5188/1242 1397/5187/1242
f 1399/5194/1243 1411/5193/1243 1410/5192/1243 1398/5191/1243
f 1400/5198/1244 1412/5197/1244 1411/5196/1244 1399/5195/1244
f 1401/5202/1245 1413/5201/1245 1412/5200/1245 1400/5199/1245
f 1402/5206/1246 1414/5205/1246 1413/5204/1246 1401/5203/1246
f 1403/5210/1247 1415/5209/1247 1414/5208/1247 1402/5207/1247
f 1392/5214/1248 1404/5213/1248 1415/5212/1248 1403/5211/1248
f 1405/5218/1249 1417/5217/1249 1416/5216/1249 1404/5215/1249
f 1406/5222/1250 1418/5221/1250 1417/5220/1250 1405/5219/1250
f 1407/5226/1251 1419/5225/1251 1418/5224/1251 1406/5223/1251
f 1408/5230/1252 1420/5229/1252 1419/5228/1252 1407/5227/1252
f 1409/5234/1253 1421/5233/1253 1420/5232/1253 1408/5231/1253
f 1410/5238/1254 1422/5237/1254 1421/5236/1254 1409/5235/1254
f 1411/5242/1255 1423/5241/1255 1422/5240/1255 1410/5239/1255
f 1412/5246/1256 1424/5245/1256 1423/5244/1256 1411/5243/1256
f 1413/5250/1257 1425/5249/1257 1424/5248/1257 1412/5247/1257
f 1414/5254/1258 1426/5253/1258 1425/5252/1258 1413/5251/1258
f 1415/5258/1259 1427/5257/1259 1426/5256/1259 1414/5255/1259
f 1404/5262/1260 1416/5261/1260 1427/5260/1260 1415/5259/1260
f 1417/5266/1261 1429/5265/1261 1428/5264/1261 1416/5263/1261
f 1418/5270/1262 1430/5269/1262 1429/5268/1262 1417/5267/1262
f 1419/5274/1263 1431/5273/1263 1430/5272/1263 1418/5271/1263
f 1420/5278/1264 1432/5277/1264 1431/5276/1264 1419/5275/1264
f 1421/5282/1265 1433/5281/1265 1432/5280/1265 1420/5279/1265
f 1422/5286/1266 1434/5285/1266 1433/5284/1266 1421/5283/1266
f 1423/5290/1267 1435/5289/1267 1434/5288/1267 1422/5287/1267
f 1424/5294/1268 1436/5293/1268 1435/5292/1268 1423/5291/1268
f 1425/5298/1269 1437/5297/1269 1436/5296/1269 1424/5295/1269
f 1426/5302/1270 1438/5301/1270 1437/5300/1270 1425/5299/1270
f 1427/5306/1271 1439/5305/1271 1438/5304/1271 1426/5303/1271
f 1416/5310/1272 1428/5309/1272 1439/5308/1272 1427/5307/1272
f 1429/5314/1273 1441/5313/1273 1440/5312/1273 1428/5311/1273
f 1430/5318/1274 1442/5317/1274 1441/5316/1274 1429/5315/1274
f 1431/5322/1275 1443/5321/1275 1442/5320/1275 1430/5319/1275
f 1432/5326/1276 1444/5325/1276 1443/5324/1276 1431/5323/1276
f 1433/5330/1277 1445/5329/1277 1444/5328/1277 1432/5327/1277
f 1434/5334/1278 1446/5333/1278 1445/5332/1278 1433/5331/1278
f 1435/5338/1279 1447/5337/1279 1446/5336/1279 1434/5335/1279
f 1436/5342/1280 1448/5341/1280 1447/5340/1280 1435/5339/1280
f 1437/5346/1281 1449/5345/1281 1448/5344/1281 1436/5343/1281
f 1438/5350/1282 1450/5349/1282 1449/5348/1282 1437/5347/1282
f 1439/5354/1283 1451/5353/1283 1450/5352/1283 1438/5351/1283
f 1428/5358/1284 1440/5357/1284 1451/5356/1284 1439/5355/1284
f 1441/5362/1285 1453/5361/1285 1452/5360/1285 1440/5359/1285
f 1442/5366/1286 1454/5365/1286 1453/5364/1286 1441/5363/1286
f 1443/5370/1287 1455/5369/1287 1454/5368/1287 1442/5367/1287
f 1444/5374/1288 1456/5373/1288 1455/5372/1288 1443/5371/1288
f 1445/5378/1289 1457/5377/1289 1456/5376/1289 1444/5375/1289
f 1446/5382/1290 1458/5381/1290 1457/5380/1290 1445/5379/1290
f 1447/5386/1291 1459/5385/1291 1458/5384/1291 1446/5383/1291
f 1448/5390/1292 1460/5389/1292 1459/5388/1292 1447/5387/1292
f 1449/5394/1293 1461/5393/1293 1460/5392/1293 1448/5391/1293
f 1450/5398/1294 1462/5397/1294 1461/5396/1294 1449/5395/1294
f 1451/5402/1295 1463/5401/1295 1462/5400/1295 1450/5399/1295
f 1440/5406/1296 1452/5405/1296 1463/5404/1296 1451/5403/1296
f 1453/5410/1297 1465/5409/1297 1464/5408/1297 1452/5407/1297
f 1454/5414/1298 1466/5413/1298 1465/5412/1298 1453/5411/1298
f 1455/5418/1299 1467/5417/1299 1466/5416/1299 1454/5415/1299
f 1456/5422/1300 1468/5421/1300 1467/5420/1300 1455/5419/1300
f 1457/5426/1301 1469/5425/1301 1468/5424/1301 1456/5423/1301
f 1458/5430/1302 1470/5429/1302 1469/5428/1302 1457/5427/1302
f 1459/5434/1303 1471/5433/1303 1470/5432/1303 1458/5431/1303
f 1460/5438/1304 1472/5437/1304 1471/5436/1304 1459/5435/1304
f 1461/5442/1305 1473/5441/1305 1472/5440/1305 1460/5439/1305
f 1462/5446/1306 1474/5445/1306 1473/5444/1306 1461/5443/1306
f 1463/5450/1307 1475/5449/1307 1474/5448/1307 1462/5447/1307
f 1452/5454/1308 1464/5453/1308 1475/5452/1308 1463/5451/1308
f 1465/5458/1309 1335/5457/1309 1332/5456/1309 1464/5455/1309
f 1466/5462/1310 1337/5461/1310 1335/5460/1310 1465/5459/1310
f 1467/5466/1311 1339/5465/1311 1337/5464/1311 1466/5463/1311
f 1468/5470/1312 1341/5469/1312 1339/5468/1312 1467/5467/1312
f 1469/5474/1313 1343/5473/1313 1341/5472/1313 1468/5471/1313
f 1470/5478/1314 1345/5477/1314 1343/5476/1314 1469/5475/1314
f 1471/5482/1315 1347/5481/1315 1345/5480/1315 1470/5479/1315
f 1472/5486/1316 1349/5485/1316 1347/5484/1316 1471/5483/1316
f 1473/5490/1317 1351/5489/1317 1349/5488/1317 1472/5487/1317
f 1474/5494/1318 1353/5493/1318 1351/5492/1318 1473/5491/1318
f 1475/5498/1319 1355/5497/1319 1353/5496/1319 1474/5495/1319
f 1464/5502/1320 1332/5501/1320 1355/5500/1320 1475/5499/1320
o group1623462928
g mesh1623462928
usemtl mat15
f 1479/5506/1321 1478/5505/1321 1477/5504/1321 1476/5503/1321
f 1481/5510/1322 1480/5509/1322 1478/5508/1322 1479/5507/1322
f 1483/5514/1323 1482/5513/1323 1480/5512/1323 1481/5511/1323
f 1485/5518/1324 1484/5517/1324 1482/5516/1324 1483/5515/1324
f 1487/5522/1325 1486/5521/1325 1484/5520/1325 1485/5519/1325
f 1489/5526/1326 1488/5525/1326 1486/5524/1326 1487/5523/1326
f 1491/5530/1327 1490/5529/1327 1488/5528/1327 1489/5527/1327
f 1493/5534/1328 1492/5533/1328 1490/5532/1328 1491/5531/1328
f 1495/5538/1329 1494/5537/1329 1492/5536/1329 1493/5535/1329
f 1497/5542/1330 1496/5541/1330 1494/5540/1330 1495/5539/1330
f 1499/5546/1331 1498/5545/1331 1496/5544/1331 1497/5543/1331
f 1476/5550/1332 1477/5549/1332 1498/5548/1332 1499/5547/1332
f 1478/5554/1333 1501/5553/1333 1500/5552/1333 1477/5551/1333
f 1480/5558/1334 1502/5557/1334 1501/5556/1334 1478/5555/1334
f 1482/5562/1335 1503/5561/1335 1502/5560/1335 1480/5559/1335
f 1484/5566/1336 1504/5565/1336 1503/5564/1336 1482/5563/1336
f 1486/5570/1337 1505/5569/1337 1504/5568/1337 1484/5567/1337
f 1488/5574/1338 1506/5573/1338 1505/5572/1338 1486/5571/1338
f 1490/5578/1339 1507/5577/1339 1506/5576/1339 1488/5575/1339
f 1492/5582/1340 1508/5581/1340 1507/5580/1340 1490/5579/1340
f 1494/5586/1341 1509/5585/1341 1508/5584/1341 1492/5583/1341
f 1496/5590/1342 1510/5589/1342 1509/5588/1342 1494/5587/1342
f 1498/5594/1343 1511/5593/1343 1510/5592/1343 1496/5591/1343
f 1477/5598/1344 1500/5597/1344 1511/5596/1344 1498/5595/1344
f 1501/5602/1345 1513/5601/1345 1512/5600/1345 1500/5599/1345
f 1502/5606/1346 1514/5605/1346 1513/5604/1346 1501/5603/1346
f 1503/5610/1347 1515/5609/1347 1514/5608/1347 1502/5607/1347
f 1504/5614/1348 1516/5613/1348 1515/5612/1348 1503/5611/1348
f 1505/5618/1349 1517/5617/1349 1516/5616/1349 1504/5615/1349
f 1506/5622/1350 1518/5621/1350 1517/5620/1350 1505/5619/1350
f 1507/5626/1351 1519/5625/1351 1518/5624/1351 1506/5623/1351
f 1508/5630/1352 1520/5629/1352 1519/5628/1352 1507/5627/1352
f 1509/5634/1353 1521/5633/1353 1520/5632/1353 1508/5631/1353
f 1510/5638/1354 1522/5637/1354 1521/5636/1354 1509/5635/1354
f 1511/5642/1355 1523/5641/1355 1522/5640/1355 1510/5639/1355
f 1500/5646/1356 1512/5645/1356 1523/5644/1356 1511/5643/1356
f 1513/5650/1357 1525/5649/1357 1524/5648/1357 1512/5647/1357
f 1514/5654/1358 1526/5653/1358 1525/5652/1358 1513/5651/1358
f 1515/5658/1359 1527/5657/1359 1526/5656/1359 1514/5655/1359
f 1516/5662/1360 1528/5661/1360 1527/5660/1360 1515/5659/1360
f 1517/5666/1361 1529/5665/1361 1528/5664/1361 1516/5663/1361
f 1518/5670/1362 1530/5669/1362 1529/5668/1362 1517/5667/1362
f 1519/5674/1363 1531/5673/1363 1530/5672/1363 1518/5671/1363
f 1520/5678/1364 1532/5677/1364 1531/5676/1364 1519/5675/1364
f 1521/5682/1365 1533/5681/1365 1532/5680/1365 1520/5679/1365
f 1522/5686/1366 1534/5685/1366 1533/5684/1366 1521/5683/1366
f 1523/5690/1367 1535/5689/1367 1534/5688/1367 1522/5687/1367
f 1512/5694/1368 1524/5693/1368 1535/5692/1368 1523/5691/1368
f 1525/5698/1369 1537/5697/1369 1536/5696/1369 1524/5695/1369
f 1526/5702/1370 1538/5701/1370 1537/5700/1370 1525/5699/1370
f 1527/5706/1371 1539/5705/1371 1538/5704/1371 1526/5703/1371
f 1528/5710/1372 1540/5709/1372 1539/5708/1372 1527/5707/1372
f 1529/5714/1373 1541/5713/1373 1540/5712/1373 1528/5711/1373
f 1530/5718/1374 1542/5717/1374 1541/5716/1374 1529/5715/1374
f 1531/5722/1375 1543/5721/1375 1542/5720/1375 1530/5719/1375
f 1532/5726/1376 1544/5725/1376 1543/5724/1376 1531/5723/1376
f 1533/5730/1377 1545/5729/1377 1544/5728/1377 1532/5727/1377
f 1534/5734/1378 1546/5733/1378 1545/5732/1378 1533/5731/1378
f 1535/5738/1379 1547/5737/1379 1546/5736/1379 1534/5735/1379
f 1524/5742/1380 1536/5741/1380 1547/5740/1380 1535/5739/1380
f 1537/5746/1381 1549/5745/1381 1548/5744/1381 1536/5743/1381
f 1538/5750/1382 1550/5749/1382 1549/5748/1382 1537/5747/1382
f 1539/5754/1383 1551/5753/1383 1550/5752/1383 1538/5751/1383
f 1540/5758/1384 1552/5757/1384 1551/5756/1384 1539/5755/1384
f 1541/5762/1385 1553/5761/1385 1552/5760/1385 1540/5759/1385
f 1542/5766/1386 1554/5765/1386 1553/5764/1386 1541/5763/1386
f 1543/5770/1387 1555/5769/1387 1554/5768/1387 1542/5767/1387
f 1544/5774/1388 1556/5773/1388 1555/5772/1388 1543/5771/1388
f 1545/5778/1389 1557/5777/1389 1556/5776/1389 1544/5775/1389
f 1546/5782/1390 1558/5781/1390 1557/5780/1390 1545/5779/1390
f 1547/5786/1391 1559/5785/1391 1558/5784/1391 1546/5783/1391
f 1536/5790/1392 1548/5789/1392 1559/5788/1392 1547/5787/1392
f 1549/5794/1393 1561/5793/1393 1560/5792/1393 1548/5791/1393
f 1550/5798/1394 1562/5797/1394 1561/5796/1394 1549/5795/1394
f 1551/5802/1395 1563/5801/1395 1562/5800/1395 1550/5799/1395
f 1552/5806/1396 1564/5805/1396 1563/5804/1396 1551/5803/1396
f 1553/5810/1397 1565/5809/1397 1564/5808/1397 1552/5807/1397
f 1554/5814/1398 1566/5813/1398 1565/5812/1398 1553/5811/1398
f 1555/5818/1399 1567/5817/1399 1566/5816/1399 1554/5815/1399
f 1556/5822/1400 1568/5821/1400 1567/5820/1400 1555/5819/1400
f 1557/5826/1401 1569/5825/1401 1568/5824/1401 1556/5823/1401
f 1558/5830/1402 1570/5829/1402 1569/5828/1402 1557/5827/1402
f 1559/5834/1403 1571/5833/1403 1570/5832/1403 1558/5831/1403
f 1548/5838/1404 1560/5837/1404 1571/5836/1404 1559/5835/1404
f 1561/5842/1405 1573/5841/1405 1572/5840/1405 1560/5839/1405
f 1562/5846/1406 1574/5845/1406 1573/5844/1406 1561/5843/1406
f 1563/5850/1407 1575/5849/1407 1574/5848/1407 1562/5847/1407
f 1564/5854/1408 1576/5853/1408 1575/5852/1408 1563/5851/1408
f 1565/5858/1409 1577/5857/1409 1576/5856/1409 1564/5855/1409
f 1566/5862/1410 1578/5861/1410 1577/5860/1410 1565/5859/1410
f 1567/5866/1411 1579/5865/1411 1578/5864/1411 1566/5863/1411
f 1568/5870/1412 1580/5869/1412 1579/5868/1412 1567/5867/1412
f 1569/5874/1413 1581/5873/1413 1580/5872/1413 1568/5871/1413
f 1570/5878/1414 1582/5877/1414 1581/5876/1414 1569/5875/1414
f 1571/5882/1415 1583/5881/1415 1582/5880/1415 1570/5879/1415
f 1560/5886/1416 1572/5885/1416 1583/5884/1416 1571/5883/1416
f 1573/5890/1417 1585/5889/1417 1584/5888/1417 1572/5887/1417
f 1574/5894/1418 1586/5893/1418 1585/5892/1418 1573/5891/1418
f 1575/5898/1419 1587/5897/1419 1586/5896/1419 1574/5895/1419
f 1576/5902/1420 1588/5901/1420 1587/5900/1420 1575/5899/1420
f 1577/5906/1421 1589/5905/1421 1588/5904/1421 1576/5903/1421
f 1578/5910/1422 1590/5909/1422 1589/5908/1422 1577/5907/1422
f 1579/5914/1423 1591/5913/1423 1590/5912/1423 1578/5911/1423
f 1580/5918/1424 1592/5917/1424 1591/5916/1424 1579/5915/1424
f 1581/5922/1425 1593/5921/1425 1592/5920/1425 1580/5919/1425
f 1582/5926/1426 1594/5925/1426 1593/5924/1426 1581/5923/1426
f 1583/5930/1427 1595/5929/1427 1594/5928/1427 1582/5927/1427
f 1572/5934/1428 1584/5933/1428 1595/5932/1428 1583/5931/1428
f 1585/5938/1429 1597/5937/1429 1596/5936/1429 1584/5935/1429
f 1586/5942/1430 1598/5941/1430 1597/5940/1430 1585/5939/1430
f 1587/5946/1431 1599/5945/1431 1598/5944/1431 1586/5943/1431
f 1588/5950/1432 1600/5949/1432 1599/5948/1432 1587/5947/1432
f 1589/5954/1433 1601/5953/1433 1600/5952/1433 1588/5951/1433
f 1590/5958/1434 1602/5957/1434 1601/5956/1434 1589/5955/1434
f 1591/5962/1435 1603/5961/1435 1602/5960/1435 1590/5959/1435
f 1592/5966/1436 1604/5965/1436 1603/5964/1436 1591/5963/1436
f 1593/5970/1437 1605/5969/1437 1604/5968/1437 1592/5967/1437
f 1594/5974/1438 1606/5973/1438 1605/5972/1438 1593/5971/1438
f 1595/5978/1439 1607/5977/1439 1606/5976/1439 1594/5975/1439
f 1584/5982/1440 1596/5981/1440 1607/5980/1440 1595/5979/1440
f 1597/5986/1441 1609/5985/1441 1608/5984/1441 1596/5983/1441
f 1598/5990/1442 1610/5989/1442 1609/5988/1442 1597/5987/1442
f 1599/5994/1443 1611/5993/1443 1610/5992/1443 1598/5991/1443
f 1600/5998/1444 1612/5997/1444 1611/5996/1444 1599/5995/1444
f 1601/6002/1445 1613/6001/1445 1612/6000/1445 1600/5999/1445
f 1602/6006/1446 1614/6005/1446 1613/6004/1446 1601/6003/1446
f 1603/6010/1447 1615/6009/1447 1614/6008/1447 1602/6007/1447
f 1604/6014/1448 1616/6013/1448 1615/6012/1448 1603/6011/1448
f 1605/6018/1449 1617/6017/1449 1616/6016/1449 1604/6015/1449
f 1606/6022/1450 1618/6021/1450 1617/6020/1450 1605/6019/1450
f 1607/6026/1451 1619/6025/1451 1618/6024/1451 1606/6023/1451
f 1596/6030/1452 1608/6029/1452 1619/6028/1452 1607/6027/1452
f 1609/6034/1453 1479/6033/1453 1476/6032/1453 1608/6031/1453
f 1610/6038/1454 1481/6037/1454 1479/6036/1454 1609/6035/1454
f 1611/6042/1455 1483/6041/1455 1481/6040/1455 1610/6039/1455
f 1612/6046/1456 1485/6045/1456 1483/6044/1456 1611/6043/1456
f 1613/6050/1457 1487/6049/1457 1485/6048/1457 1612/6047/1457
f 1614/6054/1458 1489/6053/1458 1487/6052/1458 1613/6051/1458
f 1615/6058/1459 1491/6057/1459 1489/6056/1459 1614/6055/1459
f 1616/6062/1460 1493/6061/1460 1491/6060/1460 1615/6059/1460
f 1617/6066/1461 1495/6065/1461 1493/6064/1461 1616/6063/1461
f 1618/6070/1462 1497/6069/1462 1495/6068/1462 1617/6067/1462
f 1619/6074/1463 1499/6073/1463 1497/6072/1463 1618/6071/1463
f 1608/6078/1464 1476/6077/1464 1499/6076/1464 1619/6075/1464
o group1614095429
g mesh1614095429
usemtl mat17
f 1117/4166/999 1116/4165/999 1115/4164/999 1114/4163/999
f 1114/4170/1000 1115/4169/1000 1116/4168/1000 1117/4167/1000
o group1399485895
g mesh1399485895
usemtl mat17
f 1121/4174/1001 1120/4173/1001 1119/4172/1001 1118/4171/1001
f 1120/4178/1002 1123/4177/1002 1122/4176/1002 1119/4175/1002
f 1123/4182/1003 1125/4181/1003 1124/4180/1003 1122/4179/1003
f 1125/4186/1004 1127/4185/1004 1126/4184/1004 1124/4183/1004
f 1127/4190/1005 1129/4189/1005 1128/4188/1005 1126/4187/1005
f 1129/4194/1006 1131/4193/1006 1130/4192/1006 1128/4191/1006
f 1131/4198/1007 1133/4197/1007 1132/4196/1007 1130/4195/1007
f 1133/4202/1008 1135/4201/1008 1134/4200/1008 1132/4199/1008
f 1135/4206/1009 1137/4205/1009 1136/4204/1009 1134/4203/1009
f 1137/4210/1010 1121/4209/1010 1118/4208/1010 1136/4207/1010
f 1137/4230/1012 1135/4229/1012 1133/4228/1012 1131/4227/1012 1129/4226/1012 1127/4225/1012 1125/4224/1012 1123/4223/1012 1120/4222/1012 1121/4221/1012
usemtl mat16
f 1118/4220/1011 1119/4219/1011 1122/4218/1011 1124/4217/1011 1126/4216/1011 1128/4215/1011 1130/4214/1011 1132/4213/1011 1134/4212/1011 1136/4211/1011
